train_mae,train_r2,train_spearmanr,train_mse,train_rmse,train_mean_loss,train_sum_loss,val_mae,val_r2,val_spearmanr,val_mse,val_rmse,val_mean_loss,val_sum_loss,test_mae,test_r2,test_spearmanr,test_mse,test_rmse,test_mean_loss,test_sum_loss,timestamp,checkpoint_dir_name,done,training_iteration,trial_id,date,time_this_iter_s,time_total_s,pid,hostname,node_ip,time_since_restore,iterations_since_restore,config/model/hidden_dimension,config/model/modules/1/parameter/dropout,config/model/modules/1/times,config/optimizer/base_learning_rate
5.409999847412109,-33.09,0.0,30.260000228881836,5.5,5.408488954320639,8172.226809978485,5.320000171661377,-31.02,-0.05,29.31999969482422,5.420000076293945,5.321963881268913,1724.316297531128,5.360000133514404,-33.36,-0.03,29.670000076293945,5.449999809265137,5.3594409595301125,1736.4588708877563,1713252845,,False,1,30b58a48,2024-04-16_09-34-05,590.8718910217285,590.8718910217285,3338805,rey,131.130.125.90,590.8718910217285,1,256,0.5,3,0.001
0.8600000143051147,-0.7,0.5,1.5099999904632568,1.2300000190734863,0.8640016582057936,1305.506505548954,0.7699999809265137,-0.09,0.74,0.9900000095367432,1.0,0.7677286187255824,248.7440724670887,0.7699999809265137,-0.15,0.74,1.0,1.0,0.7700721097213251,249.50336354970932,1713253240,,False,2,30b58a48,2024-04-16_09-40-40,395.54662585258484,986.4185168743134,3338805,rey,131.130.125.90,986.4185168743134,2,256,0.5,3,0.001
0.6399999856948853,0.21,0.64,0.699999988079071,0.8399999737739563,0.6364606050053312,961.6919741630554,0.6299999952316284,0.19,0.73,0.7400000095367432,0.8600000143051147,0.6324238288733695,204.9053205549717,0.6299999952316284,0.17,0.73,0.7200000286102295,0.8500000238418579,0.6287988485929407,203.73082694411278,1713253642,,False,3,30b58a48,2024-04-16_09-47-22,401.4253144264221,1387.8438313007355,3338805,rey,131.130.125.90,1387.8438313007355,3,256,0.5,3,0.001
0.5899999737739563,0.3,0.67,0.6200000047683716,0.7900000214576721,0.5944851925442505,898.2671259343624,0.550000011920929,0.4,0.77,0.550000011920929,0.7400000095367432,0.5483142341728564,177.65381187200546,0.550000011920929,0.35,0.76,0.5600000023841858,0.75,0.5537970181968477,179.43023389577866,1713254041,,False,4,30b58a48,2024-04-16_09-54-01,399.1963005065918,1787.0401318073273,3338805,rey,131.130.125.90,1787.0401318073273,4,256,0.5,3,0.001
0.5600000023841858,0.38,0.69,0.550000011920929,0.7400000095367432,0.5609951022640117,847.6635995209217,0.6399999856948853,0.17,0.75,0.7599999904632568,0.8700000047683716,0.6437022634494451,208.55953335762024,0.6299999952316284,0.16,0.75,0.7200000286102295,0.8500000238418579,0.6314210250605772,204.580412119627,1713254438,,False,5,30b58a48,2024-04-16_10-00-38,397.23435521125793,2184.274487018585,3338805,rey,131.130.125.90,2184.274487018585,5,256,0.5,3,0.001
0.5400000214576721,0.43,0.71,0.5099999904632568,0.7099999785423279,0.5369503486637719,811.3319768309593,0.4699999988079071,0.53,0.8,0.4300000071525574,0.6600000262260437,0.4720720272557235,152.95133683085442,0.46000000834465027,0.53,0.79,0.4000000059604645,0.6399999856948853,0.4643459838849527,150.44809877872467,1713254831,,False,6,30b58a48,2024-04-16_10-07-11,393.1650445461273,2577.4395315647125,3338805,rey,131.130.125.90,2577.4395315647125,6,256,0.5,3,0.001
0.5099999904632568,0.48,0.73,0.46000000834465027,0.6800000071525574,0.5130901387556747,775.2791996598244,0.46000000834465027,0.57,0.78,0.38999998569488525,0.6200000047683716,0.45862072549852323,148.59311506152153,0.44999998807907104,0.58,0.78,0.36000001430511475,0.6000000238418579,0.4470734060914428,144.85178357362747,1713255231,,False,7,30b58a48,2024-04-16_10-13-51,399.84385776519775,2977.2833893299103,3338805,rey,131.130.125.90,2977.2833893299103,7,256,0.5,3,0.001
0.5,0.5,0.74,0.44999998807907104,0.6700000166893005,0.501327535062338,757.5059054791927,0.5199999809265137,0.52,0.81,0.4399999976158142,0.6700000166893005,0.5206908632391765,168.70383968949318,0.5199999809265137,0.51,0.81,0.4300000071525574,0.6499999761581421,0.5173722796234084,167.6286185979843,1713255630,,False,8,30b58a48,2024-04-16_10-20-30,398.94851183891296,3376.2319011688232,3338805,rey,131.130.125.90,3376.2319011688232,8,256,0.5,3,0.001
0.47999998927116394,0.54,0.76,0.4099999964237213,0.6399999856948853,0.47850166045222986,723.0160089433193,0.5400000214576721,0.44,0.82,0.5199999809265137,0.7200000286102295,0.5426170351328673,175.807919383049,0.5400000214576721,0.43,0.81,0.49000000953674316,0.699999988079071,0.5380217246251342,174.31903877854347,1713256031,,False,9,30b58a48,2024-04-16_10-27-11,400.46059012413025,3776.6924912929535,3338805,rey,131.130.125.90,3776.6924912929535,9,256,0.5,3,0.001
0.4699999988079071,0.55,0.77,0.4000000059604645,0.6299999952316284,0.46822952715313887,707.4948155283928,0.5099999904632568,0.55,0.83,0.41999998688697815,0.6499999761581421,0.5048274169733495,163.56408309936523,0.5,0.53,0.83,0.4000000059604645,0.6299999952316284,0.5042605701787972,163.3804247379303,1713256431,,False,10,30b58a48,2024-04-16_10-33-51,400.68332171440125,4177.375813007355,3338805,rey,131.130.125.90,4177.375813007355,10,256,0.5,3,0.001
0.46000000834465027,0.57,0.78,0.3799999952316284,0.6200000047683716,0.45558544441140464,688.3896065056324,0.4699999988079071,0.54,0.84,0.4300000071525574,0.6499999761581421,0.4733730301628878,153.37286177277565,0.46000000834465027,0.54,0.83,0.38999998569488525,0.6299999952316284,0.4631648609115754,150.06541493535042,1713256834,,False,11,30b58a48,2024-04-16_10-40-34,402.889004945755,4580.26481795311,3338805,rey,131.130.125.90,4580.26481795311,11,256,0.5,3,0.001
0.44999998807907104,0.59,0.79,0.36000001430511475,0.6000000238418579,0.4456286639428786,673.3449112176895,0.4300000071525574,0.56,0.82,0.4000000059604645,0.6299999952316284,0.4333496837888235,140.4052975475788,0.41999998688697815,0.59,0.81,0.36000001430511475,0.6000000238418579,0.42325061725245583,137.13319998979568,1713257238,,False,12,30b58a48,2024-04-16_10-47-18,403.4215121269226,4983.686330080032,3338805,rey,131.130.125.90,4983.686330080032,12,256,0.5,3,0.001
0.4399999976158142,0.6,0.79,0.3499999940395355,0.5899999737739563,0.4397551076921858,664.4699677228928,0.41999998688697815,0.62,0.82,0.3499999940395355,0.5899999737739563,0.41562560770982576,134.66269689798355,0.4099999964237213,0.64,0.82,0.3100000023841858,0.5600000023841858,0.4056689805454678,131.43674969673157,1713257646,,False,13,30b58a48,2024-04-16_10-54-06,408.3844726085663,5392.070802688599,3338805,rey,131.130.125.90,5392.070802688599,13,256,0.5,3,0.001
0.4399999976158142,0.61,0.8,0.3499999940395355,0.5899999737739563,0.43596073278009617,658.7366672307253,0.4000000059604645,0.66,0.84,0.3100000023841858,0.5600000023841858,0.3954898431253286,128.13870917260647,0.38999998569488525,0.68,0.84,0.2800000011920929,0.5299999713897705,0.38764183471600216,125.5959544479847,1713258048,,False,14,30b58a48,2024-04-16_11-00-48,402.35116839408875,5794.421971082687,3338805,rey,131.130.125.90,5794.421971082687,14,256,0.5,3,0.001
0.4300000071525574,0.62,0.8,0.3400000035762787,0.5799999833106995,0.4292779429553756,648.6389718055725,0.4099999964237213,0.63,0.85,0.3400000035762787,0.5799999833106995,0.411354032471592,133.27870652079582,0.4000000059604645,0.64,0.84,0.3100000023841858,0.550000011920929,0.40384507721956864,130.84580501914024,1713258454,,False,15,30b58a48,2024-04-16_11-07-34,405.2968716621399,6199.718842744827,3338805,rey,131.130.125.90,6199.718842744827,15,256,0.5,3,0.001
0.4300000071525574,0.63,0.81,0.33000001311302185,0.5799999833106995,0.42655150049928797,644.5193172544241,0.38999998569488525,0.67,0.85,0.30000001192092896,0.550000011920929,0.3857411112130424,124.98012003302574,0.3799999952316284,0.68,0.85,0.2800000011920929,0.5199999809265137,0.378919527762466,122.76992699503899,1713258853,,False,16,30b58a48,2024-04-16_11-14-13,399.25045251846313,6598.96929526329,3338805,rey,131.130.125.90,6598.96929526329,16,256,0.5,3,0.001
0.41999998688697815,0.64,0.81,0.3199999928474426,0.5699999928474426,0.419400337533711,633.7139100134373,0.3799999952316284,0.69,0.85,0.28999999165534973,0.5400000214576721,0.38332134384064026,124.19611540436745,0.3799999952316284,0.69,0.85,0.25999999046325684,0.5099999904632568,0.3767800420798637,122.07673363387585,1713259254,,False,17,30b58a48,2024-04-16_11-20-54,400.5455274581909,6999.514822721481,3338805,rey,131.130.125.90,6999.514822721481,17,256,0.5,3,0.001
0.41999998688697815,0.64,0.81,0.3199999928474426,0.5699999928474426,0.41892170021464537,632.9906890243292,0.38999998569488525,0.67,0.85,0.30000001192092896,0.550000011920929,0.3879919374982516,125.70938774943352,0.3799999952316284,0.68,0.85,0.27000001072883606,0.5199999809265137,0.38096134562367273,123.43147598206997,1713259652,,False,18,30b58a48,2024-04-16_11-27-32,398.7321662902832,7398.2469890117645,3338805,rey,131.130.125.90,7398.2469890117645,18,256,0.5,3,0.001
0.4099999964237213,0.64,0.82,0.3199999928474426,0.5600000023841858,0.41306588110901676,624.1425463557243,0.38999998569488525,0.66,0.85,0.3100000023841858,0.5600000023841858,0.39462908384976564,127.85982316732407,0.38999998569488525,0.67,0.84,0.2800000011920929,0.5299999713897705,0.38634021961946546,125.17423115670681,1713260052,,False,19,30b58a48,2024-04-16_11-34-12,399.96176958084106,7798.208758592606,3338805,rey,131.130.125.90,7798.208758592606,19,256,0.5,3,0.001
0.4099999964237213,0.65,0.82,0.3100000023841858,0.5600000023841858,0.4112829974477138,621.4486091434956,0.4399999976158142,0.58,0.85,0.3799999952316284,0.6200000047683716,0.441034530599912,142.8951879143715,0.4300000071525574,0.59,0.85,0.36000001430511475,0.6000000238418579,0.43203086028864357,139.9779987335205,1713260451,,False,20,30b58a48,2024-04-16_11-40-51,398.7402250766754,8196.948983669281,3338805,rey,131.130.125.90,8196.948983669281,20,256,0.5,3,0.001
0.4099999964237213,0.65,0.82,0.3100000023841858,0.5600000023841858,0.40788311301715163,616.3113837689161,0.3700000047683716,0.69,0.86,0.2800000011920929,0.5299999713897705,0.3708607782552272,120.1588921546936,0.36000001430511475,0.7,0.86,0.25999999046325684,0.5099999904632568,0.3642388992011547,118.01340334117413,1713260851,,False,21,30b58a48,2024-04-16_11-47-31,400.09676599502563,8597.045749664307,3338805,rey,131.130.125.90,8597.045749664307,21,256,0.5,3,0.001
0.4099999964237213,0.66,0.82,0.3100000023841858,0.550000011920929,0.40541086838507323,612.5758221298456,0.3799999952316284,0.69,0.85,0.28999999165534973,0.5299999713897705,0.38076287885139015,123.36717274785042,0.3700000047683716,0.7,0.85,0.25999999046325684,0.5099999904632568,0.3729827807365376,120.84642095863819,1713261247,,False,22,30b58a48,2024-04-16_11-54-07,395.9166555404663,8992.962405204773,3338805,rey,131.130.125.90,8992.962405204773,22,256,0.5,3,0.001
0.4000000059604645,0.66,0.83,0.30000001192092896,0.550000011920929,0.4024830340431827,608.151864439249,0.4099999964237213,0.66,0.86,0.3100000023841858,0.550000011920929,0.4123414480759774,133.59862917661667,0.4099999964237213,0.66,0.85,0.28999999165534973,0.5400000214576721,0.41034475759959516,132.95170146226883,1713261646,,False,23,30b58a48,2024-04-16_12-00-46,398.99304962158203,9391.955454826355,3338805,rey,131.130.125.90,9391.955454826355,23,256,0.5,3,0.001
0.4000000059604645,0.66,0.83,0.30000001192092896,0.550000011920929,0.40166776309259516,606.9199900329113,0.3799999952316284,0.68,0.87,0.30000001192092896,0.5400000214576721,0.38051614146909596,123.28722983598709,0.3700000047683716,0.69,0.86,0.27000001072883606,0.5199999809265137,0.3734496105692269,120.99767382442951,1713262044,,False,24,30b58a48,2024-04-16_12-07-24,397.86046504974365,9789.815919876099,3338805,rey,131.130.125.90,9789.815919876099,24,256,0.5,3,0.001
0.4000000059604645,0.66,0.83,0.30000001192092896,0.550000011920929,0.40031604935285037,604.8775505721569,0.36000001430511475,0.7,0.86,0.27000001072883606,0.5199999809265137,0.3601036946070783,116.67359705269337,0.3499999940395355,0.72,0.86,0.23999999463558197,0.49000000953674316,0.3541866022127646,114.75645911693573,1713262446,,False,25,30b58a48,2024-04-16_12-14-06,402.45770812034607,10192.273627996445,3338805,rey,131.130.125.90,10192.273627996445,25,256,0.5,3,0.001
0.4000000059604645,0.66,0.83,0.30000001192092896,0.550000011920929,0.402035203035662,607.4751917868853,0.36000001430511475,0.71,0.86,0.25999999046325684,0.5099999904632568,0.3617125317270373,117.19486027956009,0.36000001430511475,0.72,0.86,0.23999999463558197,0.49000000953674316,0.3588475341230263,116.26660105586052,1713262847,,False,26,30b58a48,2024-04-16_12-20-47,400.2239739894867,10592.497601985931,3338805,rey,131.130.125.90,10592.497601985931,26,256,0.5,3,0.001
0.4000000059604645,0.67,0.83,0.28999999165534973,0.5400000214576721,0.3979033322562294,601.2319350391626,0.3700000047683716,0.7,0.86,0.27000001072883606,0.5199999809265137,0.36941858951324297,119.69162300229073,0.36000001430511475,0.71,0.86,0.25,0.5,0.36494407186537614,118.24187928438187,1713263249,,False,27,30b58a48,2024-04-16_12-27-29,402.0504701137543,10994.548072099686,3338805,rey,131.130.125.90,10994.548072099686,27,256,0.5,3,0.001
0.4000000059604645,0.67,0.83,0.28999999165534973,0.5400000214576721,0.3971481126598141,600.0907982289791,0.36000001430511475,0.7,0.86,0.27000001072883606,0.5199999809265137,0.36264866475521784,117.49816738069057,0.36000001430511475,0.71,0.86,0.25,0.5,0.3581656429134769,116.04566830396652,1713263648,,False,28,30b58a48,2024-04-16_12-34-08,398.8169391155243,11393.36501121521,3338805,rey,131.130.125.90,11393.36501121521,28,256,0.5,3,0.001
0.4000000059604645,0.67,0.83,0.28999999165534973,0.5400000214576721,0.39514703449036886,597.0671691149473,0.36000001430511475,0.7,0.86,0.2800000011920929,0.5299999713897705,0.364706091168854,118.16477353870869,0.36000001430511475,0.71,0.86,0.25,0.5,0.3574954463099992,115.82852460443974,1713264047,,False,29,30b58a48,2024-04-16_12-40-47,399.483145236969,11792.848156452179,3338805,rey,131.130.125.90,11792.848156452179,29,256,0.5,3,0.001
0.38999998569488525,0.67,0.84,0.28999999165534973,0.5400000214576721,0.39401370923026835,595.3547146469355,0.36000001430511475,0.71,0.87,0.25999999046325684,0.5099999904632568,0.35920494836237693,116.38240326941013,0.3499999940395355,0.72,0.86,0.23999999463558197,0.49000000953674316,0.35244915707979674,114.19352689385414,1713264446,,False,30,30b58a48,2024-04-16_12-47-26,399.0190873146057,12191.867243766785,3338805,rey,131.130.125.90,12191.867243766785,30,256,0.5,3,0.001
0.38999998569488525,0.68,0.84,0.28999999165534973,0.5400000214576721,0.3897547558551589,588.9194360971451,0.3700000047683716,0.71,0.87,0.27000001072883606,0.5199999809265137,0.3660755588868518,118.60848107933998,0.36000001430511475,0.73,0.87,0.23999999463558197,0.49000000953674316,0.35855447868874046,116.1716510951519,1713264845,,False,31,30b58a48,2024-04-16_12-54-05,399.0282552242279,12590.895498991013,3338805,rey,131.130.125.90,12590.895498991013,31,256,0.5,3,0.001
0.38999998569488525,0.68,0.84,0.28999999165534973,0.5400000214576721,0.3912969274011217,591.2496573030949,0.36000001430511475,0.71,0.87,0.25999999046325684,0.5099999904632568,0.35932711401471384,116.42198494076729,0.3499999940395355,0.73,0.86,0.23999999463558197,0.49000000953674316,0.35425424571206543,114.77837561070919,1713265243,,False,32,30b58a48,2024-04-16_13-00-43,398.2718451023102,12989.167344093323,3338805,rey,131.130.125.90,12989.167344093323,32,256,0.5,3,0.001
0.38999998569488525,0.68,0.84,0.28999999165534973,0.5299999713897705,0.3906816759403773,590.3200123459101,0.36000001430511475,0.72,0.87,0.25999999046325684,0.5099999904632568,0.35942954501068153,116.45517258346081,0.3499999940395355,0.73,0.87,0.23999999463558197,0.49000000953674316,0.35317301713390115,114.42805755138397,1713265642,,False,33,30b58a48,2024-04-16_13-07-22,398.88106870651245,13388.048412799835,3338805,rey,131.130.125.90,13388.048412799835,33,256,0.5,3,0.001
0.38999998569488525,0.68,0.84,0.2800000011920929,0.5299999713897705,0.3867122606675724,584.3222258687019,0.36000001430511475,0.71,0.87,0.27000001072883606,0.5199999809265137,0.35903469261563853,116.32724040746689,0.3499999940395355,0.72,0.87,0.23999999463558197,0.49000000953674316,0.3519031803733037,114.0166304409504,1713266042,,False,34,30b58a48,2024-04-16_13-14-02,399.23045802116394,13787.278870821,3338805,rey,131.130.125.90,13787.278870821,34,256,0.5,3,0.001
0.38999998569488525,0.68,0.84,0.2800000011920929,0.5299999713897705,0.3874660462417167,585.4611958712339,0.3499999940395355,0.73,0.87,0.25,0.5,0.34669176723670075,112.32813258469105,0.3400000035762787,0.75,0.88,0.2199999988079071,0.4699999988079071,0.3382046051139449,109.57829205691814,1713266442,,False,35,30b58a48,2024-04-16_13-20-42,400.5181210041046,14187.796991825104,3338805,rey,131.130.125.90,14187.796991825104,35,256,0.5,3,0.001
0.3799999952316284,0.69,0.84,0.2800000011920929,0.5299999713897705,0.38322851870487573,579.0582917630672,0.3499999940395355,0.72,0.87,0.25,0.5,0.3547078792327716,114.925352871418,0.3499999940395355,0.74,0.87,0.23000000417232513,0.47999998927116394,0.34991243500032543,113.37162894010544,1713266843,,False,36,30b58a48,2024-04-16_13-27-23,401.2793414592743,14589.076333284378,3338805,rey,131.130.125.90,14589.076333284378,36,256,0.5,3,0.001
0.3799999952316284,0.68,0.84,0.2800000011920929,0.5299999713897705,0.3846254739478911,581.1690911352634,0.3700000047683716,0.69,0.87,0.2800000011920929,0.5299999713897705,0.3692846441710437,119.64822471141815,0.36000001430511475,0.7,0.86,0.25999999046325684,0.5099999904632568,0.3614940918798064,117.12408576905727,1713267245,,False,37,30b58a48,2024-04-16_13-34-05,401.8632912635803,14990.939624547958,3338805,rey,131.130.125.90,14990.939624547958,37,256,0.5,3,0.001
0.38999998569488525,0.69,0.84,0.2800000011920929,0.5299999713897705,0.3851640598514394,581.9828944355249,0.3700000047683716,0.7,0.87,0.27000001072883606,0.5199999809265137,0.36760740138498355,119.10479804873466,0.3700000047683716,0.7,0.87,0.25999999046325684,0.5099999904632568,0.36689184891220966,118.87295904755592,1713267648,,False,38,30b58a48,2024-04-16_13-40-48,402.79458832740784,15393.734212875366,3338805,rey,131.130.125.90,15393.734212875366,38,256,0.5,3,0.001
0.3799999952316284,0.69,0.84,0.27000001072883606,0.5199999809265137,0.3825187475810692,577.9858275949955,0.36000001430511475,0.72,0.87,0.25999999046325684,0.5099999904632568,0.358410525193185,116.12501016259193,0.3499999940395355,0.73,0.87,0.23999999463558197,0.49000000953674316,0.35282600786031026,114.31562654674053,1713268045,,False,39,30b58a48,2024-04-16_13-47-25,396.911514043808,15790.645726919174,3338805,rey,131.130.125.90,15790.645726919174,39,256,0.5,3,0.001
0.3799999952316284,0.69,0.85,0.27000001072883606,0.5199999809265137,0.3799240627405582,574.0652588009834,0.3700000047683716,0.6,0.86,0.36000001430511475,0.6000000238418579,0.3695509107668459,119.73449508845806,0.36000001430511475,0.61,0.86,0.3400000035762787,0.5799999833106995,0.3605168258058436,116.80745156109333,1713268451,,False,40,30b58a48,2024-04-16_13-54-11,406.282333612442,16196.928060531616,3338805,rey,131.130.125.90,16196.928060531616,40,256,0.5,3,0.001
0.3799999952316284,0.69,0.85,0.27000001072883606,0.5199999809265137,0.3808594623754389,575.4786476492882,0.3499999940395355,0.71,0.87,0.25999999046325684,0.5099999904632568,0.3536599076548476,114.58581008017063,0.3499999940395355,0.72,0.87,0.23999999463558197,0.49000000953674316,0.3451988271633048,111.84442000091076,1713268852,,False,41,30b58a48,2024-04-16_14-00-52,400.702196598053,16597.63025712967,3338805,rey,131.130.125.90,16597.63025712967,41,256,0.5,3,0.001
0.3799999952316284,0.7,0.85,0.27000001072883606,0.5199999809265137,0.37733217517640083,570.1489166915417,0.36000001430511475,0.71,0.87,0.27000001072883606,0.5199999809265137,0.3603765838951976,116.76201318204403,0.3499999940395355,0.72,0.87,0.23999999463558197,0.49000000953674316,0.3520840703521246,114.07523879408836,1713269255,,False,42,30b58a48,2024-04-16_14-07-35,403.2251396179199,17000.85539674759,3338805,rey,131.130.125.90,17000.85539674759,42,256,0.5,3,0.001
0.3799999952316284,0.7,0.85,0.27000001072883606,0.5199999809265137,0.37960288192877145,573.5799545943737,0.3799999952316284,0.69,0.87,0.2800000011920929,0.5299999713897705,0.38254767729912276,123.94544744491577,0.3799999952316284,0.71,0.87,0.25,0.5,0.3758908942985682,121.78864975273609,1713269658,,False,43,30b58a48,2024-04-16_14-14-18,403.0853269100189,17403.940723657608,3338805,rey,131.130.125.90,17403.940723657608,43,256,0.5,3,0.001
0.3799999952316284,0.7,0.85,0.27000001072883606,0.5199999809265137,0.3777688896316791,570.8087922334671,0.3799999952316284,0.68,0.87,0.28999999165534973,0.5400000214576721,0.3752508301425863,121.58126896619797,0.36000001430511475,0.7,0.87,0.25999999046325684,0.5099999904632568,0.3637919943825698,117.86860617995262,1713270058,,False,44,30b58a48,2024-04-16_14-20-58,399.2010090351105,17803.14173269272,3338805,rey,131.130.125.90,17803.14173269272,44,256,0.5,3,0.001
0.3700000047683716,0.7,0.85,0.27000001072883606,0.5199999809265137,0.37447525256126624,565.8321066200733,0.3499999940395355,0.72,0.87,0.25999999046325684,0.5099999904632568,0.34875303465459084,112.99598322808743,0.3400000035762787,0.73,0.87,0.23000000417232513,0.47999998927116394,0.34176534069357095,110.73197038471699,1713270459,,False,45,30b58a48,2024-04-16_14-27-39,401.2199068069458,18204.361639499664,3338805,rey,131.130.125.90,18204.361639499664,45,256,0.5,3,0.001
0.3700000047683716,0.7,0.85,0.27000001072883606,0.5199999809265137,0.374211648376788,565.4338006973267,0.3700000047683716,0.71,0.87,0.25999999046325684,0.5099999904632568,0.3689350298157445,119.53494966030121,0.3700000047683716,0.72,0.87,0.23999999463558197,0.49000000953674316,0.365305189733152,118.35888147354126,1713270860,,False,46,30b58a48,2024-04-16_14-34-20,400.8789143562317,18605.240553855896,3338805,rey,131.130.125.90,18605.240553855896,46,256,0.5,3,0.001
0.3700000047683716,0.7,0.85,0.25999999046325684,0.5099999904632568,0.3722635111830078,562.4901653975248,0.3400000035762787,0.73,0.88,0.23999999463558197,0.49000000953674316,0.34077885645775147,110.41234949231148,0.33000001311302185,0.75,0.87,0.2199999988079071,0.4699999988079071,0.3345693063772755,108.40045526623726,1713271262,,False,47,30b58a48,2024-04-16_14-41-02,402.24015498161316,19007.48070883751,3338805,rey,131.130.125.90,19007.48070883751,47,256,0.5,3,0.001
0.3700000047683716,0.7,0.85,0.25999999046325684,0.5099999904632568,0.37123767968481697,560.9401340037584,0.3499999940395355,0.71,0.87,0.25999999046325684,0.5099999904632568,0.35364991145921343,114.58257131278515,0.3499999940395355,0.72,0.87,0.23999999463558197,0.49000000953674316,0.3463755077050056,112.22566449642181,1713271665,,False,48,30b58a48,2024-04-16_14-47-45,402.61560344696045,19410.09631228447,3338805,rey,131.130.125.90,19410.09631228447,48,256,0.5,3,0.001
0.3700000047683716,0.7,0.85,0.25999999046325684,0.5099999904632568,0.3711482167717323,560.8049555420876,0.3700000047683716,0.69,0.88,0.28999999165534973,0.5299999713897705,0.37140959018358477,120.33670721948147,0.36000001430511475,0.69,0.87,0.25999999046325684,0.5099999904632568,0.36314701063581456,117.65963144600391,1713272066,,False,49,30b58a48,2024-04-16_14-54-26,400.980699300766,19811.077011585236,3338805,rey,131.130.125.90,19811.077011585236,49,256,0.5,3,0.001
0.3700000047683716,0.71,0.85,0.25999999046325684,0.5099999904632568,0.3703218377204544,559.5562967956066,0.36000001430511475,0.71,0.87,0.25999999046325684,0.5099999904632568,0.3642728195790155,118.02439354360104,0.36000001430511475,0.72,0.87,0.23999999463558197,0.49000000953674316,0.3573134668447353,115.76956325769424,1713272465,,False,50,30b58a48,2024-04-16_15-01-05,399.22339701652527,20210.30040860176,3338805,rey,131.130.125.90,20210.30040860176,50,256,0.5,3,0.001
0.3700000047683716,0.71,0.86,0.25999999046325684,0.5099999904632568,0.367857411681304,555.8325490504503,0.36000001430511475,0.69,0.87,0.28999999165534973,0.5299999713897705,0.36133072723025156,117.07115562260151,0.3499999940395355,0.7,0.87,0.25999999046325684,0.5099999904632568,0.35220721129465987,114.1151364594698,1713272866,,False,51,30b58a48,2024-04-16_15-07-46,401.06236505508423,20611.362773656845,3338805,rey,131.130.125.90,20611.362773656845,51,256,0.5,3,0.001
0.3700000047683716,0.71,0.86,0.25999999046325684,0.5099999904632568,0.36699912514140637,554.535678088665,0.3400000035762787,0.74,0.88,0.23999999463558197,0.49000000953674316,0.3411689843568537,110.5387509316206,0.3400000035762787,0.74,0.87,0.2199999988079071,0.4699999988079071,0.33598092239764,108.85781885683537,1713273266,,False,52,30b58a48,2024-04-16_15-14-26,400.09428882598877,21011.457062482834,3338805,rey,131.130.125.90,21011.457062482834,52,256,0.5,3,0.001
0.3700000047683716,0.71,0.86,0.25999999046325684,0.5099999904632568,0.36575828314143094,552.6607658267021,0.3499999940395355,0.72,0.87,0.25999999046325684,0.5099999904632568,0.34680544750558007,112.36496499180794,0.3400000035762787,0.74,0.87,0.23000000417232513,0.47999998927116394,0.33655340868381806,109.04330441355705,1713273668,,False,53,30b58a48,2024-04-16_15-21-08,402.34919595718384,21413.806258440018,3338805,rey,131.130.125.90,21413.806258440018,53,256,0.5,3,0.001
0.3700000047683716,0.71,0.86,0.25999999046325684,0.5099999904632568,0.36786934212688416,555.850575953722,0.3400000035762787,0.73,0.88,0.25,0.5,0.34236818579611955,110.92729219794273,0.33000001311302185,0.75,0.88,0.2199999988079071,0.4699999988079071,0.33397651785685695,108.20839178562164,1713274069,,False,54,30b58a48,2024-04-16_15-27-49,400.4820876121521,21814.28834605217,3338805,rey,131.130.125.90,21814.28834605217,54,256,0.5,3,0.001
0.36000001430511475,0.72,0.86,0.25,0.5,0.3632572024251987,548.8816328644753,0.3400000035762787,0.73,0.88,0.25,0.5,0.342443491389722,110.95169121026993,0.3400000035762787,0.74,0.88,0.2199999988079071,0.4699999988079071,0.33496490507214155,108.52862924337387,1713274466,,False,55,30b58a48,2024-04-16_15-34-26,396.7861375808716,22211.07448363304,3338805,rey,131.130.125.90,22211.07448363304,55,256,0.5,3,0.001
0.36000001430511475,0.72,0.86,0.25,0.5,0.3621852113011655,547.2618542760611,0.3499999940395355,0.72,0.88,0.25,0.5,0.3450740585908478,111.80399498343468,0.3400000035762787,0.74,0.88,0.23000000417232513,0.47999998927116394,0.3364828310354992,109.02043725550175,1713274864,,False,56,30b58a48,2024-04-16_15-41-04,398.4104731082916,22609.484956741333,3338805,rey,131.130.125.90,22609.484956741333,56,256,0.5,3,0.001
0.36000001430511475,0.72,0.86,0.25,0.5,0.3634925390477215,549.2372265011072,0.3400000035762787,0.74,0.88,0.23999999463558197,0.49000000953674316,0.3404591833643707,110.30877541005611,0.33000001311302185,0.75,0.88,0.20999999344348907,0.46000000834465027,0.3318223871842579,107.51045344769955,1713275262,,False,57,30b58a48,2024-04-16_15-47-42,398.0478210449219,23007.532777786255,3338805,rey,131.130.125.90,23007.532777786255,57,256,0.5,3,0.001
0.36000001430511475,0.72,0.86,0.25,0.5,0.36070569628796617,545.0263070911169,0.3400000035762787,0.74,0.88,0.23999999463558197,0.49000000953674316,0.3383627880226683,109.62954331934452,0.33000001311302185,0.74,0.87,0.2199999988079071,0.4699999988079071,0.33227356859011414,107.65663622319698,1713275662,,False,58,30b58a48,2024-04-16_15-54-22,399.8681390285492,23407.400916814804,3338805,rey,131.130.125.90,23407.400916814804,58,256,0.5,3,0.001
0.36000001430511475,0.72,0.86,0.25,0.5,0.35988254722856194,543.7825288623571,0.3499999940395355,0.72,0.88,0.25999999046325684,0.5099999904632568,0.34818530248271096,112.81203800439835,0.3400000035762787,0.74,0.88,0.23000000417232513,0.47999998927116394,0.3363500736929752,108.97742387652397,1713276064,,False,59,30b58a48,2024-04-16_16-01-04,401.62485432624817,23809.025771141052,3338805,rey,131.130.125.90,23809.025771141052,59,256,0.5,3,0.001
0.36000001430511475,0.72,0.86,0.25,0.5,0.3597100138526181,543.5218309313059,0.3400000035762787,0.73,0.88,0.25,0.5,0.3443172321551376,111.55878321826458,0.3400000035762787,0.74,0.88,0.23000000417232513,0.47999998927116394,0.3366906003175694,109.0877545028925,1713276465,,False,60,30b58a48,2024-04-16_16-07-45,401.59222173690796,24210.61799287796,3338805,rey,131.130.125.90,24210.61799287796,60,256,0.5,3,0.001
0.36000001430511475,0.73,0.87,0.23999999463558197,0.49000000953674316,0.35523541444267837,536.760711222887,0.33000001311302185,0.74,0.88,0.23999999463558197,0.49000000953674316,0.3337387865248286,108.13136683404446,0.33000001311302185,0.75,0.88,0.2199999988079071,0.46000000834465027,0.32774967300119223,106.19089405238628,1713276881,,False,61,30b58a48,2024-04-16_16-14-41,415.71582412719727,24626.333817005157,3338805,rey,131.130.125.90,24626.333817005157,61,256,0.5,3,0.001
0.3499999940395355,0.73,0.87,0.23999999463558197,0.49000000953674316,0.35488373760077274,536.2293275147676,0.3400000035762787,0.72,0.88,0.25,0.5,0.34450587740650884,111.61990427970886,0.3400000035762787,0.73,0.88,0.23000000417232513,0.47999998927116394,0.33806985800648914,109.53463399410248,1713277301,,False,62,30b58a48,2024-04-16_16-21-41,420.1314694881439,25046.4652864933,3338805,rey,131.130.125.90,25046.4652864933,62,256,0.5,3,0.001
0.36000001430511475,0.73,0.86,0.23999999463558197,0.49000000953674316,0.35567893533616723,537.4308712929487,0.3400000035762787,0.74,0.88,0.23999999463558197,0.49000000953674316,0.3355536579993772,108.71938519179821,0.33000001311302185,0.75,0.88,0.2199999988079071,0.4699999988079071,0.32862294819435955,106.4738352149725,1713277702,,False,63,30b58a48,2024-04-16_16-28-22,400.6641216278076,25447.12940812111,3338805,rey,131.130.125.90,25447.12940812111,63,256,0.5,3,0.001
0.36000001430511475,0.73,0.87,0.23999999463558197,0.49000000953674316,0.35548258224202656,537.1341817677021,0.3400000035762787,0.74,0.88,0.23999999463558197,0.49000000953674316,0.3383861848693571,109.6371238976717,0.33000001311302185,0.74,0.88,0.2199999988079071,0.4699999988079071,0.33283093093354027,107.83722162246704,1713278121,,False,64,30b58a48,2024-04-16_16-35-21,418.7818157672882,25865.911223888397,3338805,rey,131.130.125.90,25865.911223888397,64,256,0.5,3,0.001
0.3499999940395355,0.73,0.87,0.23999999463558197,0.49000000953674316,0.35416933613096463,535.1498668938875,0.3400000035762787,0.74,0.88,0.23999999463558197,0.49000000953674316,0.3358478936608191,108.81471754610538,0.33000001311302185,0.75,0.88,0.2199999988079071,0.4699999988079071,0.3326986097259286,107.79434955120087,1713278527,,False,65,30b58a48,2024-04-16_16-42-07,406.5288393497467,26272.440063238144,3338805,rey,131.130.125.90,26272.440063238144,65,256,0.5,3,0.001
0.3499999940395355,0.73,0.87,0.23999999463558197,0.49000000953674316,0.3530797000399968,533.5034267604351,0.33000001311302185,0.75,0.88,0.23000000417232513,0.47999998927116394,0.33254808288665466,107.74557885527611,0.33000001311302185,0.75,0.88,0.20999999344348907,0.46000000834465027,0.327525413836594,106.11823408305645,1713278939,,False,66,30b58a48,2024-04-16_16-48-59,412.3159828186035,26684.756046056747,3338805,rey,131.130.125.90,26684.756046056747,66,256,0.5,3,0.001
0.3499999940395355,0.73,0.87,0.23999999463558197,0.49000000953674316,0.3515822766515137,531.2408200204372,0.3400000035762787,0.73,0.88,0.25,0.5,0.3413012646322633,110.58160974085331,0.33000001311302185,0.74,0.88,0.23000000417232513,0.47999998927116394,0.33441184079389513,108.34943641722202,1713279354,,False,67,30b58a48,2024-04-16_16-55-54,414.63919472694397,27099.39524078369,3338805,rey,131.130.125.90,27099.39524078369,67,256,0.5,3,0.001
0.3499999940395355,0.73,0.87,0.23999999463558197,0.49000000953674316,0.3504799689424503,529.5752330720425,0.33000001311302185,0.74,0.88,0.23999999463558197,0.49000000953674316,0.3339248558069453,108.19165328145027,0.33000001311302185,0.75,0.88,0.2199999988079071,0.46000000834465027,0.32793591672807565,106.25123701989651,1713279784,,False,68,30b58a48,2024-04-16_17-03-04,429.7586705684662,27529.153911352158,3338805,rey,131.130.125.90,27529.153911352158,68,256,0.5,3,0.001
0.3499999940395355,0.73,0.87,0.23999999463558197,0.49000000953674316,0.35095854736691984,530.2983650714159,0.33000001311302185,0.74,0.88,0.23999999463558197,0.49000000953674316,0.3324953995093151,107.7285094410181,0.33000001311302185,0.75,0.88,0.2199999988079071,0.46000000834465027,0.3276178893851645,106.1481961607933,1713280204,,False,69,30b58a48,2024-04-16_17-10-04,420.05062913894653,27949.204540491104,3338805,rey,131.130.125.90,27949.204540491104,69,256,0.5,3,0.001
0.3499999940395355,0.74,0.87,0.23000000417232513,0.47999998927116394,0.3475124503329919,525.0913124531507,0.33000001311302185,0.74,0.88,0.23999999463558197,0.49000000953674316,0.33398904619209563,108.21245096623898,0.33000001311302185,0.74,0.88,0.2199999988079071,0.4699999988079071,0.33090458985096144,107.2130871117115,1713280640,,False,70,30b58a48,2024-04-16_17-17-20,436.12904262542725,28385.33358311653,3338805,rey,131.130.125.90,28385.33358311653,70,256,0.5,3,0.001
0.3499999940395355,0.74,0.87,0.23000000417232513,0.47999998927116394,0.34580562570921874,522.5123004466295,0.33000001311302185,0.74,0.88,0.23999999463558197,0.49000000953674316,0.334748389084398,108.45847806334496,0.33000001311302185,0.74,0.88,0.2199999988079071,0.4699999988079071,0.3293102606671092,106.69652445614338,1713281044,,False,71,30b58a48,2024-04-16_17-24-04,403.68341755867004,28789.0170006752,3338805,rey,131.130.125.90,28789.0170006752,71,256,0.5,3,0.001
0.3499999940395355,0.74,0.87,0.23000000417232513,0.47999998927116394,0.3486436017592327,526.8004822582006,0.3499999940395355,0.72,0.88,0.25999999046325684,0.5099999904632568,0.34545295207220833,111.92675647139549,0.3400000035762787,0.72,0.88,0.23999999463558197,0.49000000953674316,0.33942617917502366,109.97408205270767,1713281446,,False,72,30b58a48,2024-04-16_17-30-46,402.2853283882141,29191.302329063416,3338805,rey,131.130.125.90,29191.302329063416,72,256,0.5,3,0.001
0.3499999940395355,0.74,0.87,0.23000000417232513,0.47999998927116394,0.3469073241373153,524.1769667714834,0.33000001311302185,0.74,0.88,0.23999999463558197,0.49000000953674316,0.333699169718189,108.11853098869324,0.33000001311302185,0.75,0.88,0.2199999988079071,0.4699999988079071,0.3273417464009038,106.05872583389282,1713281841,,False,73,30b58a48,2024-04-16_17-37-21,394.94695687294006,29586.249285936356,3338805,rey,131.130.125.90,29586.249285936356,73,256,0.5,3,0.001
0.3400000035762787,0.74,0.87,0.23000000417232513,0.47999998927116394,0.34230709425035016,517.2260194122791,0.33000001311302185,0.74,0.88,0.23000000417232513,0.47999998927116394,0.3324075805276264,107.70005609095097,0.33000001311302185,0.75,0.88,0.20999999344348907,0.46000000834465027,0.32515287100348944,105.34953020513058,1713282249,,False,74,30b58a48,2024-04-16_17-44-09,407.95283102989197,29994.202116966248,3338805,rey,131.130.125.90,29994.202116966248,74,256,0.5,3,0.001
0.3499999940395355,0.74,0.87,0.23000000417232513,0.47999998927116394,0.34539752134536766,521.8956547528505,0.3400000035762787,0.73,0.88,0.25,0.5,0.33628674619543697,108.95690576732159,0.33000001311302185,0.74,0.88,0.23000000417232513,0.47999998927116394,0.3322185755327896,107.63881847262383,1713282659,,False,75,30b58a48,2024-04-16_17-50-59,410.2774257659912,30404.47954273224,3338805,rey,131.130.125.90,30404.47954273224,75,256,0.5,3,0.001
0.3400000035762787,0.74,0.87,0.23000000417232513,0.47999998927116394,0.34362533176718446,519.2178763002157,0.3400000035762787,0.73,0.88,0.25,0.5,0.33822827997766897,109.58596271276474,0.33000001311302185,0.74,0.88,0.23000000417232513,0.47999998927116394,0.33104295605494655,107.25791776180267,1713283074,,False,76,30b58a48,2024-04-16_17-57-54,415.0444014072418,30819.52394413948,3338805,rey,131.130.125.90,30819.52394413948,76,256,0.5,3,0.001
0.3400000035762787,0.74,0.87,0.23000000417232513,0.47999998927116394,0.34295519507933264,518.2052997648716,0.33000001311302185,0.74,0.88,0.23000000417232513,0.47999998927116394,0.32964170691959654,106.80391304194927,0.3199999928474426,0.76,0.88,0.20999999344348907,0.46000000834465027,0.3227067684041865,104.55699296295643,1713283469,,False,77,30b58a48,2024-04-16_18-04-29,394.2330873012543,31213.757031440735,3338805,rey,131.130.125.90,31213.757031440735,77,256,0.5,3,0.001
0.3400000035762787,0.75,0.88,0.23000000417232513,0.4699999988079071,0.3413711052355902,515.8117400109768,0.33000001311302185,0.74,0.88,0.23000000417232513,0.47999998927116394,0.3316300909644292,107.44814947247505,0.33000001311302185,0.75,0.88,0.2199999988079071,0.4699999988079071,0.32502941074378694,105.30952908098698,1713283865,,False,78,30b58a48,2024-04-16_18-11-05,396.4128887653351,31610.16992020607,3338805,rey,131.130.125.90,31610.16992020607,78,256,0.5,3,0.001
0.3400000035762787,0.75,0.88,0.2199999988079071,0.4699999988079071,0.34043047441543134,514.3904468417168,0.33000001311302185,0.74,0.88,0.23000000417232513,0.47999998927116394,0.3319827298415296,107.56240446865559,0.3199999928474426,0.75,0.88,0.20999999344348907,0.46000000834465027,0.3242970243740229,105.07223589718342,1713284280,,False,79,30b58a48,2024-04-16_18-18-00,414.65291380882263,32024.822834014893,3338805,rey,131.130.125.90,32024.822834014893,79,256,0.5,3,0.001
0.3400000035762787,0.75,0.88,0.2199999988079071,0.4699999988079071,0.3374532999817225,509.89193627238274,0.33000001311302185,0.74,0.88,0.23999999463558197,0.49000000953674316,0.3314947518117634,107.40429958701134,0.33000001311302185,0.75,0.88,0.2199999988079071,0.4699999988079071,0.32511604664686283,105.33759911358356,1713284678,,False,80,30b58a48,2024-04-16_18-24-38,398.6426258087158,32423.46545982361,3338805,rey,131.130.125.90,32423.46545982361,80,256,0.5,3,0.001
0.3400000035762787,0.75,0.88,0.2199999988079071,0.4699999988079071,0.33885256011189413,512.006218329072,0.33000001311302185,0.74,0.88,0.23999999463558197,0.49000000953674316,0.32975102427565023,106.83933186531067,0.33000001311302185,0.74,0.88,0.2199999988079071,0.4699999988079071,0.32602425425508874,105.63185837864876,1713285072,,False,81,30b58a48,2024-04-16_18-31-12,393.21822452545166,32816.68368434906,3338805,rey,131.130.125.90,32816.68368434906,81,256,0.5,3,0.001
0.3400000035762787,0.75,0.88,0.2199999988079071,0.4699999988079071,0.33623007210100986,508.04363894462585,0.33000001311302185,0.73,0.88,0.23999999463558197,0.49000000953674316,0.3345913489659627,108.40759706497192,0.33000001311302185,0.74,0.88,0.23000000417232513,0.47999998927116394,0.32805910242008574,106.29114918410778,1713285467,,False,82,30b58a48,2024-04-16_18-37-47,395.6146228313446,33212.298307180405,3338805,rey,131.130.125.90,33212.298307180405,82,256,0.5,3,0.001
0.3400000035762787,0.75,0.88,0.2199999988079071,0.4699999988079071,0.3358254878529644,507.4323121458292,0.33000001311302185,0.74,0.88,0.23999999463558197,0.49000000953674316,0.33172397982375124,107.4785694628954,0.33000001311302185,0.75,0.88,0.2199999988079071,0.46000000834465027,0.3252502356506424,105.38107635080814,1713285864,,False,83,30b58a48,2024-04-16_18-44-24,396.51562762260437,33608.81393480301,3338805,rey,131.130.125.90,33608.81393480301,83,256,0.5,3,0.001
0.3400000035762787,0.75,0.88,0.2199999988079071,0.4699999988079071,0.3363330810473188,508.19928546249866,0.33000001311302185,0.75,0.89,0.23000000417232513,0.47999998927116394,0.3285646164950765,106.45493574440479,0.3199999928474426,0.76,0.89,0.20999999344348907,0.46000000834465027,0.3214301608594847,104.14337211847305,1713286260,,False,84,30b58a48,2024-04-16_18-51-00,396.4557321071625,34005.26966691017,3338805,rey,131.130.125.90,34005.26966691017,84,256,0.5,3,0.001
0.3400000035762787,0.75,0.88,0.2199999988079071,0.4699999988079071,0.33506675341679987,506.2858644127846,0.33000001311302185,0.74,0.88,0.23999999463558197,0.49000000953674316,0.3300922557159706,106.94989085197449,0.3199999928474426,0.75,0.89,0.2199999988079071,0.46000000834465027,0.32155038145037346,104.182323589921,1713286656,,False,85,30b58a48,2024-04-16_18-57-36,395.76182293891907,34401.03148984909,3338805,rey,131.130.125.90,34401.03148984909,85,256,0.5,3,0.001
0.33000001311302185,0.76,0.88,0.20999999344348907,0.46000000834465027,0.33253422784813186,502.45921827852726,0.33000001311302185,0.74,0.89,0.23999999463558197,0.49000000953674316,0.33116610739150165,107.29781879484653,0.3199999928474426,0.75,0.88,0.2199999988079071,0.4699999988079071,0.32456996057320525,105.1606672257185,1713287065,,False,86,30b58a48,2024-04-16_19-04-25,409.28541135787964,34810.31690120697,3338805,rey,131.130.125.90,34810.31690120697,86,256,0.5,3,0.001
0.33000001311302185,0.76,0.88,0.20999999344348907,0.46000000834465027,0.3316647587017379,501.1454503983259,0.33000001311302185,0.72,0.88,0.25,0.5,0.3337853706361335,108.14646008610725,0.3199999928474426,0.74,0.88,0.23000000417232513,0.47999998927116394,0.32439255792601607,105.10318876802921,1713287481,,False,87,30b58a48,2024-04-16_19-11-21,415.4618308544159,35225.778732061386,3338805,rey,131.130.125.90,35225.778732061386,87,256,0.5,3,0.001
0.33000001311302185,0.76,0.88,0.20999999344348907,0.46000000834465027,0.3326738362849587,502.6701666265726,0.33000001311302185,0.75,0.89,0.23000000417232513,0.47999998927116394,0.32913158107318996,106.63863226771355,0.3199999928474426,0.75,0.88,0.20999999344348907,0.46000000834465027,0.32325388127822935,104.73425753414631,1713287878,,False,88,30b58a48,2024-04-16_19-17-58,396.975266456604,35622.75399851799,3338805,rey,131.130.125.90,35622.75399851799,88,256,0.5,3,0.001
0.33000001311302185,0.76,0.88,0.20999999344348907,0.46000000834465027,0.3322316203130783,502.00197829306126,0.33000001311302185,0.74,0.88,0.23999999463558197,0.49000000953674316,0.33240149248345396,107.69808356463909,0.3199999928474426,0.74,0.88,0.2199999988079071,0.4699999988079071,0.32435955861468374,105.09249699115753,1713288288,,False,89,30b58a48,2024-04-16_19-24-48,410.11267471313477,36032.866673231125,3338805,rey,131.130.125.90,36032.866673231125,89,256,0.5,3,0.001
0.33000001311302185,0.76,0.88,0.2199999988079071,0.4699999988079071,0.33363731688691006,504.1259858161211,0.33000001311302185,0.74,0.88,0.23999999463558197,0.49000000953674316,0.33470139206375604,108.44325102865696,0.33000001311302185,0.75,0.88,0.2199999988079071,0.4699999988079071,0.33018135164438944,106.97875793278217,1713288697,,False,90,30b58a48,2024-04-16_19-31-37,408.78656482696533,36441.65323805809,3338805,rey,131.130.125.90,36441.65323805809,90,256,0.5,3,0.001
0.33000001311302185,0.76,0.88,0.2199999988079071,0.4699999988079071,0.33321048932742947,503.4810493737459,0.33000001311302185,0.74,0.89,0.23999999463558197,0.49000000953674316,0.32895488131009504,106.58138154447079,0.3199999928474426,0.75,0.88,0.2199999988079071,0.4699999988079071,0.32230995820812236,104.42842645943165,1713289119,,False,91,30b58a48,2024-04-16_19-38-39,421.8420886993408,36863.49532675743,3338805,rey,131.130.125.90,36863.49532675743,91,256,0.5,3,0.001
0.33000001311302185,0.76,0.88,0.20999999344348907,0.46000000834465027,0.332454985425537,502.33948297798634,0.33000001311302185,0.75,0.89,0.23000000417232513,0.47999998927116394,0.32717057184120757,106.00326527655125,0.3199999928474426,0.75,0.88,0.20999999344348907,0.46000000834465027,0.3214083212301319,104.13629607856274,1713289514,,False,92,30b58a48,2024-04-16_19-45-14,395.86214900016785,37259.3574757576,3338805,rey,131.130.125.90,37259.3574757576,92,256,0.5,3,0.001
0.33000001311302185,0.76,0.88,0.2199999988079071,0.46000000834465027,0.3330650048134423,503.26122227311134,0.33000001311302185,0.74,0.89,0.23999999463558197,0.49000000953674316,0.3287173535812784,106.5044225603342,0.3199999928474426,0.75,0.88,0.20999999344348907,0.46000000834465027,0.3215825174141813,104.19273564219475,1713289908,,False,93,30b58a48,2024-04-16_19-51-48,393.25459814071655,37652.612073898315,3338805,rey,131.130.125.90,37652.612073898315,93,256,0.5,3,0.001
0.33000001311302185,0.76,0.88,0.20999999344348907,0.46000000834465027,0.3313299109019009,500.6394953727722,0.33000001311302185,0.73,0.88,0.25,0.5,0.33113017130965067,107.28617550432682,0.3199999928474426,0.74,0.88,0.23000000417232513,0.4699999988079071,0.3228286706187107,104.59648928046227,1713290307,,False,94,30b58a48,2024-04-16_19-58-27,399.105352640152,38051.71742653847,3338805,rey,131.130.125.90,38051.71742653847,94,256,0.5,3,0.001
0.33000001311302185,0.76,0.88,0.20999999344348907,0.46000000834465027,0.33166925632780075,501.15224631130695,0.33000001311302185,0.73,0.88,0.23999999463558197,0.49000000953674316,0.33074919005602965,107.16273757815361,0.3199999928474426,0.74,0.88,0.2199999988079071,0.4699999988079071,0.32403380754921174,104.9869536459446,1713290705,,False,95,30b58a48,2024-04-16_20-05-05,397.743052482605,38449.46047902107,3338805,rey,131.130.125.90,38449.46047902107,95,256,0.5,3,0.001
0.33000001311302185,0.76,0.88,0.20999999344348907,0.46000000834465027,0.32942036583201134,497.7541727721691,0.33000001311302185,0.74,0.89,0.23000000417232513,0.47999998927116394,0.32912840556215356,106.63760340213776,0.3199999928474426,0.75,0.89,0.20999999344348907,0.46000000834465027,0.32144053786257165,104.14673426747322,1713291102,,False,96,30b58a48,2024-04-16_20-11-42,397.1148593425751,38846.57533836365,3338805,rey,131.130.125.90,38846.57533836365,96,256,0.5,3,0.001
0.33000001311302185,0.76,0.88,0.2199999988079071,0.46000000834465027,0.33101855237147887,500.1690326333046,0.33000001311302185,0.73,0.88,0.25,0.5,0.3310886101314315,107.27270968258381,0.3199999928474426,0.74,0.88,0.2199999988079071,0.4699999988079071,0.32301235350745694,104.65600253641605,1713291496,,False,97,30b58a48,2024-04-16_20-18-16,393.84082651138306,39240.41616487503,3338805,rey,131.130.125.90,39240.41616487503,97,256,0.5,3,0.001
0.33000001311302185,0.76,0.88,0.20999999344348907,0.46000000834465027,0.33132454794341565,500.63139194250107,0.33000001311302185,0.74,0.88,0.23999999463558197,0.49000000953674316,0.3293551219926204,106.71105952560902,0.3199999928474426,0.75,0.88,0.20999999344348907,0.46000000834465027,0.3213079956670602,104.10379059612751,1713291890,,False,98,30b58a48,2024-04-16_20-24-50,394.45613169670105,39634.87229657173,3338805,rey,131.130.125.90,39634.87229657173,98,256,0.5,3,0.001
0.33000001311302185,0.76,0.88,0.20999999344348907,0.46000000834465027,0.32975522075205904,498.2601385563612,0.33000001311302185,0.74,0.89,0.23999999463558197,0.49000000953674316,0.33054154752581205,107.09546139836311,0.3199999928474426,0.75,0.88,0.2199999988079071,0.46000000834465027,0.3237636437938537,104.8994205892086,1713292186,,False,99,30b58a48,2024-04-16_20-29-46,296.2271726131439,39931.099469184875,3338805,rey,131.130.125.90,39931.099469184875,99,256,0.5,3,0.001
0.33000001311302185,0.76,0.88,0.20999999344348907,0.46000000834465027,0.3298755506365446,498.4419570118189,0.33000001311302185,0.74,0.88,0.23999999463558197,0.49000000953674316,0.3290645227204134,106.61690536141396,0.3199999928474426,0.75,0.88,0.2199999988079071,0.4699999988079071,0.32288944229115674,104.61617930233479,1713292385,,False,100,30b58a48,2024-04-16_20-33-05,198.64893746376038,40129.748406648636,3338805,rey,131.130.125.90,40129.748406648636,100,256,0.5,3,0.001
