{"train_mae": 4.159999847412109, "train_r2": -20.65, "train_spearmanr": 0.07, "train_mse": 18.790000915527344, "train_rmse": 4.329999923706055, "train_mean_loss": 4.157630558197315, "train_sum_loss": 1297.1807341575623, "val_mae": 4.230000019073486, "val_r2": -20.33, "val_spearmanr": -0.03, "val_mse": 19.579999923706055, "val_rmse": 4.420000076293945, "val_ranking_accuracy_0.1": 0.48, "val_ranking_accuracy_0.2": 0.48, "val_ranking_accuracy_0.3": 0.48, "val_ranking_accuracy_0.4": 0.48, "val_ranking_accuracy_0.5": 0.48, "val_ranking_accuracy_0.6": 0.48, "val_ranking_accuracy_0.7": 0.48, "val_ranking_accuracy_0.8": 0.48, "val_ranking_accuracy_0.9": 0.48, "val_ranking_accuracy_1.0": 0.48, "val_ranking_accuracy_1.1": 0.48, "val_ranking_accuracy_1.2": 0.48, "val_ranking_accuracy_1.3": 0.48, "val_ranking_accuracy_1.4": 0.48, "val_ranking_accuracy_1.5": 0.47, "val_ranking_accuracy_1.6": 0.47, "val_ranking_accuracy_1.7": 0.47, "val_ranking_accuracy_1.8": 0.48, "val_ranking_accuracy_1.9": 0.47, "val_ranking_accuracy_2.0": 0.46, "val_mean_loss": 4.235195583428818, "val_sum_loss": 1325.6162176132202, "timestamp": 1712683775, "checkpoint_dir_name": null, "done": false, "training_iteration": 1, "trial_id": "13b643f7", "date": "2024-04-09_19-29-35", "time_this_iter_s": 672.9576277732849, "time_total_s": 672.9576277732849, "pid": 2245715, "hostname": "jyn", "node_ip": "131.130.125.89", "config": {"model": {"hidden_dimension": 128, "modules": {"1": {"times": 3, "parameter": {"dropout": 0.2}}}}, "optimizer": {"base_learning_rate": 1e-05}}, "time_since_restore": 672.9576277732849, "iterations_since_restore": 1}
{"train_mae": 3.4200000762939453, "train_r2": -14.58, "train_spearmanr": 0.05, "train_mse": 13.510000228881836, "train_rmse": 3.680000066757202, "train_mean_loss": 3.4220525950957565, "train_sum_loss": 1067.680409669876, "val_mae": 2.6500000953674316, "val_r2": -8.43, "val_spearmanr": 0.02, "val_mse": 8.649999618530273, "val_rmse": 2.940000057220459, "val_ranking_accuracy_0.1": 0.5, "val_ranking_accuracy_0.2": 0.5, "val_ranking_accuracy_0.3": 0.5, "val_ranking_accuracy_0.4": 0.5, "val_ranking_accuracy_0.5": 0.5, "val_ranking_accuracy_0.6": 0.5, "val_ranking_accuracy_0.7": 0.5, "val_ranking_accuracy_0.8": 0.5, "val_ranking_accuracy_0.9": 0.5, "val_ranking_accuracy_1.0": 0.5, "val_ranking_accuracy_1.1": 0.5, "val_ranking_accuracy_1.2": 0.5, "val_ranking_accuracy_1.3": 0.5, "val_ranking_accuracy_1.4": 0.51, "val_ranking_accuracy_1.5": 0.51, "val_ranking_accuracy_1.6": 0.51, "val_ranking_accuracy_1.7": 0.52, "val_ranking_accuracy_1.8": 0.52, "val_ranking_accuracy_1.9": 0.52, "val_ranking_accuracy_2.0": 0.52, "val_mean_loss": 2.6466248199200857, "val_sum_loss": 828.3935686349869, "timestamp": 1712684222, "checkpoint_dir_name": null, "done": false, "training_iteration": 2, "trial_id": "13b643f7", "date": "2024-04-09_19-37-02", "time_this_iter_s": 447.35778188705444, "time_total_s": 1120.3154096603394, "pid": 2245715, "hostname": "jyn", "node_ip": "131.130.125.89", "config": {"model": {"hidden_dimension": 128, "modules": {"1": {"times": 3, "parameter": {"dropout": 0.2}}}}, "optimizer": {"base_learning_rate": 1e-05}}, "time_since_restore": 1120.3154096603394, "iterations_since_restore": 2}
{"train_mae": 1.840000033378601, "train_r2": -4.77, "train_spearmanr": 0.19, "train_mse": 5.0, "train_rmse": 2.240000009536743, "train_mean_loss": 1.8406808899763303, "train_sum_loss": 574.292437672615, "val_mae": 1.3799999952316284, "val_r2": -2.48, "val_spearmanr": 0.33, "val_mse": 3.200000047683716, "val_rmse": 1.7899999618530273, "val_ranking_accuracy_0.1": 0.62, "val_ranking_accuracy_0.2": 0.62, "val_ranking_accuracy_0.3": 0.63, "val_ranking_accuracy_0.4": 0.64, "val_ranking_accuracy_0.5": 0.64, "val_ranking_accuracy_0.6": 0.65, "val_ranking_accuracy_0.7": 0.65, "val_ranking_accuracy_0.8": 0.66, "val_ranking_accuracy_0.9": 0.67, "val_ranking_accuracy_1.0": 0.67, "val_ranking_accuracy_1.1": 0.68, "val_ranking_accuracy_1.2": 0.69, "val_ranking_accuracy_1.3": 0.69, "val_ranking_accuracy_1.4": 0.7, "val_ranking_accuracy_1.5": 0.71, "val_ranking_accuracy_1.6": 0.72, "val_ranking_accuracy_1.7": 0.72, "val_ranking_accuracy_1.8": 0.73, "val_ranking_accuracy_1.9": 0.73, "val_ranking_accuracy_2.0": 0.74, "val_mean_loss": 1.3817791959729058, "val_sum_loss": 432.4968883395195, "timestamp": 1712684641, "checkpoint_dir_name": null, "done": false, "training_iteration": 3, "trial_id": "13b643f7", "date": "2024-04-09_19-44-01", "time_this_iter_s": 418.52967596054077, "time_total_s": 1538.8450856208801, "pid": 2245715, "hostname": "jyn", "node_ip": "131.130.125.89", "config": {"model": {"hidden_dimension": 128, "modules": {"1": {"times": 3, "parameter": {"dropout": 0.2}}}}, "optimizer": {"base_learning_rate": 1e-05}}, "time_since_restore": 1538.8450856208801, "iterations_since_restore": 3}
{"train_mae": 1.350000023841858, "train_r2": -2.46, "train_spearmanr": 0.33, "train_mse": 3.0, "train_rmse": 1.7300000190734863, "train_mean_loss": 1.345703129393932, "train_sum_loss": 419.85937637090683, "val_mae": 1.1100000143051147, "val_r2": -1.38, "val_spearmanr": 0.37, "val_mse": 2.180000066757202, "val_rmse": 1.4800000190734863, "val_ranking_accuracy_0.1": 0.63, "val_ranking_accuracy_0.2": 0.64, "val_ranking_accuracy_0.3": 0.65, "val_ranking_accuracy_0.4": 0.65, "val_ranking_accuracy_0.5": 0.66, "val_ranking_accuracy_0.6": 0.66, "val_ranking_accuracy_0.7": 0.67, "val_ranking_accuracy_0.8": 0.68, "val_ranking_accuracy_0.9": 0.69, "val_ranking_accuracy_1.0": 0.7, "val_ranking_accuracy_1.1": 0.71, "val_ranking_accuracy_1.2": 0.71, "val_ranking_accuracy_1.3": 0.72, "val_ranking_accuracy_1.4": 0.72, "val_ranking_accuracy_1.5": 0.73, "val_ranking_accuracy_1.6": 0.74, "val_ranking_accuracy_1.7": 0.75, "val_ranking_accuracy_1.8": 0.75, "val_ranking_accuracy_1.9": 0.75, "val_ranking_accuracy_2.0": 0.75, "val_mean_loss": 1.1126235359773848, "val_sum_loss": 348.2511667609215, "timestamp": 1712685104, "checkpoint_dir_name": null, "done": false, "training_iteration": 4, "trial_id": "13b643f7", "date": "2024-04-09_19-51-44", "time_this_iter_s": 463.03278613090515, "time_total_s": 2001.8778717517853, "pid": 2245715, "hostname": "jyn", "node_ip": "131.130.125.89", "config": {"model": {"hidden_dimension": 128, "modules": {"1": {"times": 3, "parameter": {"dropout": 0.2}}}}, "optimizer": {"base_learning_rate": 1e-05}}, "time_since_restore": 2001.8778717517853, "iterations_since_restore": 4}
{"train_mae": 1.1299999952316284, "train_r2": -1.49, "train_spearmanr": 0.38, "train_mse": 2.1600000858306885, "train_rmse": 1.4700000286102295, "train_mean_loss": 1.1282765936010923, "train_sum_loss": 352.0222972035408, "val_mae": 0.8999999761581421, "val_r2": -0.58, "val_spearmanr": 0.45, "val_mse": 1.4500000476837158, "val_rmse": 1.2000000476837158, "val_ranking_accuracy_0.1": 0.67, "val_ranking_accuracy_0.2": 0.68, "val_ranking_accuracy_0.3": 0.69, "val_ranking_accuracy_0.4": 0.7, "val_ranking_accuracy_0.5": 0.71, "val_ranking_accuracy_0.6": 0.71, "val_ranking_accuracy_0.7": 0.72, "val_ranking_accuracy_0.8": 0.73, "val_ranking_accuracy_0.9": 0.74, "val_ranking_accuracy_1.0": 0.75, "val_ranking_accuracy_1.1": 0.76, "val_ranking_accuracy_1.2": 0.77, "val_ranking_accuracy_1.3": 0.78, "val_ranking_accuracy_1.4": 0.78, "val_ranking_accuracy_1.5": 0.8, "val_ranking_accuracy_1.6": 0.81, "val_ranking_accuracy_1.7": 0.81, "val_ranking_accuracy_1.8": 0.82, "val_ranking_accuracy_1.9": 0.82, "val_ranking_accuracy_2.0": 0.82, "val_mean_loss": 0.8963378496444263, "val_sum_loss": 280.55374693870544, "timestamp": 1712685578, "checkpoint_dir_name": null, "done": true, "training_iteration": 5, "trial_id": "13b643f7", "date": "2024-04-09_19-59-38", "time_this_iter_s": 474.07608437538147, "time_total_s": 2475.9539561271667, "pid": 2245715, "hostname": "jyn", "node_ip": "131.130.125.89", "config": {"model": {"hidden_dimension": 128, "modules": {"1": {"times": 3, "parameter": {"dropout": 0.2}}}}, "optimizer": {"base_learning_rate": 1e-05}}, "time_since_restore": 2475.9539561271667, "iterations_since_restore": 5}
