{"train_mae": 4.829999923706055, "train_r2": -27.13, "train_spearmanr": 0.11, "train_mse": 24.40999984741211, "train_rmse": 4.940000057220459, "train_mean_loss": 4.825089720579294, "train_sum_loss": 1505.4279928207397, "val_mae": 4.579999923706055, "val_r2": -23.04, "val_spearmanr": 0.03, "val_mse": 22.059999465942383, "val_rmse": 4.699999809265137, "val_ranking_accuracy_0.1": 0.52, "val_ranking_accuracy_0.2": 0.52, "val_ranking_accuracy_0.3": 0.52, "val_ranking_accuracy_0.4": 0.52, "val_ranking_accuracy_0.5": 0.52, "val_ranking_accuracy_0.6": 0.52, "val_ranking_accuracy_0.7": 0.52, "val_ranking_accuracy_0.8": 0.52, "val_ranking_accuracy_0.9": 0.53, "val_ranking_accuracy_1.0": 0.52, "val_ranking_accuracy_1.1": 0.53, "val_ranking_accuracy_1.2": 0.52, "val_ranking_accuracy_1.3": 0.52, "val_ranking_accuracy_1.4": 0.53, "val_ranking_accuracy_1.5": 0.52, "val_ranking_accuracy_1.6": 0.51, "val_ranking_accuracy_1.7": 0.52, "val_ranking_accuracy_1.8": 0.52, "val_ranking_accuracy_1.9": 0.52, "val_ranking_accuracy_2.0": 0.52, "val_mean_loss": 4.57602459173233, "val_sum_loss": 1432.2956972122192, "timestamp": 1712670304, "checkpoint_dir_name": null, "done": false, "training_iteration": 1, "trial_id": "be77c901", "date": "2024-04-09_15-45-04", "time_this_iter_s": 1384.6230914592743, "time_total_s": 1384.6230914592743, "pid": 2230435, "hostname": "jyn", "node_ip": "131.130.125.89", "config": {"model": {"hidden_dimension": 256, "modules": {"1": {"times": 10, "parameter": {"dropout": 0.2}}}}, "optimizer": {"base_learning_rate": 0.001}}, "time_since_restore": 1384.6230914592743, "iterations_since_restore": 1}
{"train_mae": 0.9700000286102295, "train_r2": -1.15, "train_spearmanr": 0.44, "train_mse": 1.8600000143051147, "train_rmse": 1.3700000047683716, "train_mean_loss": 0.96670584495251, "train_sum_loss": 301.6122236251831, "val_mae": 0.9800000190734863, "val_r2": -0.78, "val_spearmanr": 0.7, "val_mse": 1.6299999952316284, "val_rmse": 1.2799999713897705, "val_ranking_accuracy_0.1": 0.76, "val_ranking_accuracy_0.2": 0.77, "val_ranking_accuracy_0.3": 0.79, "val_ranking_accuracy_0.4": 0.8, "val_ranking_accuracy_0.5": 0.82, "val_ranking_accuracy_0.6": 0.83, "val_ranking_accuracy_0.7": 0.85, "val_ranking_accuracy_0.8": 0.86, "val_ranking_accuracy_0.9": 0.87, "val_ranking_accuracy_1.0": 0.88, "val_ranking_accuracy_1.1": 0.88, "val_ranking_accuracy_1.2": 0.89, "val_ranking_accuracy_1.3": 0.89, "val_ranking_accuracy_1.4": 0.9, "val_ranking_accuracy_1.5": 0.91, "val_ranking_accuracy_1.6": 0.91, "val_ranking_accuracy_1.7": 0.92, "val_ranking_accuracy_1.8": 0.93, "val_ranking_accuracy_1.9": 0.92, "val_ranking_accuracy_2.0": 0.93, "val_mean_loss": 0.9793664129397359, "val_sum_loss": 306.54168725013733, "timestamp": 1712671627, "checkpoint_dir_name": null, "done": false, "training_iteration": 2, "trial_id": "be77c901", "date": "2024-04-09_16-07-07", "time_this_iter_s": 1322.3735795021057, "time_total_s": 2706.99667096138, "pid": 2230435, "hostname": "jyn", "node_ip": "131.130.125.89", "config": {"model": {"hidden_dimension": 256, "modules": {"1": {"times": 10, "parameter": {"dropout": 0.2}}}}, "optimizer": {"base_learning_rate": 0.001}}, "time_since_restore": 2706.99667096138, "iterations_since_restore": 2}
{"train_mae": 0.6899999976158142, "train_r2": 0.05, "train_spearmanr": 0.59, "train_mse": 0.8299999833106995, "train_rmse": 0.9100000262260437, "train_mean_loss": 0.6880115621173993, "train_sum_loss": 214.6596073806286, "val_mae": 0.8700000047683716, "val_r2": -0.37, "val_spearmanr": 0.59, "val_mse": 1.2599999904632568, "val_rmse": 1.1200000047683716, "val_ranking_accuracy_0.1": 0.71, "val_ranking_accuracy_0.2": 0.73, "val_ranking_accuracy_0.3": 0.74, "val_ranking_accuracy_0.4": 0.75, "val_ranking_accuracy_0.5": 0.77, "val_ranking_accuracy_0.6": 0.78, "val_ranking_accuracy_0.7": 0.79, "val_ranking_accuracy_0.8": 0.8, "val_ranking_accuracy_0.9": 0.81, "val_ranking_accuracy_1.0": 0.81, "val_ranking_accuracy_1.1": 0.82, "val_ranking_accuracy_1.2": 0.83, "val_ranking_accuracy_1.3": 0.83, "val_ranking_accuracy_1.4": 0.85, "val_ranking_accuracy_1.5": 0.85, "val_ranking_accuracy_1.6": 0.86, "val_ranking_accuracy_1.7": 0.86, "val_ranking_accuracy_1.8": 0.86, "val_ranking_accuracy_1.9": 0.87, "val_ranking_accuracy_2.0": 0.88, "val_mean_loss": 0.8723171101972318, "val_sum_loss": 273.03525549173355, "timestamp": 1712672912, "checkpoint_dir_name": null, "done": false, "training_iteration": 3, "trial_id": "be77c901", "date": "2024-04-09_16-28-32", "time_this_iter_s": 1285.2735188007355, "time_total_s": 3992.2701897621155, "pid": 2230435, "hostname": "jyn", "node_ip": "131.130.125.89", "config": {"model": {"hidden_dimension": 256, "modules": {"1": {"times": 10, "parameter": {"dropout": 0.2}}}}, "optimizer": {"base_learning_rate": 0.001}}, "time_since_restore": 3992.2701897621155, "iterations_since_restore": 3}
{"train_mae": 0.6399999856948853, "train_r2": 0.18, "train_spearmanr": 0.64, "train_mse": 0.7099999785423279, "train_rmse": 0.8399999737739563, "train_mean_loss": 0.640938599808858, "train_sum_loss": 199.9728431403637, "val_mae": 0.7200000286102295, "val_r2": -0.07, "val_spearmanr": 0.56, "val_mse": 0.9800000190734863, "val_rmse": 0.9900000095367432, "val_ranking_accuracy_0.1": 0.7, "val_ranking_accuracy_0.2": 0.71, "val_ranking_accuracy_0.3": 0.72, "val_ranking_accuracy_0.4": 0.74, "val_ranking_accuracy_0.5": 0.75, "val_ranking_accuracy_0.6": 0.76, "val_ranking_accuracy_0.7": 0.77, "val_ranking_accuracy_0.8": 0.78, "val_ranking_accuracy_0.9": 0.79, "val_ranking_accuracy_1.0": 0.8, "val_ranking_accuracy_1.1": 0.81, "val_ranking_accuracy_1.2": 0.82, "val_ranking_accuracy_1.3": 0.83, "val_ranking_accuracy_1.4": 0.83, "val_ranking_accuracy_1.5": 0.84, "val_ranking_accuracy_1.6": 0.85, "val_ranking_accuracy_1.7": 0.85, "val_ranking_accuracy_1.8": 0.85, "val_ranking_accuracy_1.9": 0.86, "val_ranking_accuracy_2.0": 0.87, "val_mean_loss": 0.7208323378722888, "val_sum_loss": 225.6205217540264, "timestamp": 1712674187, "checkpoint_dir_name": null, "done": false, "training_iteration": 4, "trial_id": "be77c901", "date": "2024-04-09_16-49-47", "time_this_iter_s": 1274.7516269683838, "time_total_s": 5267.021816730499, "pid": 2230435, "hostname": "jyn", "node_ip": "131.130.125.89", "config": {"model": {"hidden_dimension": 256, "modules": {"1": {"times": 10, "parameter": {"dropout": 0.2}}}}, "optimizer": {"base_learning_rate": 0.001}}, "time_since_restore": 5267.021816730499, "iterations_since_restore": 4}
{"train_mae": 0.6299999952316284, "train_r2": 0.22, "train_spearmanr": 0.65, "train_mse": 0.6800000071525574, "train_rmse": 0.8199999928474426, "train_mean_loss": 0.6255452575591894, "train_sum_loss": 195.1701203584671, "val_mae": 0.6600000262260437, "val_r2": 0.12, "val_spearmanr": 0.75, "val_mse": 0.8100000023841858, "val_rmse": 0.8999999761581421, "val_ranking_accuracy_0.1": 0.8, "val_ranking_accuracy_0.2": 0.81, "val_ranking_accuracy_0.3": 0.82, "val_ranking_accuracy_0.4": 0.84, "val_ranking_accuracy_0.5": 0.86, "val_ranking_accuracy_0.6": 0.86, "val_ranking_accuracy_0.7": 0.88, "val_ranking_accuracy_0.8": 0.88, "val_ranking_accuracy_0.9": 0.9, "val_ranking_accuracy_1.0": 0.91, "val_ranking_accuracy_1.1": 0.91, "val_ranking_accuracy_1.2": 0.92, "val_ranking_accuracy_1.3": 0.92, "val_ranking_accuracy_1.4": 0.93, "val_ranking_accuracy_1.5": 0.94, "val_ranking_accuracy_1.6": 0.94, "val_ranking_accuracy_1.7": 0.95, "val_ranking_accuracy_1.8": 0.95, "val_ranking_accuracy_1.9": 0.96, "val_ranking_accuracy_2.0": 0.95, "val_mean_loss": 0.6593982961992867, "val_sum_loss": 206.39166671037674, "timestamp": 1712675415, "checkpoint_dir_name": null, "done": false, "training_iteration": 5, "trial_id": "be77c901", "date": "2024-04-09_17-10-15", "time_this_iter_s": 1228.7831482887268, "time_total_s": 6495.804965019226, "pid": 2230435, "hostname": "jyn", "node_ip": "131.130.125.89", "config": {"model": {"hidden_dimension": 256, "modules": {"1": {"times": 10, "parameter": {"dropout": 0.2}}}}, "optimizer": {"base_learning_rate": 0.001}}, "time_since_restore": 6495.804965019226, "iterations_since_restore": 5}
{"train_mae": 0.6100000143051147, "train_r2": 0.27, "train_spearmanr": 0.66, "train_mse": 0.6299999952316284, "train_rmse": 0.800000011920929, "train_mean_loss": 0.6080523610879214, "train_sum_loss": 189.71233665943146, "val_mae": 0.6600000262260437, "val_r2": 0.16, "val_spearmanr": 0.61, "val_mse": 0.7699999809265137, "val_rmse": 0.8799999952316284, "val_ranking_accuracy_0.1": 0.72, "val_ranking_accuracy_0.2": 0.73, "val_ranking_accuracy_0.3": 0.74, "val_ranking_accuracy_0.4": 0.76, "val_ranking_accuracy_0.5": 0.77, "val_ranking_accuracy_0.6": 0.79, "val_ranking_accuracy_0.7": 0.8, "val_ranking_accuracy_0.8": 0.81, "val_ranking_accuracy_0.9": 0.82, "val_ranking_accuracy_1.0": 0.83, "val_ranking_accuracy_1.1": 0.84, "val_ranking_accuracy_1.2": 0.85, "val_ranking_accuracy_1.3": 0.85, "val_ranking_accuracy_1.4": 0.86, "val_ranking_accuracy_1.5": 0.87, "val_ranking_accuracy_1.6": 0.87, "val_ranking_accuracy_1.7": 0.87, "val_ranking_accuracy_1.8": 0.87, "val_ranking_accuracy_1.9": 0.88, "val_ranking_accuracy_2.0": 0.89, "val_mean_loss": 0.6556293567339071, "val_sum_loss": 205.21198865771294, "timestamp": 1712676722, "checkpoint_dir_name": null, "done": false, "training_iteration": 6, "trial_id": "be77c901", "date": "2024-04-09_17-32-02", "time_this_iter_s": 1306.9281585216522, "time_total_s": 7802.733123540878, "pid": 2230435, "hostname": "jyn", "node_ip": "131.130.125.89", "config": {"model": {"hidden_dimension": 256, "modules": {"1": {"times": 10, "parameter": {"dropout": 0.2}}}}, "optimizer": {"base_learning_rate": 0.001}}, "time_since_restore": 7802.733123540878, "iterations_since_restore": 6}
{"train_mae": 0.6499999761581421, "train_r2": 0.16, "train_spearmanr": 0.62, "train_mse": 0.7300000190734863, "train_rmse": 0.8500000238418579, "train_mean_loss": 0.6480350327224303, "train_sum_loss": 202.18693020939827, "val_mae": 0.5799999833106995, "val_r2": 0.4, "val_spearmanr": 0.79, "val_mse": 0.550000011920929, "val_rmse": 0.7400000095367432, "val_ranking_accuracy_0.1": 0.8, "val_ranking_accuracy_0.2": 0.82, "val_ranking_accuracy_0.3": 0.83, "val_ranking_accuracy_0.4": 0.85, "val_ranking_accuracy_0.5": 0.86, "val_ranking_accuracy_0.6": 0.88, "val_ranking_accuracy_0.7": 0.89, "val_ranking_accuracy_0.8": 0.9, "val_ranking_accuracy_0.9": 0.91, "val_ranking_accuracy_1.0": 0.92, "val_ranking_accuracy_1.1": 0.93, "val_ranking_accuracy_1.2": 0.94, "val_ranking_accuracy_1.3": 0.94, "val_ranking_accuracy_1.4": 0.95, "val_ranking_accuracy_1.5": 0.95, "val_ranking_accuracy_1.6": 0.95, "val_ranking_accuracy_1.7": 0.95, "val_ranking_accuracy_1.8": 0.95, "val_ranking_accuracy_1.9": 0.95, "val_ranking_accuracy_2.0": 0.95, "val_mean_loss": 0.5831424093094116, "val_sum_loss": 182.52357411384583, "timestamp": 1712678019, "checkpoint_dir_name": null, "done": false, "training_iteration": 7, "trial_id": "be77c901", "date": "2024-04-09_17-53-39", "time_this_iter_s": 1296.3056964874268, "time_total_s": 9099.038820028305, "pid": 2230435, "hostname": "jyn", "node_ip": "131.130.125.89", "config": {"model": {"hidden_dimension": 256, "modules": {"1": {"times": 10, "parameter": {"dropout": 0.2}}}}, "optimizer": {"base_learning_rate": 0.001}}, "time_since_restore": 9099.038820028305, "iterations_since_restore": 7}
{"train_mae": 0.6299999952316284, "train_r2": 0.21, "train_spearmanr": 0.64, "train_mse": 0.6899999976158142, "train_rmse": 0.8299999833106995, "train_mean_loss": 0.6281825844676067, "train_sum_loss": 195.99296635389328, "val_mae": 1.2699999809265137, "val_r2": -1.77, "val_spearmanr": 0.43, "val_mse": 2.5399999618530273, "val_rmse": 1.590000033378601, "val_ranking_accuracy_0.1": 0.65, "val_ranking_accuracy_0.2": 0.66, "val_ranking_accuracy_0.3": 0.67, "val_ranking_accuracy_0.4": 0.68, "val_ranking_accuracy_0.5": 0.68, "val_ranking_accuracy_0.6": 0.69, "val_ranking_accuracy_0.7": 0.7, "val_ranking_accuracy_0.8": 0.71, "val_ranking_accuracy_0.9": 0.72, "val_ranking_accuracy_1.0": 0.73, "val_ranking_accuracy_1.1": 0.73, "val_ranking_accuracy_1.2": 0.74, "val_ranking_accuracy_1.3": 0.75, "val_ranking_accuracy_1.4": 0.76, "val_ranking_accuracy_1.5": 0.77, "val_ranking_accuracy_1.6": 0.77, "val_ranking_accuracy_1.7": 0.77, "val_ranking_accuracy_1.8": 0.77, "val_ranking_accuracy_1.9": 0.77, "val_ranking_accuracy_2.0": 0.77, "val_mean_loss": 1.2671028371817006, "val_sum_loss": 396.6031880378723, "timestamp": 1712679299, "checkpoint_dir_name": null, "done": false, "training_iteration": 8, "trial_id": "be77c901", "date": "2024-04-09_18-14-59", "time_this_iter_s": 1280.6203789710999, "time_total_s": 10379.659198999405, "pid": 2230435, "hostname": "jyn", "node_ip": "131.130.125.89", "config": {"model": {"hidden_dimension": 256, "modules": {"1": {"times": 10, "parameter": {"dropout": 0.2}}}}, "optimizer": {"base_learning_rate": 0.001}}, "time_since_restore": 10379.659198999405, "iterations_since_restore": 8}
{"train_mae": 0.6200000047683716, "train_r2": 0.23, "train_spearmanr": 0.64, "train_mse": 0.6700000166893005, "train_rmse": 0.8199999928474426, "train_mean_loss": 0.6228005950076457, "train_sum_loss": 194.31378564238548, "val_mae": 0.6600000262260437, "val_r2": 0.11, "val_spearmanr": 0.65, "val_mse": 0.8199999928474426, "val_rmse": 0.8999999761581421, "val_ranking_accuracy_0.1": 0.75, "val_ranking_accuracy_0.2": 0.76, "val_ranking_accuracy_0.3": 0.77, "val_ranking_accuracy_0.4": 0.79, "val_ranking_accuracy_0.5": 0.8, "val_ranking_accuracy_0.6": 0.82, "val_ranking_accuracy_0.7": 0.83, "val_ranking_accuracy_0.8": 0.84, "val_ranking_accuracy_0.9": 0.84, "val_ranking_accuracy_1.0": 0.86, "val_ranking_accuracy_1.1": 0.86, "val_ranking_accuracy_1.2": 0.86, "val_ranking_accuracy_1.3": 0.87, "val_ranking_accuracy_1.4": 0.88, "val_ranking_accuracy_1.5": 0.89, "val_ranking_accuracy_1.6": 0.89, "val_ranking_accuracy_1.7": 0.89, "val_ranking_accuracy_1.8": 0.9, "val_ranking_accuracy_1.9": 0.91, "val_ranking_accuracy_2.0": 0.9, "val_mean_loss": 0.6572087534700339, "val_sum_loss": 205.7063398361206, "timestamp": 1712680590, "checkpoint_dir_name": null, "done": false, "training_iteration": 9, "trial_id": "be77c901", "date": "2024-04-09_18-36-30", "time_this_iter_s": 1290.9948942661285, "time_total_s": 11670.654093265533, "pid": 2230435, "hostname": "jyn", "node_ip": "131.130.125.89", "config": {"model": {"hidden_dimension": 256, "modules": {"1": {"times": 10, "parameter": {"dropout": 0.2}}}}, "optimizer": {"base_learning_rate": 0.001}}, "time_since_restore": 11670.654093265533, "iterations_since_restore": 9}
{"train_mae": 0.6000000238418579, "train_r2": 0.29, "train_spearmanr": 0.66, "train_mse": 0.6200000047683716, "train_rmse": 0.7799999713897705, "train_mean_loss": 0.5962863742158964, "train_sum_loss": 186.04134875535965, "val_mae": 0.699999988079071, "val_r2": -0.23, "val_spearmanr": 0.63, "val_mse": 1.1299999952316284, "val_rmse": 1.059999942779541, "val_ranking_accuracy_0.1": 0.75, "val_ranking_accuracy_0.2": 0.76, "val_ranking_accuracy_0.3": 0.77, "val_ranking_accuracy_0.4": 0.78, "val_ranking_accuracy_0.5": 0.79, "val_ranking_accuracy_0.6": 0.8, "val_ranking_accuracy_0.7": 0.82, "val_ranking_accuracy_0.8": 0.82, "val_ranking_accuracy_0.9": 0.83, "val_ranking_accuracy_1.0": 0.84, "val_ranking_accuracy_1.1": 0.85, "val_ranking_accuracy_1.2": 0.86, "val_ranking_accuracy_1.3": 0.86, "val_ranking_accuracy_1.4": 0.87, "val_ranking_accuracy_1.5": 0.87, "val_ranking_accuracy_1.6": 0.87, "val_ranking_accuracy_1.7": 0.88, "val_ranking_accuracy_1.8": 0.88, "val_ranking_accuracy_1.9": 0.88, "val_ranking_accuracy_2.0": 0.88, "val_mean_loss": 0.6961084857535439, "val_sum_loss": 217.88195604085922, "timestamp": 1712681911, "checkpoint_dir_name": null, "done": false, "training_iteration": 10, "trial_id": "be77c901", "date": "2024-04-09_18-58-31", "time_this_iter_s": 1320.8569128513336, "time_total_s": 12991.511006116867, "pid": 2230435, "hostname": "jyn", "node_ip": "131.130.125.89", "config": {"model": {"hidden_dimension": 256, "modules": {"1": {"times": 10, "parameter": {"dropout": 0.2}}}}, "optimizer": {"base_learning_rate": 0.001}}, "time_since_restore": 12991.511006116867, "iterations_since_restore": 10}
{"train_mae": 0.6399999856948853, "train_r2": 0.15, "train_spearmanr": 0.63, "train_mse": 0.7400000095367432, "train_rmse": 0.8600000143051147, "train_mean_loss": 0.6396248556482487, "train_sum_loss": 199.56295496225357, "val_mae": 0.6700000166893005, "val_r2": -1.0, "val_spearmanr": 0.73, "val_mse": 1.8300000429153442, "val_rmse": 1.350000023841858, "val_ranking_accuracy_0.1": 0.79, "val_ranking_accuracy_0.2": 0.8, "val_ranking_accuracy_0.3": 0.82, "val_ranking_accuracy_0.4": 0.83, "val_ranking_accuracy_0.5": 0.85, "val_ranking_accuracy_0.6": 0.86, "val_ranking_accuracy_0.7": 0.87, "val_ranking_accuracy_0.8": 0.88, "val_ranking_accuracy_0.9": 0.89, "val_ranking_accuracy_1.0": 0.9, "val_ranking_accuracy_1.1": 0.91, "val_ranking_accuracy_1.2": 0.91, "val_ranking_accuracy_1.3": 0.91, "val_ranking_accuracy_1.4": 0.92, "val_ranking_accuracy_1.5": 0.92, "val_ranking_accuracy_1.6": 0.92, "val_ranking_accuracy_1.7": 0.92, "val_ranking_accuracy_1.8": 0.92, "val_ranking_accuracy_1.9": 0.93, "val_ranking_accuracy_2.0": 0.92, "val_mean_loss": 0.6740999849269185, "val_sum_loss": 210.99329528212547, "timestamp": 1712683180, "checkpoint_dir_name": null, "done": false, "training_iteration": 11, "trial_id": "be77c901", "date": "2024-04-09_19-19-40", "time_this_iter_s": 1268.5077588558197, "time_total_s": 14260.018764972687, "pid": 2230435, "hostname": "jyn", "node_ip": "131.130.125.89", "config": {"model": {"hidden_dimension": 256, "modules": {"1": {"times": 10, "parameter": {"dropout": 0.2}}}}, "optimizer": {"base_learning_rate": 0.001}}, "time_since_restore": 14260.018764972687, "iterations_since_restore": 11}
{"train_mae": 0.5799999833106995, "train_r2": 0.31, "train_spearmanr": 0.68, "train_mse": 0.6000000238418579, "train_rmse": 0.7699999809265137, "train_mean_loss": 0.580197260929988, "train_sum_loss": 181.02154541015625, "val_mae": 0.5, "val_r2": 0.49, "val_spearmanr": 0.76, "val_mse": 0.4699999988079071, "val_rmse": 0.6800000071525574, "val_ranking_accuracy_0.1": 0.79, "val_ranking_accuracy_0.2": 0.81, "val_ranking_accuracy_0.3": 0.82, "val_ranking_accuracy_0.4": 0.84, "val_ranking_accuracy_0.5": 0.85, "val_ranking_accuracy_0.6": 0.86, "val_ranking_accuracy_0.7": 0.88, "val_ranking_accuracy_0.8": 0.89, "val_ranking_accuracy_0.9": 0.89, "val_ranking_accuracy_1.0": 0.91, "val_ranking_accuracy_1.1": 0.92, "val_ranking_accuracy_1.2": 0.93, "val_ranking_accuracy_1.3": 0.93, "val_ranking_accuracy_1.4": 0.93, "val_ranking_accuracy_1.5": 0.94, "val_ranking_accuracy_1.6": 0.94, "val_ranking_accuracy_1.7": 0.95, "val_ranking_accuracy_1.8": 0.95, "val_ranking_accuracy_1.9": 0.96, "val_ranking_accuracy_2.0": 0.96, "val_mean_loss": 0.497492962180616, "val_sum_loss": 155.7152971625328, "timestamp": 1712684491, "checkpoint_dir_name": null, "done": false, "training_iteration": 12, "trial_id": "be77c901", "date": "2024-04-09_19-41-31", "time_this_iter_s": 1310.7793095111847, "time_total_s": 15570.798074483871, "pid": 2230435, "hostname": "jyn", "node_ip": "131.130.125.89", "config": {"model": {"hidden_dimension": 256, "modules": {"1": {"times": 10, "parameter": {"dropout": 0.2}}}}, "optimizer": {"base_learning_rate": 0.001}}, "time_since_restore": 15570.798074483871, "iterations_since_restore": 12}
{"train_mae": 0.5400000214576721, "train_r2": 0.42, "train_spearmanr": 0.71, "train_mse": 0.5, "train_rmse": 0.7099999785423279, "train_mean_loss": 0.5374438368166105, "train_sum_loss": 167.68247708678246, "val_mae": 0.5899999737739563, "val_r2": -0.62, "val_spearmanr": 0.76, "val_mse": 1.4900000095367432, "val_rmse": 1.2200000286102295, "val_ranking_accuracy_0.1": 0.8, "val_ranking_accuracy_0.2": 0.82, "val_ranking_accuracy_0.3": 0.83, "val_ranking_accuracy_0.4": 0.85, "val_ranking_accuracy_0.5": 0.85, "val_ranking_accuracy_0.6": 0.87, "val_ranking_accuracy_0.7": 0.88, "val_ranking_accuracy_0.8": 0.88, "val_ranking_accuracy_0.9": 0.89, "val_ranking_accuracy_1.0": 0.9, "val_ranking_accuracy_1.1": 0.91, "val_ranking_accuracy_1.2": 0.92, "val_ranking_accuracy_1.3": 0.92, "val_ranking_accuracy_1.4": 0.93, "val_ranking_accuracy_1.5": 0.92, "val_ranking_accuracy_1.6": 0.93, "val_ranking_accuracy_1.7": 0.93, "val_ranking_accuracy_1.8": 0.93, "val_ranking_accuracy_1.9": 0.93, "val_ranking_accuracy_2.0": 0.93, "val_mean_loss": 0.5874151804576666, "val_sum_loss": 183.86095148324966, "timestamp": 1712685749, "checkpoint_dir_name": null, "done": false, "training_iteration": 13, "trial_id": "be77c901", "date": "2024-04-09_20-02-29", "time_this_iter_s": 1258.699515581131, "time_total_s": 16829.497590065002, "pid": 2230435, "hostname": "jyn", "node_ip": "131.130.125.89", "config": {"model": {"hidden_dimension": 256, "modules": {"1": {"times": 10, "parameter": {"dropout": 0.2}}}}, "optimizer": {"base_learning_rate": 0.001}}, "time_since_restore": 16829.497590065002, "iterations_since_restore": 13}
{"train_mae": 0.5099999904632568, "train_r2": 0.46, "train_spearmanr": 0.73, "train_mse": 0.46000000834465027, "train_rmse": 0.6800000071525574, "train_mean_loss": 0.5087836674199655, "train_sum_loss": 158.74050423502922, "val_mae": 0.6600000262260437, "val_r2": 0.14, "val_spearmanr": 0.79, "val_mse": 0.7900000214576721, "val_rmse": 0.8899999856948853, "val_ranking_accuracy_0.1": 0.81, "val_ranking_accuracy_0.2": 0.83, "val_ranking_accuracy_0.3": 0.85, "val_ranking_accuracy_0.4": 0.86, "val_ranking_accuracy_0.5": 0.87, "val_ranking_accuracy_0.6": 0.88, "val_ranking_accuracy_0.7": 0.89, "val_ranking_accuracy_0.8": 0.9, "val_ranking_accuracy_0.9": 0.91, "val_ranking_accuracy_1.0": 0.92, "val_ranking_accuracy_1.1": 0.93, "val_ranking_accuracy_1.2": 0.93, "val_ranking_accuracy_1.3": 0.93, "val_ranking_accuracy_1.4": 0.94, "val_ranking_accuracy_1.5": 0.94, "val_ranking_accuracy_1.6": 0.95, "val_ranking_accuracy_1.7": 0.95, "val_ranking_accuracy_1.8": 0.95, "val_ranking_accuracy_1.9": 0.95, "val_ranking_accuracy_2.0": 0.95, "val_mean_loss": 0.6627895435967004, "val_sum_loss": 207.4531271457672, "timestamp": 1712687070, "checkpoint_dir_name": null, "done": false, "training_iteration": 14, "trial_id": "be77c901", "date": "2024-04-09_20-24-30", "time_this_iter_s": 1321.0307400226593, "time_total_s": 18150.52833008766, "pid": 2230435, "hostname": "jyn", "node_ip": "131.130.125.89", "config": {"model": {"hidden_dimension": 256, "modules": {"1": {"times": 10, "parameter": {"dropout": 0.2}}}}, "optimizer": {"base_learning_rate": 0.001}}, "time_since_restore": 18150.52833008766, "iterations_since_restore": 14}
{"train_mae": 0.5299999713897705, "train_r2": 0.44, "train_spearmanr": 0.72, "train_mse": 0.49000000953674316, "train_rmse": 0.699999988079071, "train_mean_loss": 0.5305136729700443, "train_sum_loss": 165.52026596665382, "val_mae": 0.5400000214576721, "val_r2": 0.41, "val_spearmanr": 0.81, "val_mse": 0.5400000214576721, "val_rmse": 0.7400000095367432, "val_ranking_accuracy_0.1": 0.82, "val_ranking_accuracy_0.2": 0.84, "val_ranking_accuracy_0.3": 0.85, "val_ranking_accuracy_0.4": 0.86, "val_ranking_accuracy_0.5": 0.88, "val_ranking_accuracy_0.6": 0.89, "val_ranking_accuracy_0.7": 0.9, "val_ranking_accuracy_0.8": 0.91, "val_ranking_accuracy_0.9": 0.92, "val_ranking_accuracy_1.0": 0.93, "val_ranking_accuracy_1.1": 0.93, "val_ranking_accuracy_1.2": 0.94, "val_ranking_accuracy_1.3": 0.94, "val_ranking_accuracy_1.4": 0.95, "val_ranking_accuracy_1.5": 0.95, "val_ranking_accuracy_1.6": 0.95, "val_ranking_accuracy_1.7": 0.96, "val_ranking_accuracy_1.8": 0.96, "val_ranking_accuracy_1.9": 0.95, "val_ranking_accuracy_2.0": 0.95, "val_mean_loss": 0.5385944629058289, "val_sum_loss": 168.58006688952446, "timestamp": 1712688368, "checkpoint_dir_name": null, "done": true, "training_iteration": 15, "trial_id": "be77c901", "date": "2024-04-09_20-46-08", "time_this_iter_s": 1298.1471648216248, "time_total_s": 19448.675494909286, "pid": 2230435, "hostname": "jyn", "node_ip": "131.130.125.89", "config": {"model": {"hidden_dimension": 256, "modules": {"1": {"times": 10, "parameter": {"dropout": 0.2}}}}, "optimizer": {"base_learning_rate": 0.001}}, "time_since_restore": 19448.675494909286, "iterations_since_restore": 15}
