train_accuracy,train_precision,train_recall,train_f1,train_auc,train_mean_loss,train_sum_loss,val_accuracy,val_precision,val_recall,val_f1,val_auc,val_mean_loss,val_sum_loss,test_accuracy,test_precision,test_recall,test_f1,test_auc,test_mean_loss,test_sum_loss,timestamp,checkpoint_dir_name,done,training_iteration,trial_id,date,time_this_iter_s,time_total_s,pid,hostname,node_ip,time_since_restore,iterations_since_restore,config/model/hidden_dimension,config/model/modules/1/parameter/dropout,config/model/modules/1/times,config/optimizer/base_learning_rate
0.55,0.0,0.0,0.0,0.53,1.364574670791626,46.39553880691528,0.52,0.0,0.0,0.0,0.46,1.6249340295791626,8.124670147895813,0.51,0.0,0.0,0.0,0.48,1.633056652545929,16.33056652545929,1713035175,,False,1,0990ef88,2024-04-13_21-06-15,51.260666608810425,51.260666608810425,27176,AT-MB-PC-E13,127.0.0.1,51.260666608810425,1,64,0.2,6,0.0001
0.56,0.56,0.07,0.12,0.56,1.0228142422788284,34.775684237480164,0.52,0.0,0.0,0.0,0.43,1.2527364253997804,6.263682126998901,0.51,0.0,0.0,0.0,0.46,1.1628018021583557,11.628018021583557,1713035218,,False,2,0990ef88,2024-04-13_21-06-58,42.821067333221436,94.08173394203186,27176,AT-MB-PC-E13,127.0.0.1,94.08173394203186,2,64,0.2,6,0.0001
0.63,0.61,0.44,0.51,0.67,0.6601985710508683,22.446751415729523,0.54,0.52,0.35,0.42,0.55,0.7626243114471436,3.8131215572357178,0.57,0.59,0.39,0.47,0.61,0.7113652050495147,7.113652050495148,1713035260,,False,3,0990ef88,2024-04-13_21-07-40,42.38725781440735,136.4689917564392,27176,AT-MB-PC-E13,127.0.0.1,136.4689917564392,3,64,0.2,6,0.0001
0.69,0.68,0.56,0.62,0.75,0.5957438682808596,20.255291521549225,0.58,0.56,0.56,0.56,0.63,0.7061335325241089,3.5306676626205444,0.58,0.59,0.48,0.53,0.61,0.7211222410202026,7.211222410202026,1713035303,,False,4,0990ef88,2024-04-13_21-08-23,42.41443228721619,178.8834240436554,27176,AT-MB-PC-E13,127.0.0.1,178.8834240436554,4,64,0.2,6,0.0001
0.69,0.66,0.63,0.65,0.76,0.586822055718478,19.951949894428253,0.6,0.57,0.68,0.62,0.66,0.7069584250450134,3.534792125225067,0.6,0.57,0.68,0.62,0.65,0.7080821931362152,7.080821931362152,1713035346,,False,5,0990ef88,2024-04-13_21-09-06,43.22106719017029,222.10449123382568,27176,AT-MB-PC-E13,127.0.0.1,222.10449123382568,5,64,0.2,6,0.0001
0.72,0.69,0.67,0.68,0.78,0.555793252937934,18.896970599889755,0.56,0.65,0.18,0.28,0.63,0.8390821814537048,4.195410907268524,0.58,0.67,0.27,0.39,0.66,0.7771415114402771,7.771415114402771,1713035390,,False,6,0990ef88,2024-04-13_21-09-50,43.57902479171753,265.6835160255432,27176,AT-MB-PC-E13,127.0.0.1,265.6835160255432,6,64,0.2,6,0.0001
0.72,0.7,0.65,0.67,0.8,0.5404678793514476,18.37590789794922,0.63,0.62,0.57,0.59,0.66,0.7042991161346436,3.5214955806732178,0.64,0.66,0.54,0.59,0.68,0.7141435444355011,7.141435444355011,1713035432,,False,7,0990ef88,2024-04-13_21-10-32,42.53020000457764,308.21371603012085,27176,AT-MB-PC-E13,127.0.0.1,308.21371603012085,7,64,0.2,6,0.0001
0.74,0.7,0.72,0.71,0.81,0.5267958711175358,17.911059617996216,0.7,0.68,0.72,0.7,0.71,0.6965464115142822,3.482732057571411,0.6,0.62,0.49,0.55,0.63,0.8183599054813385,8.183599054813385,1713035474,,False,8,0990ef88,2024-04-13_21-11-14,42.28477191925049,350.49848794937134,27176,AT-MB-PC-E13,127.0.0.1,350.49848794937134,8,64,0.2,6,0.0001
0.75,0.71,0.71,0.71,0.82,0.5189247455667046,17.64344134926796,0.7,0.7,0.62,0.66,0.73,0.65377756357193,3.2688878178596497,0.56,0.56,0.43,0.49,0.64,0.7241177082061767,7.241177082061768,1713035517,,False,9,0990ef88,2024-04-13_21-11-57,42.604246854782104,393.10273480415344,27176,AT-MB-PC-E13,127.0.0.1,393.10273480415344,9,64,0.2,6,0.0001
0.75,0.74,0.67,0.7,0.82,0.5199497114209568,17.67829018831253,0.65,0.59,0.86,0.7,0.71,0.7460407853126526,3.730203926563263,0.64,0.6,0.77,0.67,0.67,0.7127863168716431,7.127863168716431,1713035560,,False,10,0990ef88,2024-04-13_21-12-40,42.706305742263794,435.80904054641724,27176,AT-MB-PC-E13,127.0.0.1,435.80904054641724,10,64,0.2,6,0.0001
0.77,0.72,0.77,0.74,0.84,0.5140898578307208,17.479055166244507,0.6,0.76,0.22,0.34,0.71,0.9608358979225159,4.804179489612579,0.55,0.6,0.22,0.32,0.65,0.862921291589737,8.62921291589737,1713035603,,False,11,0990ef88,2024-04-13_21-13-23,42.757983446121216,478.56702399253845,27176,AT-MB-PC-E13,127.0.0.1,478.56702399253845,11,64,0.2,6,0.0001
0.76,0.74,0.69,0.72,0.84,0.4873384044450872,16.569505751132965,0.55,0.58,0.21,0.31,0.63,0.966762125492096,4.83381062746048,0.56,0.56,0.46,0.5,0.61,0.8461969673633576,8.461969673633575,1713035645,,False,12,0990ef88,2024-04-13_21-14-05,42.6759569644928,521.2429809570312,27176,AT-MB-PC-E13,127.0.0.1,521.2429809570312,12,64,0.2,6,0.0001
0.78,0.77,0.71,0.74,0.85,0.48856627239900474,16.611253261566162,0.59,0.58,0.49,0.53,0.66,0.952302098274231,4.761510491371155,0.64,0.62,0.67,0.64,0.68,0.7817349851131439,7.817349851131439,1713035688,,False,13,0990ef88,2024-04-13_21-14-48,42.832560539245605,564.0755414962769,27176,AT-MB-PC-E13,127.0.0.1,564.0755414962769,13,64,0.2,6,0.0001
0.76,0.72,0.74,0.73,0.83,0.5003471523523331,17.011803179979324,0.64,0.58,0.85,0.69,0.71,0.8098013758659363,4.049006879329681,0.6,0.57,0.74,0.64,0.7,0.694075882434845,6.94075882434845,1713035731,,False,14,0990ef88,2024-04-13_21-15-31,42.87289905548096,606.9484405517578,27176,AT-MB-PC-E13,127.0.0.1,606.9484405517578,14,64,0.2,6,0.0001
0.76,0.73,0.71,0.72,0.85,0.476574833778774,16.203544348478317,0.67,0.7,0.54,0.61,0.72,0.75173419713974,3.7586709856987,0.64,0.68,0.5,0.57,0.67,0.7207525610923767,7.207525610923767,1713035774,,False,15,0990ef88,2024-04-13_21-16-14,42.851094484329224,649.799535036087,27176,AT-MB-PC-E13,127.0.0.1,649.799535036087,15,64,0.2,6,0.0001
0.78,0.74,0.78,0.76,0.87,0.45240598347257166,15.381803438067436,0.65,0.63,0.62,0.63,0.67,0.774949026107788,3.8747451305389404,0.57,0.59,0.4,0.48,0.66,0.7813616812229156,7.8136168122291565,1713035816,,False,16,0990ef88,2024-04-13_21-16-56,41.78365898132324,691.5831940174103,27176,AT-MB-PC-E13,127.0.0.1,691.5831940174103,16,64,0.2,6,0.0001
0.78,0.75,0.74,0.75,0.86,0.45776287685422334,15.563937813043594,0.64,0.62,0.6,0.61,0.68,0.7234337210655213,3.617168605327606,0.64,0.66,0.54,0.59,0.73,0.6161139339208603,6.161139339208603,1713035859,,False,17,0990ef88,2024-04-13_21-17-39,43.07314682006836,734.6563408374786,27176,AT-MB-PC-E13,127.0.0.1,734.6563408374786,17,64,0.2,6,0.0001
0.79,0.77,0.75,0.76,0.86,0.47164469387601404,16.035919591784477,0.68,0.62,0.83,0.71,0.74,0.7322460651397705,3.6612303256988525,0.63,0.6,0.71,0.65,0.72,0.6821305006742477,6.821305006742477,1713035902,,False,18,0990ef88,2024-04-13_21-18-22,43.146419286727905,777.8027601242065,27176,AT-MB-PC-E13,127.0.0.1,777.8027601242065,18,64,0.2,6,0.0001
0.81,0.77,0.82,0.8,0.89,0.42079326335121603,14.306970953941345,0.7,0.69,0.65,0.67,0.74,0.6991946816444397,3.4959734082221985,0.66,0.64,0.69,0.67,0.71,0.6801390558481216,6.801390558481216,1713035945,,False,19,0990ef88,2024-04-13_21-19-05,43.20237112045288,821.0051312446594,27176,AT-MB-PC-E13,127.0.0.1,821.0051312446594,19,64,0.2,6,0.0001
0.8,0.77,0.8,0.78,0.88,0.4214707731324084,14.330006286501884,0.57,0.77,0.14,0.24,0.72,1.1455498576164245,5.727749288082123,0.61,0.78,0.27,0.4,0.69,1.005935761332512,10.059357613325119,1713035988,,False,20,0990ef88,2024-04-13_21-19-48,43.33336567878723,864.3384969234467,27176,AT-MB-PC-E13,127.0.0.1,864.3384969234467,20,64,0.2,6,0.0001
0.8,0.78,0.78,0.78,0.88,0.42955103034482284,14.604735031723976,0.64,0.59,0.85,0.69,0.68,0.8666289806365967,4.333144903182983,0.65,0.61,0.76,0.67,0.7,0.7910212486982345,7.910212486982346,1713036032,,False,21,0990ef88,2024-04-13_21-20-32,43.208789587020874,907.5472865104675,27176,AT-MB-PC-E13,127.0.0.1,907.5472865104675,21,64,0.2,6,0.0001
0.81,0.77,0.81,0.79,0.89,0.4254908412694931,14.466688603162766,0.63,0.64,0.51,0.57,0.73,0.6901939272880554,3.450969636440277,0.63,0.61,0.64,0.62,0.69,0.7035186916589737,7.035186916589737,1713036075,,False,22,0990ef88,2024-04-13_21-21-15,43.46961522102356,951.0169017314911,27176,AT-MB-PC-E13,127.0.0.1,951.0169017314911,22,64,0.2,6,0.0001
0.81,0.79,0.78,0.79,0.89,0.41662467271089554,14.165238872170448,0.64,0.67,0.49,0.56,0.71,0.7914780378341675,3.9573901891708374,0.59,0.62,0.41,0.5,0.68,0.8294673442840577,8.294673442840576,1713036117,,False,23,0990ef88,2024-04-13_21-21-57,42.22219204902649,993.2390937805176,27176,AT-MB-PC-E13,127.0.0.1,993.2390937805176,23,64,0.2,6,0.0001
0.82,0.8,0.8,0.8,0.9,0.40036424950641747,13.612384483218193,0.7,0.7,0.67,0.68,0.74,0.6984476089477539,3.4922380447387695,0.69,0.69,0.64,0.66,0.72,0.7087677299976349,7.087677299976349,1713036161,,False,24,0990ef88,2024-04-13_21-22-41,43.34415245056152,1036.583246231079,27176,AT-MB-PC-E13,127.0.0.1,1036.583246231079,24,64,0.2,6,0.0001
0.82,0.79,0.81,0.79,0.9,0.39553096802795634,13.448052912950516,0.68,0.67,0.65,0.66,0.76,0.6639225900173187,3.3196129500865936,0.65,0.7,0.48,0.57,0.73,0.7499629616737366,7.499629616737366,1713036204,,False,25,0990ef88,2024-04-13_21-23-24,42.90101742744446,1079.4842636585236,27176,AT-MB-PC-E13,127.0.0.1,1079.4842636585236,25,64,0.2,6,0.0001
0.82,0.8,0.8,0.8,0.9,0.39402005339370055,13.396681815385818,0.71,0.66,0.79,0.72,0.77,0.6300051271915436,3.150025635957718,0.69,0.65,0.77,0.7,0.72,0.7452747106552124,7.452747106552124,1713036247,,False,26,0990ef88,2024-04-13_21-24-07,43.430908203125,1122.9151718616486,27176,AT-MB-PC-E13,127.0.0.1,1122.9151718616486,26,64,0.2,6,0.0001
0.82,0.79,0.81,0.8,0.9,0.3968936787808643,13.494385078549385,0.6,0.64,0.38,0.47,0.68,1.0555679202079773,5.2778396010398865,0.62,0.71,0.37,0.49,0.75,0.8094716846942902,8.094716846942902,1713036290,,False,27,0990ef88,2024-04-13_21-24-50,42.752246141433716,1165.6674180030823,27176,AT-MB-PC-E13,127.0.0.1,1165.6674180030823,27,64,0.2,6,0.0001
0.83,0.81,0.82,0.81,0.91,0.3719491511583328,12.646271139383316,0.71,0.64,0.89,0.74,0.77,0.6807711601257325,3.403855800628662,0.66,0.62,0.77,0.68,0.72,0.7514551103115081,7.514551103115082,1713036332,,False,28,0990ef88,2024-04-13_21-25-32,42.41387414932251,1208.0812921524048,27176,AT-MB-PC-E13,127.0.0.1,1208.0812921524048,28,64,0.2,6,0.0001
0.83,0.8,0.82,0.81,0.91,0.3706972918966237,12.603707924485207,0.74,0.7,0.79,0.74,0.78,0.6214766144752503,3.107383072376251,0.67,0.65,0.71,0.68,0.71,0.7212675452232361,7.212675452232361,1713036375,,False,29,0990ef88,2024-04-13_21-26-15,42.931448221206665,1251.0127403736115,27176,AT-MB-PC-E13,127.0.0.1,1251.0127403736115,29,64,0.2,6,0.0001
0.84,0.81,0.83,0.82,0.92,0.34717382183846307,11.803909942507744,0.66,0.66,0.6,0.63,0.75,0.7218622684478759,3.60931134223938,0.66,0.69,0.56,0.62,0.76,0.7151917815208435,7.151917815208435,1713036417,,False,30,0990ef88,2024-04-13_21-26-57,41.665841817855835,1292.6785821914673,27176,AT-MB-PC-E13,127.0.0.1,1292.6785821914673,30,64,0.2,6,0.0001
0.84,0.82,0.83,0.82,0.91,0.38549091447802153,13.106691092252731,0.7,0.72,0.61,0.66,0.75,0.8426665425300598,4.213332712650299,0.68,0.68,0.65,0.67,0.74,0.7649969309568405,7.649969309568405,1713036460,,False,31,0990ef88,2024-04-13_21-27-40,43.356449365615845,1336.0350315570831,27176,AT-MB-PC-E13,127.0.0.1,1336.0350315570831,31,64,0.2,6,0.0001
0.83,0.8,0.83,0.81,0.92,0.35562826868365793,12.09136113524437,0.74,0.7,0.79,0.75,0.78,0.7058539807796478,3.529269903898239,0.72,0.69,0.74,0.72,0.77,0.6908978790044784,6.9089787900447845,1713036504,,False,32,0990ef88,2024-04-13_21-28-24,44.201199531555176,1380.2362310886383,27176,AT-MB-PC-E13,127.0.0.1,1380.2362310886383,32,64,0.2,6,0.0001
0.85,0.82,0.85,0.83,0.92,0.3475730787305271,11.817484676837921,0.65,0.64,0.6,0.62,0.72,0.7015365600585938,3.5076828002929688,0.67,0.68,0.63,0.65,0.73,0.6843644648790359,6.8436446487903595,1713036547,,False,33,0990ef88,2024-04-13_21-29-07,42.5965256690979,1422.8327567577362,27176,AT-MB-PC-E13,127.0.0.1,1422.8327567577362,33,64,0.2,6,0.0001
0.85,0.81,0.87,0.84,0.92,0.3641746841809329,12.381939262151718,0.66,0.64,0.67,0.65,0.74,0.6949166417121887,3.4745832085609436,0.7,0.68,0.7,0.69,0.76,0.6392430305480957,6.392430305480957,1713036591,,False,34,0990ef88,2024-04-13_21-29-51,43.99872350692749,1466.8314802646637,27176,AT-MB-PC-E13,127.0.0.1,1466.8314802646637,34,64,0.2,6,0.0001
0.85,0.83,0.85,0.84,0.93,0.33795895668513637,11.490604527294636,0.65,0.67,0.53,0.59,0.76,0.7262267231941223,3.6311336159706116,0.67,0.73,0.52,0.61,0.74,0.7270267367362976,7.270267367362976,1713036638,,False,35,0990ef88,2024-04-13_21-30-38,46.76174545288086,1513.5932257175446,27176,AT-MB-PC-E13,127.0.0.1,1513.5932257175446,35,64,0.2,6,0.0001
0.86,0.84,0.85,0.84,0.93,0.337405726313591,11.471794694662094,0.67,0.66,0.62,0.64,0.76,0.7332126021385192,3.6660630106925964,0.7,0.71,0.63,0.67,0.75,0.7219231635332107,7.2192316353321075,1713036681,,False,36,0990ef88,2024-04-13_21-31-21,43.42157316207886,1557.0147988796234,27176,AT-MB-PC-E13,127.0.0.1,1557.0147988796234,36,64,0.2,6,0.0001
0.85,0.83,0.83,0.83,0.93,0.36269555920187163,12.331649012863636,0.69,0.66,0.72,0.69,0.76,0.7234628796577454,3.617314398288727,0.68,0.68,0.62,0.65,0.74,0.7669305205345154,7.669305205345154,1713036725,,False,37,0990ef88,2024-04-13_21-32-05,44.23459267616272,1601.2493915557861,27176,AT-MB-PC-E13,127.0.0.1,1601.2493915557861,37,64,0.2,6,0.0001
0.85,0.83,0.83,0.83,0.93,0.34763965931008844,11.819748416543007,0.75,0.75,0.72,0.74,0.81,0.6276493549346924,3.138246774673462,0.66,0.66,0.61,0.63,0.75,0.6796249896287918,6.796249896287918,1713036769,,False,38,0990ef88,2024-04-13_21-32-49,43.37760806083679,1644.626999616623,27176,AT-MB-PC-E13,127.0.0.1,1644.626999616623,38,64,0.2,6,0.0001
0.86,0.83,0.85,0.84,0.93,0.3274533253382234,11.133413061499596,0.66,0.68,0.53,0.59,0.69,0.9475359559059143,4.7376797795295715,0.67,0.69,0.57,0.63,0.71,0.8178043901920319,8.178043901920319,1713036813,,False,39,0990ef88,2024-04-13_21-33-33,44.37869143486023,1689.0056910514832,27176,AT-MB-PC-E13,127.0.0.1,1689.0056910514832,39,64,0.2,6,0.0001
0.85,0.81,0.86,0.83,0.93,0.3403479947763331,11.571831822395325,0.71,0.73,0.62,0.67,0.78,0.755879807472229,3.779399037361145,0.68,0.68,0.64,0.66,0.73,0.7001737415790558,7.001737415790558,1713036856,,False,40,0990ef88,2024-04-13_21-34-16,43.10416579246521,1732.1098568439484,27176,AT-MB-PC-E13,127.0.0.1,1732.1098568439484,40,64,0.2,6,0.0001
0.84,0.82,0.83,0.82,0.93,0.3227618007975466,10.973901227116585,0.74,0.75,0.67,0.71,0.78,0.6283454954624176,3.141727477312088,0.66,0.64,0.65,0.65,0.73,0.6536361992359161,6.536361992359161,1713036899,,False,41,0990ef88,2024-04-13_21-34-59,43.20615005493164,1775.31600689888,27176,AT-MB-PC-E13,127.0.0.1,1775.31600689888,41,64,0.2,6,0.0001
0.84,0.83,0.82,0.82,0.93,0.3409089906250729,11.59090568125248,0.7,0.67,0.71,0.69,0.75,0.7949333906173706,3.974666953086853,0.67,0.67,0.65,0.66,0.73,0.7903896301984787,7.903896301984787,1713036943,,False,42,0990ef88,2024-04-13_21-35-43,43.201472997665405,1818.5174798965454,27176,AT-MB-PC-E13,127.0.0.1,1818.5174798965454,42,64,0.2,6,0.0001
0.87,0.84,0.86,0.85,0.93,0.332849140114644,11.316870763897896,0.75,0.77,0.68,0.72,0.81,0.6330614566802979,3.1653072834014893,0.64,0.64,0.59,0.61,0.74,0.6670435011386872,6.670435011386871,1713036987,,False,43,0990ef88,2024-04-13_21-36-27,44.44112515449524,1862.9586050510406,27176,AT-MB-PC-E13,127.0.0.1,1862.9586050510406,43,64,0.2,6,0.0001
0.86,0.83,0.87,0.85,0.94,0.32019929018090754,10.886775866150856,0.71,0.66,0.79,0.72,0.78,0.6931254446506501,3.46562722325325,0.72,0.7,0.75,0.72,0.76,0.7124239444732666,7.124239444732666,1713037031,,False,44,0990ef88,2024-04-13_21-37-11,44.07491850852966,1907.0335235595703,27176,AT-MB-PC-E13,127.0.0.1,1907.0335235595703,44,64,0.2,6,0.0001
0.84,0.81,0.84,0.82,0.92,0.36375180105952654,12.367561236023903,0.73,0.73,0.68,0.71,0.78,0.6788139462471008,3.394069731235504,0.7,0.71,0.65,0.68,0.77,0.6399943321943283,6.399943321943283,1713037076,,False,45,0990ef88,2024-04-13_21-37-56,44.48412013053894,1951.5176436901093,27176,AT-MB-PC-E13,127.0.0.1,1951.5176436901093,45,64,0.2,6,0.0001
0.87,0.85,0.86,0.86,0.95,0.29221631542724724,9.935354724526405,0.72,0.74,0.64,0.69,0.78,0.7559291243553161,3.779645621776581,0.69,0.68,0.68,0.68,0.76,0.7243857949972152,7.243857949972153,1713037118,,False,46,0990ef88,2024-04-13_21-38-38,42.508350133895874,1994.0259938240051,27176,AT-MB-PC-E13,127.0.0.1,1994.0259938240051,46,64,0.2,6,0.0001
0.87,0.86,0.85,0.86,0.95,0.29439708283718896,10.009500816464424,0.64,0.67,0.47,0.55,0.73,0.7952592968940735,3.9762964844703674,0.65,0.74,0.44,0.55,0.75,0.8104672729969025,8.104672729969025,1713037162,,False,47,0990ef88,2024-04-13_21-39-22,43.37621283531189,2037.402206659317,27176,AT-MB-PC-E13,127.0.0.1,2037.402206659317,47,64,0.2,6,0.0001
0.86,0.83,0.86,0.85,0.94,0.29622460945564155,10.071636721491814,0.72,0.69,0.72,0.71,0.79,0.6973224759101868,3.486612379550934,0.69,0.68,0.71,0.69,0.75,0.690560781955719,6.90560781955719,1713037205,,False,48,0990ef88,2024-04-13_21-40-05,43.38033485412598,2080.782541513443,27176,AT-MB-PC-E13,127.0.0.1,2080.782541513443,48,64,0.2,6,0.0001
0.86,0.83,0.86,0.84,0.94,0.31198812100817175,10.60759611427784,0.7,0.7,0.62,0.66,0.77,0.6944117426872254,3.4720587134361267,0.67,0.68,0.61,0.64,0.75,0.7326851457357406,7.326851457357407,1713037249,,False,49,0990ef88,2024-04-13_21-40-49,43.706926584243774,2124.4894680976868,27176,AT-MB-PC-E13,127.0.0.1,2124.4894680976868,49,64,0.2,6,0.0001
0.86,0.84,0.86,0.85,0.95,0.3052894324064255,10.379840701818466,0.71,0.75,0.58,0.66,0.8,0.6708113074302673,3.3540565371513367,0.69,0.74,0.57,0.64,0.78,0.644435527920723,6.44435527920723,1713037293,,False,50,0990ef88,2024-04-13_21-41-33,44.032886266708374,2168.522354364395,27176,AT-MB-PC-E13,127.0.0.1,2168.522354364395,50,64,0.2,6,0.0001
0.87,0.86,0.86,0.86,0.95,0.28958912149948235,9.846030130982399,0.71,0.71,0.65,0.68,0.79,0.6750856161117553,3.375428080558777,0.67,0.69,0.58,0.63,0.75,0.7131364345550537,7.131364345550537,1713037336,,False,51,0990ef88,2024-04-13_21-42-16,43.393481492996216,2211.9158358573914,27176,AT-MB-PC-E13,127.0.0.1,2211.9158358573914,51,64,0.2,6,0.0001
0.87,0.85,0.86,0.86,0.95,0.29194431182216196,9.926106601953506,0.69,0.72,0.57,0.64,0.73,0.8715929508209228,4.357964754104614,0.71,0.76,0.59,0.66,0.81,0.5993369042873382,5.993369042873383,1713037379,,False,52,0990ef88,2024-04-13_21-42-59,43.2891309261322,2255.2049667835236,27176,AT-MB-PC-E13,127.0.0.1,2255.2049667835236,52,64,0.2,6,0.0001
0.87,0.84,0.89,0.86,0.95,0.28246838336481767,9.603925034403801,0.69,0.7,0.61,0.65,0.78,0.7090899109840393,3.5454495549201965,0.71,0.75,0.61,0.67,0.79,0.6584544628858566,6.584544628858566,1713037422,,False,53,0990ef88,2024-04-13_21-43-42,42.73013162612915,2297.9350984096527,27176,AT-MB-PC-E13,127.0.0.1,2297.9350984096527,53,64,0.2,6,0.0001
0.88,0.87,0.87,0.87,0.95,0.28993309135822687,9.857725106179714,0.7,0.72,0.58,0.65,0.78,0.7649003505706787,3.8245017528533936,0.63,0.68,0.46,0.55,0.73,0.8252413600683213,8.252413600683212,1713037467,,False,54,0990ef88,2024-04-13_21-44-27,44.74777269363403,2342.6828711032867,27176,AT-MB-PC-E13,127.0.0.1,2342.6828711032867,54,64,0.2,6,0.0001
0.88,0.86,0.88,0.87,0.95,0.27479588941616173,9.343060240149498,0.71,0.68,0.75,0.71,0.77,0.6750925064086915,3.375462532043457,0.68,0.68,0.65,0.67,0.76,0.6778635561466217,6.778635561466217,1713037510,,False,55,0990ef88,2024-04-13_21-45-10,43.362698793411255,2386.045569896698,27176,AT-MB-PC-E13,127.0.0.1,2386.045569896698,55,64,0.2,6,0.0001
0.88,0.86,0.87,0.87,0.95,0.3097343295812607,10.530967205762863,0.68,0.71,0.57,0.63,0.79,0.7703453779220581,3.8517268896102905,0.67,0.69,0.59,0.63,0.76,0.8551381528377533,8.551381528377533,1713037554,,False,56,0990ef88,2024-04-13_21-45-54,43.773072242736816,2429.818642139435,27176,AT-MB-PC-E13,127.0.0.1,2429.818642139435,56,64,0.2,6,0.0001
0.89,0.85,0.9,0.88,0.95,0.27365151244927854,9.30415142327547,0.74,0.73,0.71,0.72,0.8,0.7102946281433106,3.5514731407165527,0.68,0.69,0.64,0.66,0.76,0.7936256408691407,7.936256408691406,1713037598,,False,57,0990ef88,2024-04-13_21-46-38,44.06215834617615,2473.880800485611,27176,AT-MB-PC-E13,127.0.0.1,2473.880800485611,57,64,0.2,6,0.0001
0.88,0.86,0.88,0.87,0.95,0.2725388423046645,9.266320638358593,0.73,0.73,0.68,0.71,0.8,0.6882946133613587,3.441473066806793,0.66,0.64,0.7,0.67,0.74,0.7060666114091874,7.060666114091873,1713037641,,False,58,0990ef88,2024-04-13_21-47-21,43.08928656578064,2516.9700870513916,27176,AT-MB-PC-E13,127.0.0.1,2516.9700870513916,58,64,0.2,6,0.0001
0.88,0.87,0.85,0.86,0.95,0.2839256227016449,9.653471171855927,0.74,0.7,0.78,0.74,0.79,0.7441400766372681,3.7207003831863403,0.69,0.68,0.68,0.68,0.76,0.7022320806980134,7.022320806980133,1713037685,,False,59,0990ef88,2024-04-13_21-48-05,44.16288876533508,2561.1329758167267,27176,AT-MB-PC-E13,127.0.0.1,2561.1329758167267,59,64,0.2,6,0.0001
0.88,0.83,0.9,0.87,0.95,0.27280326845014796,9.27531112730503,0.75,0.73,0.75,0.74,0.81,0.6700216889381408,3.3501084446907043,0.69,0.71,0.61,0.65,0.75,0.734161177277565,7.34161177277565,1713037729,,False,60,0990ef88,2024-04-13_21-48-49,43.42423486709595,2604.5572106838226,27176,AT-MB-PC-E13,127.0.0.1,2604.5572106838226,60,64,0.2,6,0.0001
0.89,0.88,0.88,0.88,0.96,0.2536103317842764,8.622751280665398,0.7,0.7,0.65,0.68,0.79,0.7435660839080811,3.7178304195404053,0.72,0.73,0.67,0.7,0.79,0.6698615938425064,6.698615938425064,1713037772,,False,61,0990ef88,2024-04-13_21-49-32,43.3090295791626,2647.8662402629852,27176,AT-MB-PC-E13,127.0.0.1,2647.8662402629852,61,64,0.2,6,0.0001
0.87,0.85,0.87,0.86,0.96,0.2684585075168049,9.127589255571365,0.73,0.77,0.61,0.68,0.79,0.7275091946125031,3.6375459730625153,0.71,0.75,0.62,0.68,0.79,0.7048206984996795,7.048206984996796,1713037816,,False,62,0990ef88,2024-04-13_21-50-16,43.676360845565796,2691.542601108551,27176,AT-MB-PC-E13,127.0.0.1,2691.542601108551,62,64,0.2,6,0.0001
0.88,0.86,0.87,0.87,0.95,0.2729563371223562,9.28051546216011,0.71,0.71,0.65,0.68,0.78,0.7264995217323303,3.6324976086616516,0.71,0.72,0.66,0.69,0.78,0.7443234294652938,7.443234294652939,1713037860,,False,63,0990ef88,2024-04-13_21-51-00,44.21231269836426,2735.7549138069153,27176,AT-MB-PC-E13,127.0.0.1,2735.7549138069153,63,64,0.2,6,0.0001
0.87,0.84,0.87,0.86,0.95,0.29223281671019163,9.935915768146515,0.74,0.72,0.75,0.73,0.8,0.717356264591217,3.586781322956085,0.69,0.67,0.7,0.69,0.76,0.7076570689678192,7.076570689678192,1713037904,,False,64,0990ef88,2024-04-13_21-51-44,43.839781522750854,2779.594695329666,27176,AT-MB-PC-E13,127.0.0.1,2779.594695329666,64,64,0.2,6,0.0001
0.89,0.88,0.87,0.87,0.96,0.25392816566369114,8.633557632565498,0.75,0.75,0.71,0.73,0.81,0.6369502305984497,3.1847511529922485,0.68,0.68,0.62,0.65,0.77,0.6969558447599411,6.969558447599411,1713037947,,False,65,0990ef88,2024-04-13_21-52-27,43.2251832485199,2822.819878578186,27176,AT-MB-PC-E13,127.0.0.1,2822.819878578186,65,64,0.2,6,0.0001
0.89,0.88,0.88,0.88,0.97,0.24268964634222143,8.251447975635529,0.73,0.73,0.68,0.71,0.81,0.6544826984405517,3.272413492202759,0.73,0.76,0.65,0.7,0.79,0.677145493030548,6.771454930305481,1713037991,,False,66,0990ef88,2024-04-13_21-53-11,43.5212619304657,2866.3411405086517,27176,AT-MB-PC-E13,127.0.0.1,2866.3411405086517,66,64,0.2,6,0.0001
0.88,0.87,0.87,0.87,0.96,0.24905026002841837,8.467708840966225,0.75,0.76,0.71,0.73,0.81,0.6735364437103272,3.3676822185516357,0.71,0.7,0.7,0.7,0.78,0.64483542740345,6.4483542740345,1713038033,,False,67,0990ef88,2024-04-13_21-53-53,42.65194511413574,2908.9930856227875,27176,AT-MB-PC-E13,127.0.0.1,2908.9930856227875,67,64,0.2,6,0.0001
0.89,0.87,0.88,0.87,0.96,0.2684185421642135,9.12623043358326,0.71,0.72,0.64,0.68,0.8,0.6800468444824219,3.4002342224121094,0.67,0.68,0.61,0.64,0.74,0.8060368418693542,8.060368418693542,1713038077,,False,68,0990ef88,2024-04-13_21-54-37,43.38748550415039,2952.380571126938,27176,AT-MB-PC-E13,127.0.0.1,2952.380571126938,68,64,0.2,6,0.0001
0.89,0.86,0.9,0.88,0.96,0.25073934412177873,8.525137700140476,0.75,0.74,0.75,0.74,0.81,0.6531789898872375,3.2658949494361877,0.71,0.7,0.69,0.7,0.77,0.7063712775707245,7.063712775707245,1713038119,,False,69,0990ef88,2024-04-13_21-55-19,42.871647357940674,2995.2522184848785,27176,AT-MB-PC-E13,127.0.0.1,2995.2522184848785,69,64,0.2,6,0.0001
0.9,0.88,0.89,0.89,0.97,0.23945677850176306,8.141530469059944,0.7,0.7,0.62,0.66,0.78,0.7935382723808289,3.9676913619041443,0.69,0.72,0.59,0.64,0.76,0.7457746386528015,7.457746386528015,1713038162,,False,70,0990ef88,2024-04-13_21-56-02,42.34778141975403,3037.5999999046326,27176,AT-MB-PC-E13,127.0.0.1,3037.5999999046326,70,64,0.2,6,0.0001
0.87,0.87,0.85,0.86,0.96,0.2682156637310982,9.119332566857338,0.72,0.72,0.65,0.69,0.79,0.7130402147769928,3.565201073884964,0.72,0.71,0.72,0.72,0.79,0.6710230350494385,6.710230350494385,1713038205,,False,71,0990ef88,2024-04-13_21-56-45,43.33779692649841,3080.937796831131,27176,AT-MB-PC-E13,127.0.0.1,3080.937796831131,71,64,0.2,6,0.0001
0.88,0.85,0.88,0.86,0.96,0.2652561123318532,9.018707819283009,0.75,0.75,0.71,0.73,0.8,0.6752588331699372,3.3762941658496857,0.68,0.68,0.65,0.66,0.77,0.6637778967618942,6.637778967618942,1713038249,,False,72,0990ef88,2024-04-13_21-57-29,43.3902747631073,3124.3280715942383,27176,AT-MB-PC-E13,127.0.0.1,3124.3280715942383,72,64,0.2,6,0.0001
0.89,0.86,0.9,0.88,0.97,0.25171732639565186,8.558389097452164,0.79,0.77,0.81,0.79,0.81,0.6854936838150024,3.427468419075012,0.71,0.69,0.72,0.71,0.78,0.7063322335481643,7.063322335481644,1713038292,,False,73,0990ef88,2024-04-13_21-58-12,42.9453444480896,3167.273416042328,27176,AT-MB-PC-E13,127.0.0.1,3167.273416042328,73,64,0.2,6,0.0001
0.9,0.88,0.9,0.89,0.97,0.22892557106473865,7.783469416201115,0.75,0.73,0.75,0.74,0.81,0.6963766574859619,3.4818832874298096,0.69,0.71,0.61,0.65,0.78,0.7132282048463822,7.132282048463821,1713038334,,False,74,0990ef88,2024-04-13_21-58-54,42.51662349700928,3209.790039539337,27176,AT-MB-PC-E13,127.0.0.1,3209.790039539337,74,64,0.2,6,0.0001
0.9,0.88,0.89,0.89,0.96,0.24021795523517273,8.167410477995872,0.71,0.71,0.65,0.68,0.79,0.7553264141082764,3.776632070541382,0.73,0.77,0.63,0.69,0.81,0.6591510355472565,6.591510355472565,1713038377,,False,75,0990ef88,2024-04-13_21-59-37,43.42827367782593,3253.218313217163,27176,AT-MB-PC-E13,127.0.0.1,3253.218313217163,75,64,0.2,6,0.0001
0.89,0.87,0.88,0.88,0.96,0.2450925786705578,8.333147674798965,0.74,0.72,0.75,0.73,0.81,0.6367132067680359,3.1835660338401794,0.71,0.69,0.71,0.7,0.78,0.6656599193811417,6.656599193811417,1713038420,,False,76,0990ef88,2024-04-13_22-00-20,42.88499617576599,3296.103309392929,27176,AT-MB-PC-E13,127.0.0.1,3296.103309392929,76,64,0.2,6,0.0001
0.89,0.87,0.88,0.87,0.96,0.25032318931292086,8.510988436639309,0.74,0.75,0.69,0.72,0.83,0.6263448476791382,3.131724238395691,0.73,0.76,0.66,0.71,0.8,0.6496190994977951,6.496190994977951,1713038463,,False,77,0990ef88,2024-04-13_22-01-03,42.387282371520996,3338.49059176445,27176,AT-MB-PC-E13,127.0.0.1,3338.49059176445,77,64,0.2,6,0.0001
0.9,0.87,0.9,0.88,0.97,0.2357288222102558,8.014779955148697,0.72,0.72,0.68,0.7,0.8,0.7423443078994751,3.7117215394973755,0.7,0.72,0.63,0.67,0.78,0.6556317821145058,6.556317821145058,1713038505,,False,78,0990ef88,2024-04-13_22-01-45,42.20091938972473,3380.691511154175,27176,AT-MB-PC-E13,127.0.0.1,3380.691511154175,78,64,0.2,6,0.0001
0.9,0.89,0.88,0.88,0.96,0.24281635332633467,8.255756013095379,0.75,0.76,0.71,0.73,0.82,0.6973553895950317,3.4867769479751587,0.75,0.75,0.71,0.73,0.8,0.6691273480653763,6.691273480653763,1713038548,,False,79,0990ef88,2024-04-13_22-02-28,42.9978609085083,3423.689372062683,27176,AT-MB-PC-E13,127.0.0.1,3423.689372062683,79,64,0.2,6,0.0001
0.9,0.89,0.9,0.89,0.97,0.23884619027376175,8.1207704693079,0.73,0.72,0.71,0.71,0.79,0.706888735294342,3.53444367647171,0.7,0.71,0.65,0.68,0.79,0.6844552427530288,6.844552427530289,1713038590,,False,80,0990ef88,2024-04-13_22-03-10,41.89729332923889,3465.586665391922,27176,AT-MB-PC-E13,127.0.0.1,3465.586665391922,80,64,0.2,6,0.0001
0.91,0.89,0.9,0.9,0.97,0.2354930091430159,8.006762310862541,0.74,0.74,0.68,0.71,0.82,0.6721031486988067,3.360515743494034,0.68,0.7,0.61,0.65,0.77,0.7211577206850052,7.211577206850052,1713038632,,False,81,0990ef88,2024-04-13_22-03-52,42.320252895355225,3507.906918287277,27176,AT-MB-PC-E13,127.0.0.1,3507.906918287277,81,64,0.2,6,0.0001
0.91,0.89,0.9,0.9,0.97,0.2329406933311154,7.919983573257923,0.77,0.77,0.75,0.76,0.82,0.649414324760437,3.247071623802185,0.69,0.72,0.61,0.66,0.78,0.7041063845157624,7.041063845157623,1713038675,,False,82,0990ef88,2024-04-13_22-04-35,42.58281445503235,3550.4897327423096,27176,AT-MB-PC-E13,127.0.0.1,3550.4897327423096,82,64,0.2,6,0.0001
0.89,0.87,0.88,0.87,0.97,0.24413028468980508,8.300429679453373,0.73,0.74,0.67,0.7,0.81,0.7155556082725525,3.5777780413627625,0.71,0.76,0.59,0.67,0.8,0.6785844504833222,6.785844504833221,1713038717,,False,83,0990ef88,2024-04-13_22-05-17,42.53063368797302,3593.0203664302826,27176,AT-MB-PC-E13,127.0.0.1,3593.0203664302826,83,64,0.2,6,0.0001
0.89,0.88,0.87,0.88,0.96,0.24501729318324258,8.330587968230247,0.75,0.75,0.74,0.74,0.81,0.6785120785236358,3.3925603926181793,0.73,0.74,0.68,0.71,0.8,0.642718830704689,6.42718830704689,1713038760,,False,84,0990ef88,2024-04-13_22-06-00,42.565409660339355,3635.585776090622,27176,AT-MB-PC-E13,127.0.0.1,3635.585776090622,84,64,0.2,6,0.0001
0.89,0.87,0.89,0.88,0.96,0.254786697380683,8.662747710943222,0.77,0.76,0.75,0.76,0.83,0.6596735119819641,3.2983675599098206,0.7,0.69,0.67,0.68,0.79,0.670089453458786,6.70089453458786,1713038802,,False,85,0990ef88,2024-04-13_22-06-42,42.53269600868225,3678.118472099304,27176,AT-MB-PC-E13,127.0.0.1,3678.118472099304,85,64,0.2,6,0.0001
0.89,0.87,0.89,0.88,0.97,0.2384041646385894,8.10574159771204,0.75,0.74,0.72,0.73,0.8,0.7152741074562072,3.5763705372810364,0.72,0.73,0.68,0.7,0.8,0.645594346523285,6.455943465232849,1713038845,,False,86,0990ef88,2024-04-13_22-07-25,42.095611333847046,3720.2140834331512,27176,AT-MB-PC-E13,127.0.0.1,3720.2140834331512,86,64,0.2,6,0.0001
0.91,0.89,0.91,0.9,0.97,0.21326566377983375,7.251032568514347,0.74,0.71,0.75,0.73,0.81,0.6974453091621399,3.4872265458106995,0.73,0.73,0.71,0.72,0.79,0.685103690624237,6.851036906242371,1713038887,,False,87,0990ef88,2024-04-13_22-08-07,42.4155855178833,3762.6296689510345,27176,AT-MB-PC-E13,127.0.0.1,3762.6296689510345,87,64,0.2,6,0.0001
0.9,0.87,0.91,0.89,0.97,0.2358785072231994,8.01986924558878,0.75,0.75,0.72,0.74,0.81,0.6747754335403442,3.373877167701721,0.71,0.72,0.65,0.68,0.8,0.6694224596023559,6.69422459602356,1713038929,,False,88,0990ef88,2024-04-13_22-08-49,42.04437184333801,3804.6740407943726,27176,AT-MB-PC-E13,127.0.0.1,3804.6740407943726,88,64,0.2,6,0.0001
0.9,0.88,0.91,0.89,0.97,0.2308100190232782,7.847540646791458,0.75,0.75,0.72,0.74,0.81,0.6848084568977356,3.424042284488678,0.74,0.73,0.74,0.74,0.8,0.6740122675895691,6.740122675895691,1713038972,,False,89,0990ef88,2024-04-13_22-09-32,42.75834918022156,3847.432389974594,27176,AT-MB-PC-E13,127.0.0.1,3847.432389974594,89,64,0.2,6,0.0001
0.9,0.88,0.89,0.88,0.97,0.2288030192036839,7.779302652925253,0.75,0.73,0.75,0.74,0.8,0.7483747959136963,3.7418739795684814,0.73,0.73,0.69,0.71,0.79,0.6780868858098984,6.780868858098984,1713039015,,False,90,0990ef88,2024-04-13_22-10-15,43.1763379573822,3890.6087279319763,27176,AT-MB-PC-E13,127.0.0.1,3890.6087279319763,90,64,0.2,6,0.0001
0.9,0.87,0.9,0.88,0.96,0.2523926503079779,8.581350110471249,0.75,0.74,0.74,0.74,0.8,0.6877418160438538,3.438709080219269,0.71,0.72,0.65,0.69,0.8,0.6920367538928985,6.920367538928986,1713039058,,False,91,0990ef88,2024-04-13_22-10-58,43.20474910736084,3933.813477039337,27176,AT-MB-PC-E13,127.0.0.1,3933.813477039337,91,64,0.2,6,0.0001
0.9,0.88,0.89,0.88,0.97,0.23843343665494637,8.106736846268177,0.73,0.74,0.67,0.7,0.79,0.7307349562644958,3.6536747813224792,0.71,0.71,0.66,0.69,0.79,0.7075962901115418,7.0759629011154175,1713039101,,False,92,0990ef88,2024-04-13_22-11-41,42.8175094127655,3976.6309864521027,27176,AT-MB-PC-E13,127.0.0.1,3976.6309864521027,92,64,0.2,6,0.0001
0.9,0.87,0.9,0.89,0.97,0.22917211910381036,7.7918520495295525,0.73,0.74,0.67,0.7,0.81,0.6894740462303162,3.447370231151581,0.72,0.73,0.67,0.7,0.78,0.6793264329433442,6.793264329433441,1713039145,,False,93,0990ef88,2024-04-13_22-12-25,44.23066425323486,4020.8616507053375,27176,AT-MB-PC-E13,127.0.0.1,4020.8616507053375,93,64,0.2,6,0.0001
0.89,0.87,0.89,0.88,0.97,0.2511473604861428,8.539010256528854,0.74,0.74,0.69,0.71,0.82,0.6944161891937256,3.472080945968628,0.7,0.7,0.67,0.68,0.78,0.7389760285615921,7.389760285615921,1713039190,,False,94,0990ef88,2024-04-13_22-13-10,44.98582434654236,4065.84747505188,27176,AT-MB-PC-E13,127.0.0.1,4065.84747505188,94,64,0.2,6,0.0001
0.9,0.87,0.91,0.89,0.97,0.2350460128749118,7.991564437747002,0.75,0.76,0.71,0.73,0.81,0.6750727474689484,3.375363737344742,0.71,0.72,0.66,0.69,0.8,0.6234142810106278,6.2341428101062775,1713039235,,False,95,0990ef88,2024-04-13_22-13-55,44.325772285461426,4110.173247337341,27176,AT-MB-PC-E13,127.0.0.1,4110.173247337341,95,64,0.2,6,0.0001
0.91,0.9,0.9,0.9,0.97,0.2184881519745378,7.428597167134285,0.77,0.77,0.74,0.75,0.82,0.67703498005867,3.38517490029335,0.73,0.73,0.69,0.71,0.79,0.6985593259334564,6.985593259334564,1713039279,,False,96,0990ef88,2024-04-13_22-14-39,44.50474691390991,4154.677994251251,27176,AT-MB-PC-E13,127.0.0.1,4154.677994251251,96,64,0.2,6,0.0001
0.9,0.88,0.9,0.89,0.97,0.2259067283833728,7.680828765034676,0.76,0.76,0.74,0.75,0.82,0.6708419382572174,3.354209691286087,0.72,0.73,0.67,0.7,0.79,0.740853163599968,7.40853163599968,1713039324,,False,97,0990ef88,2024-04-13_22-15-24,44.90379238128662,4199.581786632538,27176,AT-MB-PC-E13,127.0.0.1,4199.581786632538,97,64,0.2,6,0.0001
0.9,0.88,0.91,0.89,0.97,0.22767092638155995,7.740811496973038,0.76,0.75,0.75,0.75,0.82,0.7267889142036438,3.633944571018219,0.71,0.73,0.62,0.67,0.79,0.6970622301101684,6.970622301101685,1713039369,,False,98,0990ef88,2024-04-13_22-16-09,44.85008692741394,4244.431873559952,27176,AT-MB-PC-E13,127.0.0.1,4244.431873559952,98,64,0.2,6,0.0001
0.9,0.89,0.89,0.89,0.97,0.21985317602315368,7.475007984787226,0.74,0.73,0.72,0.73,0.81,0.675690370798111,3.378451853990555,0.73,0.72,0.72,0.72,0.79,0.7180074125528335,7.180074125528336,1713039411,,False,99,0990ef88,2024-04-13_22-16-51,41.823158264160156,4286.255031824112,27176,AT-MB-PC-E13,127.0.0.1,4286.255031824112,99,64,0.2,6,0.0001
0.91,0.9,0.89,0.89,0.97,0.22257151871043093,7.567431636154652,0.77,0.76,0.75,0.76,0.81,0.6839662492275238,3.419831246137619,0.72,0.73,0.68,0.7,0.8,0.6586767315864563,6.586767315864563,1713039438,,False,100,0990ef88,2024-04-13_22-17-18,26.919080018997192,4313.174111843109,27176,AT-MB-PC-E13,127.0.0.1,4313.174111843109,100,64,0.2,6,0.0001
