{"train_mae": 4.510000228881836, "train_r2": -23.97, "train_spearmanr": 0.03, "train_mse": 21.670000076293945, "train_rmse": 4.659999847412109, "train_mean_loss": 4.512324243019789, "train_sum_loss": 1407.845163822174, "val_mae": 4.789999961853027, "val_r2": -25.61, "val_spearmanr": -0.17, "val_mse": 24.420000076293945, "val_rmse": 4.940000057220459, "val_ranking_accuracy_0.1": 0.42, "val_ranking_accuracy_0.2": 0.42, "val_ranking_accuracy_0.3": 0.41, "val_ranking_accuracy_0.4": 0.41, "val_ranking_accuracy_0.5": 0.4, "val_ranking_accuracy_0.6": 0.4, "val_ranking_accuracy_0.7": 0.4, "val_ranking_accuracy_0.8": 0.39, "val_ranking_accuracy_0.9": 0.39, "val_ranking_accuracy_1.0": 0.38, "val_ranking_accuracy_1.1": 0.37, "val_ranking_accuracy_1.2": 0.37, "val_ranking_accuracy_1.3": 0.38, "val_ranking_accuracy_1.4": 0.37, "val_ranking_accuracy_1.5": 0.36, "val_ranking_accuracy_1.6": 0.36, "val_ranking_accuracy_1.7": 0.37, "val_ranking_accuracy_1.8": 0.37, "val_ranking_accuracy_1.9": 0.37, "val_ranking_accuracy_2.0": 0.36, "val_mean_loss": 4.793848621197783, "val_sum_loss": 1500.474618434906, "timestamp": 1712643624, "checkpoint_dir_name": null, "done": false, "training_iteration": 1, "trial_id": "49f18d58", "date": "2024-04-09_08-20-24", "time_this_iter_s": 614.2735192775726, "time_total_s": 614.2735192775726, "pid": 2225591, "hostname": "jyn", "node_ip": "131.130.125.89", "config": {"model": {"hidden_dimension": 256, "modules": {"1": {"times": 3, "parameter": {"dropout": 0.5}}}}, "optimizer": {"base_learning_rate": 0.001}}, "time_since_restore": 614.2735192775726, "iterations_since_restore": 1}
{"train_mae": 1.0499999523162842, "train_r2": -1.4, "train_spearmanr": 0.4, "train_mse": 2.0799999237060547, "train_rmse": 1.440000057220459, "train_mean_loss": 1.0469807134224818, "train_sum_loss": 326.65798258781433, "val_mae": 1.2300000190734863, "val_r2": -1.46, "val_spearmanr": 0.6, "val_mse": 2.25, "val_rmse": 1.5, "val_ranking_accuracy_0.1": 0.72, "val_ranking_accuracy_0.2": 0.73, "val_ranking_accuracy_0.3": 0.74, "val_ranking_accuracy_0.4": 0.75, "val_ranking_accuracy_0.5": 0.77, "val_ranking_accuracy_0.6": 0.78, "val_ranking_accuracy_0.7": 0.79, "val_ranking_accuracy_0.8": 0.8, "val_ranking_accuracy_0.9": 0.81, "val_ranking_accuracy_1.0": 0.82, "val_ranking_accuracy_1.1": 0.83, "val_ranking_accuracy_1.2": 0.84, "val_ranking_accuracy_1.3": 0.85, "val_ranking_accuracy_1.4": 0.86, "val_ranking_accuracy_1.5": 0.86, "val_ranking_accuracy_1.6": 0.87, "val_ranking_accuracy_1.7": 0.87, "val_ranking_accuracy_1.8": 0.88, "val_ranking_accuracy_1.9": 0.88, "val_ranking_accuracy_2.0": 0.89, "val_mean_loss": 1.2307872073338055, "val_sum_loss": 385.2363958954811, "timestamp": 1712644055, "checkpoint_dir_name": null, "done": false, "training_iteration": 2, "trial_id": "49f18d58", "date": "2024-04-09_08-27-35", "time_this_iter_s": 431.3502850532532, "time_total_s": 1045.6238043308258, "pid": 2225591, "hostname": "jyn", "node_ip": "131.130.125.89", "config": {"model": {"hidden_dimension": 256, "modules": {"1": {"times": 3, "parameter": {"dropout": 0.5}}}}, "optimizer": {"base_learning_rate": 0.001}}, "time_since_restore": 1045.6238043308258, "iterations_since_restore": 2}
{"train_mae": 0.7300000190734863, "train_r2": -0.06, "train_spearmanr": 0.55, "train_mse": 0.9200000166893005, "train_rmse": 0.9599999785423279, "train_mean_loss": 0.728091185196088, "train_sum_loss": 227.16444978117943, "val_mae": 1.3600000143051147, "val_r2": -1.79, "val_spearmanr": 0.66, "val_mse": 2.559999942779541, "val_rmse": 1.600000023841858, "val_ranking_accuracy_0.1": 0.75, "val_ranking_accuracy_0.2": 0.76, "val_ranking_accuracy_0.3": 0.78, "val_ranking_accuracy_0.4": 0.79, "val_ranking_accuracy_0.5": 0.8, "val_ranking_accuracy_0.6": 0.82, "val_ranking_accuracy_0.7": 0.83, "val_ranking_accuracy_0.8": 0.84, "val_ranking_accuracy_0.9": 0.85, "val_ranking_accuracy_1.0": 0.86, "val_ranking_accuracy_1.1": 0.87, "val_ranking_accuracy_1.2": 0.88, "val_ranking_accuracy_1.3": 0.88, "val_ranking_accuracy_1.4": 0.88, "val_ranking_accuracy_1.5": 0.89, "val_ranking_accuracy_1.6": 0.89, "val_ranking_accuracy_1.7": 0.88, "val_ranking_accuracy_1.8": 0.88, "val_ranking_accuracy_1.9": 0.88, "val_ranking_accuracy_2.0": 0.88, "val_mean_loss": 1.3610391336888932, "val_sum_loss": 426.00524884462357, "timestamp": 1712644489, "checkpoint_dir_name": null, "done": false, "training_iteration": 3, "trial_id": "49f18d58", "date": "2024-04-09_08-34-49", "time_this_iter_s": 434.44728422164917, "time_total_s": 1480.071088552475, "pid": 2225591, "hostname": "jyn", "node_ip": "131.130.125.89", "config": {"model": {"hidden_dimension": 256, "modules": {"1": {"times": 3, "parameter": {"dropout": 0.5}}}}, "optimizer": {"base_learning_rate": 0.001}}, "time_since_restore": 1480.071088552475, "iterations_since_restore": 3}
{"train_mae": 0.6800000071525574, "train_r2": 0.09, "train_spearmanr": 0.59, "train_mse": 0.7900000214576721, "train_rmse": 0.8899999856948853, "train_mean_loss": 0.6813516727624795, "train_sum_loss": 212.58172190189362, "val_mae": 1.2000000476837158, "val_r2": -1.19, "val_spearmanr": 0.68, "val_mse": 2.009999990463257, "val_rmse": 1.4199999570846558, "val_ranking_accuracy_0.1": 0.75, "val_ranking_accuracy_0.2": 0.77, "val_ranking_accuracy_0.3": 0.78, "val_ranking_accuracy_0.4": 0.79, "val_ranking_accuracy_0.5": 0.8, "val_ranking_accuracy_0.6": 0.82, "val_ranking_accuracy_0.7": 0.83, "val_ranking_accuracy_0.8": 0.84, "val_ranking_accuracy_0.9": 0.85, "val_ranking_accuracy_1.0": 0.86, "val_ranking_accuracy_1.1": 0.86, "val_ranking_accuracy_1.2": 0.87, "val_ranking_accuracy_1.3": 0.87, "val_ranking_accuracy_1.4": 0.88, "val_ranking_accuracy_1.5": 0.89, "val_ranking_accuracy_1.6": 0.89, "val_ranking_accuracy_1.7": 0.89, "val_ranking_accuracy_1.8": 0.9, "val_ranking_accuracy_1.9": 0.9, "val_ranking_accuracy_2.0": 0.91, "val_mean_loss": 1.1967135993436502, "val_sum_loss": 374.57135659456253, "timestamp": 1712644930, "checkpoint_dir_name": null, "done": false, "training_iteration": 4, "trial_id": "49f18d58", "date": "2024-04-09_08-42-10", "time_this_iter_s": 440.5259897708893, "time_total_s": 1920.5970783233643, "pid": 2225591, "hostname": "jyn", "node_ip": "131.130.125.89", "config": {"model": {"hidden_dimension": 256, "modules": {"1": {"times": 3, "parameter": {"dropout": 0.5}}}}, "optimizer": {"base_learning_rate": 0.001}}, "time_since_restore": 1920.5970783233643, "iterations_since_restore": 4}
{"train_mae": 0.6499999761581421, "train_r2": 0.16, "train_spearmanr": 0.62, "train_mse": 0.7300000190734863, "train_rmse": 0.8500000238418579, "train_mean_loss": 0.6495941648116479, "train_sum_loss": 202.67337942123413, "val_mae": 1.2300000190734863, "val_r2": -1.24, "val_spearmanr": 0.71, "val_mse": 2.059999942779541, "val_rmse": 1.4299999475479126, "val_ranking_accuracy_0.1": 0.76, "val_ranking_accuracy_0.2": 0.77, "val_ranking_accuracy_0.3": 0.79, "val_ranking_accuracy_0.4": 0.8, "val_ranking_accuracy_0.5": 0.82, "val_ranking_accuracy_0.6": 0.83, "val_ranking_accuracy_0.7": 0.84, "val_ranking_accuracy_0.8": 0.85, "val_ranking_accuracy_0.9": 0.87, "val_ranking_accuracy_1.0": 0.87, "val_ranking_accuracy_1.1": 0.88, "val_ranking_accuracy_1.2": 0.9, "val_ranking_accuracy_1.3": 0.91, "val_ranking_accuracy_1.4": 0.91, "val_ranking_accuracy_1.5": 0.91, "val_ranking_accuracy_1.6": 0.92, "val_ranking_accuracy_1.7": 0.92, "val_ranking_accuracy_1.8": 0.92, "val_ranking_accuracy_1.9": 0.93, "val_ranking_accuracy_2.0": 0.93, "val_mean_loss": 1.2277536190355929, "val_sum_loss": 384.28688275814056, "timestamp": 1712645355, "checkpoint_dir_name": null, "done": false, "training_iteration": 5, "trial_id": "49f18d58", "date": "2024-04-09_08-49-15", "time_this_iter_s": 424.95113921165466, "time_total_s": 2345.548217535019, "pid": 2225591, "hostname": "jyn", "node_ip": "131.130.125.89", "config": {"model": {"hidden_dimension": 256, "modules": {"1": {"times": 3, "parameter": {"dropout": 0.5}}}}, "optimizer": {"base_learning_rate": 0.001}}, "time_since_restore": 2345.548217535019, "iterations_since_restore": 5}
{"train_mae": 0.6299999952316284, "train_r2": 0.22, "train_spearmanr": 0.64, "train_mse": 0.6800000071525574, "train_rmse": 0.8199999928474426, "train_mean_loss": 0.626697840121312, "train_sum_loss": 195.52972611784935, "val_mae": 1.0, "val_r2": -0.72, "val_spearmanr": 0.7, "val_mse": 1.5800000429153442, "val_rmse": 1.2599999904632568, "val_ranking_accuracy_0.1": 0.76, "val_ranking_accuracy_0.2": 0.77, "val_ranking_accuracy_0.3": 0.78, "val_ranking_accuracy_0.4": 0.8, "val_ranking_accuracy_0.5": 0.81, "val_ranking_accuracy_0.6": 0.82, "val_ranking_accuracy_0.7": 0.84, "val_ranking_accuracy_0.8": 0.85, "val_ranking_accuracy_0.9": 0.86, "val_ranking_accuracy_1.0": 0.87, "val_ranking_accuracy_1.1": 0.87, "val_ranking_accuracy_1.2": 0.89, "val_ranking_accuracy_1.3": 0.9, "val_ranking_accuracy_1.4": 0.9, "val_ranking_accuracy_1.5": 0.9, "val_ranking_accuracy_1.6": 0.91, "val_ranking_accuracy_1.7": 0.91, "val_ranking_accuracy_1.8": 0.92, "val_ranking_accuracy_1.9": 0.92, "val_ranking_accuracy_2.0": 0.91, "val_mean_loss": 0.9992517465219711, "val_sum_loss": 312.76579666137695, "timestamp": 1712645804, "checkpoint_dir_name": null, "done": false, "training_iteration": 6, "trial_id": "49f18d58", "date": "2024-04-09_08-56-44", "time_this_iter_s": 448.9247670173645, "time_total_s": 2794.4729845523834, "pid": 2225591, "hostname": "jyn", "node_ip": "131.130.125.89", "config": {"model": {"hidden_dimension": 256, "modules": {"1": {"times": 3, "parameter": {"dropout": 0.5}}}}, "optimizer": {"base_learning_rate": 0.001}}, "time_since_restore": 2794.4729845523834, "iterations_since_restore": 6}
{"train_mae": 0.5699999928474426, "train_r2": 0.34, "train_spearmanr": 0.69, "train_mse": 0.5699999928474426, "train_rmse": 0.75, "train_mean_loss": 0.5732923922821497, "train_sum_loss": 178.86722639203072, "val_mae": 0.6700000166893005, "val_r2": 0.18, "val_spearmanr": 0.79, "val_mse": 0.75, "val_rmse": 0.8700000047683716, "val_ranking_accuracy_0.1": 0.81, "val_ranking_accuracy_0.2": 0.82, "val_ranking_accuracy_0.3": 0.84, "val_ranking_accuracy_0.4": 0.86, "val_ranking_accuracy_0.5": 0.87, "val_ranking_accuracy_0.6": 0.88, "val_ranking_accuracy_0.7": 0.89, "val_ranking_accuracy_0.8": 0.9, "val_ranking_accuracy_0.9": 0.91, "val_ranking_accuracy_1.0": 0.92, "val_ranking_accuracy_1.1": 0.93, "val_ranking_accuracy_1.2": 0.94, "val_ranking_accuracy_1.3": 0.94, "val_ranking_accuracy_1.4": 0.95, "val_ranking_accuracy_1.5": 0.95, "val_ranking_accuracy_1.6": 0.95, "val_ranking_accuracy_1.7": 0.95, "val_ranking_accuracy_1.8": 0.95, "val_ranking_accuracy_1.9": 0.95, "val_ranking_accuracy_2.0": 0.95, "val_mean_loss": 0.6674323471399922, "val_sum_loss": 208.90632465481758, "timestamp": 1712646222, "checkpoint_dir_name": null, "done": false, "training_iteration": 7, "trial_id": "49f18d58", "date": "2024-04-09_09-03-42", "time_this_iter_s": 418.13386940956116, "time_total_s": 3212.6068539619446, "pid": 2225591, "hostname": "jyn", "node_ip": "131.130.125.89", "config": {"model": {"hidden_dimension": 256, "modules": {"1": {"times": 3, "parameter": {"dropout": 0.5}}}}, "optimizer": {"base_learning_rate": 0.001}}, "time_since_restore": 3212.6068539619446, "iterations_since_restore": 7}
{"train_mae": 0.550000011920929, "train_r2": 0.39, "train_spearmanr": 0.71, "train_mse": 0.5299999713897705, "train_rmse": 0.7300000190734863, "train_mean_loss": 0.551187105763417, "train_sum_loss": 171.9703769981861, "val_mae": 0.9599999785423279, "val_r2": -0.5, "val_spearmanr": 0.75, "val_mse": 1.3799999952316284, "val_rmse": 1.1699999570846558, "val_ranking_accuracy_0.1": 0.78, "val_ranking_accuracy_0.2": 0.79, "val_ranking_accuracy_0.3": 0.81, "val_ranking_accuracy_0.4": 0.83, "val_ranking_accuracy_0.5": 0.84, "val_ranking_accuracy_0.6": 0.86, "val_ranking_accuracy_0.7": 0.87, "val_ranking_accuracy_0.8": 0.88, "val_ranking_accuracy_0.9": 0.89, "val_ranking_accuracy_1.0": 0.89, "val_ranking_accuracy_1.1": 0.9, "val_ranking_accuracy_1.2": 0.91, "val_ranking_accuracy_1.3": 0.91, "val_ranking_accuracy_1.4": 0.92, "val_ranking_accuracy_1.5": 0.93, "val_ranking_accuracy_1.6": 0.93, "val_ranking_accuracy_1.7": 0.93, "val_ranking_accuracy_1.8": 0.93, "val_ranking_accuracy_1.9": 0.94, "val_ranking_accuracy_2.0": 0.95, "val_mean_loss": 0.9549781742949075, "val_sum_loss": 298.90816855430603, "timestamp": 1712646677, "checkpoint_dir_name": null, "done": false, "training_iteration": 8, "trial_id": "49f18d58", "date": "2024-04-09_09-11-17", "time_this_iter_s": 455.21979236602783, "time_total_s": 3667.8266463279724, "pid": 2225591, "hostname": "jyn", "node_ip": "131.130.125.89", "config": {"model": {"hidden_dimension": 256, "modules": {"1": {"times": 3, "parameter": {"dropout": 0.5}}}}, "optimizer": {"base_learning_rate": 0.001}}, "time_since_restore": 3667.8266463279724, "iterations_since_restore": 8}
{"train_mae": 0.550000011920929, "train_r2": 0.4, "train_spearmanr": 0.71, "train_mse": 0.5199999809265137, "train_rmse": 0.7200000286102295, "train_mean_loss": 0.5499289205823189, "train_sum_loss": 171.5778232216835, "val_mae": 0.6600000262260437, "val_r2": 0.08, "val_spearmanr": 0.76, "val_mse": 0.8500000238418579, "val_rmse": 0.9200000166893005, "val_ranking_accuracy_0.1": 0.8, "val_ranking_accuracy_0.2": 0.81, "val_ranking_accuracy_0.3": 0.83, "val_ranking_accuracy_0.4": 0.84, "val_ranking_accuracy_0.5": 0.86, "val_ranking_accuracy_0.6": 0.87, "val_ranking_accuracy_0.7": 0.88, "val_ranking_accuracy_0.8": 0.89, "val_ranking_accuracy_0.9": 0.9, "val_ranking_accuracy_1.0": 0.91, "val_ranking_accuracy_1.1": 0.92, "val_ranking_accuracy_1.2": 0.92, "val_ranking_accuracy_1.3": 0.93, "val_ranking_accuracy_1.4": 0.93, "val_ranking_accuracy_1.5": 0.93, "val_ranking_accuracy_1.6": 0.94, "val_ranking_accuracy_1.7": 0.94, "val_ranking_accuracy_1.8": 0.95, "val_ranking_accuracy_1.9": 0.95, "val_ranking_accuracy_2.0": 0.95, "val_mean_loss": 0.6624291601082006, "val_sum_loss": 207.3403271138668, "timestamp": 1712647095, "checkpoint_dir_name": null, "done": false, "training_iteration": 9, "trial_id": "49f18d58", "date": "2024-04-09_09-18-15", "time_this_iter_s": 417.6976089477539, "time_total_s": 4085.5242552757263, "pid": 2225591, "hostname": "jyn", "node_ip": "131.130.125.89", "config": {"model": {"hidden_dimension": 256, "modules": {"1": {"times": 3, "parameter": {"dropout": 0.5}}}}, "optimizer": {"base_learning_rate": 0.001}}, "time_since_restore": 4085.5242552757263, "iterations_since_restore": 9}
{"train_mae": 0.5299999713897705, "train_r2": 0.44, "train_spearmanr": 0.72, "train_mse": 0.49000000953674316, "train_rmse": 0.699999988079071, "train_mean_loss": 0.5321897564408107, "train_sum_loss": 166.04320400953293, "val_mae": 1.1399999856948853, "val_r2": -1.0, "val_spearmanr": 0.76, "val_mse": 1.840000033378601, "val_rmse": 1.3600000143051147, "val_ranking_accuracy_0.1": 0.8, "val_ranking_accuracy_0.2": 0.81, "val_ranking_accuracy_0.3": 0.83, "val_ranking_accuracy_0.4": 0.85, "val_ranking_accuracy_0.5": 0.86, "val_ranking_accuracy_0.6": 0.88, "val_ranking_accuracy_0.7": 0.89, "val_ranking_accuracy_0.8": 0.89, "val_ranking_accuracy_0.9": 0.9, "val_ranking_accuracy_1.0": 0.91, "val_ranking_accuracy_1.1": 0.92, "val_ranking_accuracy_1.2": 0.92, "val_ranking_accuracy_1.3": 0.92, "val_ranking_accuracy_1.4": 0.93, "val_ranking_accuracy_1.5": 0.93, "val_ranking_accuracy_1.6": 0.94, "val_ranking_accuracy_1.7": 0.94, "val_ranking_accuracy_1.8": 0.94, "val_ranking_accuracy_1.9": 0.94, "val_ranking_accuracy_2.0": 0.93, "val_mean_loss": 1.1422288263567721, "val_sum_loss": 357.51762264966965, "timestamp": 1712647546, "checkpoint_dir_name": null, "done": false, "training_iteration": 10, "trial_id": "49f18d58", "date": "2024-04-09_09-25-46", "time_this_iter_s": 450.5780200958252, "time_total_s": 4536.1022753715515, "pid": 2225591, "hostname": "jyn", "node_ip": "131.130.125.89", "config": {"model": {"hidden_dimension": 256, "modules": {"1": {"times": 3, "parameter": {"dropout": 0.5}}}}, "optimizer": {"base_learning_rate": 0.001}}, "time_since_restore": 4536.1022753715515, "iterations_since_restore": 10}
{"train_mae": 0.5199999809265137, "train_r2": 0.47, "train_spearmanr": 0.73, "train_mse": 0.46000000834465027, "train_rmse": 0.6800000071525574, "train_mean_loss": 0.5166109666610376, "train_sum_loss": 161.1826215982437, "val_mae": 0.6100000143051147, "val_r2": 0.25, "val_spearmanr": 0.71, "val_mse": 0.6800000071525574, "val_rmse": 0.8299999833106995, "val_ranking_accuracy_0.1": 0.76, "val_ranking_accuracy_0.2": 0.78, "val_ranking_accuracy_0.3": 0.79, "val_ranking_accuracy_0.4": 0.8, "val_ranking_accuracy_0.5": 0.82, "val_ranking_accuracy_0.6": 0.83, "val_ranking_accuracy_0.7": 0.85, "val_ranking_accuracy_0.8": 0.86, "val_ranking_accuracy_0.9": 0.87, "val_ranking_accuracy_1.0": 0.88, "val_ranking_accuracy_1.1": 0.88, "val_ranking_accuracy_1.2": 0.9, "val_ranking_accuracy_1.3": 0.9, "val_ranking_accuracy_1.4": 0.91, "val_ranking_accuracy_1.5": 0.92, "val_ranking_accuracy_1.6": 0.92, "val_ranking_accuracy_1.7": 0.92, "val_ranking_accuracy_1.8": 0.92, "val_ranking_accuracy_1.9": 0.92, "val_ranking_accuracy_2.0": 0.93, "val_mean_loss": 0.611844903078323, "val_sum_loss": 191.5074546635151, "timestamp": 1712647968, "checkpoint_dir_name": null, "done": false, "training_iteration": 11, "trial_id": "49f18d58", "date": "2024-04-09_09-32-48", "time_this_iter_s": 422.71938037872314, "time_total_s": 4958.821655750275, "pid": 2225591, "hostname": "jyn", "node_ip": "131.130.125.89", "config": {"model": {"hidden_dimension": 256, "modules": {"1": {"times": 3, "parameter": {"dropout": 0.5}}}}, "optimizer": {"base_learning_rate": 0.001}}, "time_since_restore": 4958.821655750275, "iterations_since_restore": 11}
{"train_mae": 0.5099999904632568, "train_r2": 0.48, "train_spearmanr": 0.73, "train_mse": 0.46000000834465027, "train_rmse": 0.6800000071525574, "train_mean_loss": 0.5140466535320649, "train_sum_loss": 160.38255590200424, "val_mae": 0.5400000214576721, "val_r2": 0.4, "val_spearmanr": 0.83, "val_mse": 0.550000011920929, "val_rmse": 0.7400000095367432, "val_ranking_accuracy_0.1": 0.83, "val_ranking_accuracy_0.2": 0.85, "val_ranking_accuracy_0.3": 0.87, "val_ranking_accuracy_0.4": 0.88, "val_ranking_accuracy_0.5": 0.89, "val_ranking_accuracy_0.6": 0.91, "val_ranking_accuracy_0.7": 0.92, "val_ranking_accuracy_0.8": 0.92, "val_ranking_accuracy_0.9": 0.93, "val_ranking_accuracy_1.0": 0.94, "val_ranking_accuracy_1.1": 0.95, "val_ranking_accuracy_1.2": 0.95, "val_ranking_accuracy_1.3": 0.96, "val_ranking_accuracy_1.4": 0.96, "val_ranking_accuracy_1.5": 0.96, "val_ranking_accuracy_1.6": 0.96, "val_ranking_accuracy_1.7": 0.96, "val_ranking_accuracy_1.8": 0.96, "val_ranking_accuracy_1.9": 0.97, "val_ranking_accuracy_2.0": 0.97, "val_mean_loss": 0.5374677971529123, "val_sum_loss": 168.22742050886154, "timestamp": 1712648412, "checkpoint_dir_name": null, "done": false, "training_iteration": 12, "trial_id": "49f18d58", "date": "2024-04-09_09-40-12", "time_this_iter_s": 443.6709372997284, "time_total_s": 5402.492593050003, "pid": 2225591, "hostname": "jyn", "node_ip": "131.130.125.89", "config": {"model": {"hidden_dimension": 256, "modules": {"1": {"times": 3, "parameter": {"dropout": 0.5}}}}, "optimizer": {"base_learning_rate": 0.001}}, "time_since_restore": 5402.492593050003, "iterations_since_restore": 12}
{"train_mae": 0.49000000953674316, "train_r2": 0.52, "train_spearmanr": 0.76, "train_mse": 0.4099999964237213, "train_rmse": 0.6399999856948853, "train_mean_loss": 0.4892338928885949, "train_sum_loss": 152.6409745812416, "val_mae": 0.8899999856948853, "val_r2": -0.31, "val_spearmanr": 0.79, "val_mse": 1.2000000476837158, "val_rmse": 1.100000023841858, "val_ranking_accuracy_0.1": 0.81, "val_ranking_accuracy_0.2": 0.83, "val_ranking_accuracy_0.3": 0.85, "val_ranking_accuracy_0.4": 0.86, "val_ranking_accuracy_0.5": 0.87, "val_ranking_accuracy_0.6": 0.89, "val_ranking_accuracy_0.7": 0.9, "val_ranking_accuracy_0.8": 0.91, "val_ranking_accuracy_0.9": 0.92, "val_ranking_accuracy_1.0": 0.92, "val_ranking_accuracy_1.1": 0.93, "val_ranking_accuracy_1.2": 0.94, "val_ranking_accuracy_1.3": 0.94, "val_ranking_accuracy_1.4": 0.94, "val_ranking_accuracy_1.5": 0.94, "val_ranking_accuracy_1.6": 0.95, "val_ranking_accuracy_1.7": 0.95, "val_ranking_accuracy_1.8": 0.95, "val_ranking_accuracy_1.9": 0.95, "val_ranking_accuracy_2.0": 0.94, "val_mean_loss": 0.8941582047139494, "val_sum_loss": 279.87151807546616, "timestamp": 1712648843, "checkpoint_dir_name": null, "done": false, "training_iteration": 13, "trial_id": "49f18d58", "date": "2024-04-09_09-47-23", "time_this_iter_s": 430.63432908058167, "time_total_s": 5833.126922130585, "pid": 2225591, "hostname": "jyn", "node_ip": "131.130.125.89", "config": {"model": {"hidden_dimension": 256, "modules": {"1": {"times": 3, "parameter": {"dropout": 0.5}}}}, "optimizer": {"base_learning_rate": 0.001}}, "time_since_restore": 5833.126922130585, "iterations_since_restore": 13}
{"train_mae": 0.47999998927116394, "train_r2": 0.54, "train_spearmanr": 0.76, "train_mse": 0.4000000059604645, "train_rmse": 0.6299999952316284, "train_mean_loss": 0.47753863733930463, "train_sum_loss": 148.99205484986305, "val_mae": 0.4699999988079071, "val_r2": 0.53, "val_spearmanr": 0.85, "val_mse": 0.4300000071525574, "val_rmse": 0.6600000262260437, "val_ranking_accuracy_0.1": 0.84, "val_ranking_accuracy_0.2": 0.86, "val_ranking_accuracy_0.3": 0.88, "val_ranking_accuracy_0.4": 0.9, "val_ranking_accuracy_0.5": 0.91, "val_ranking_accuracy_0.6": 0.92, "val_ranking_accuracy_0.7": 0.93, "val_ranking_accuracy_0.8": 0.94, "val_ranking_accuracy_0.9": 0.95, "val_ranking_accuracy_1.0": 0.95, "val_ranking_accuracy_1.1": 0.96, "val_ranking_accuracy_1.2": 0.96, "val_ranking_accuracy_1.3": 0.96, "val_ranking_accuracy_1.4": 0.96, "val_ranking_accuracy_1.5": 0.97, "val_ranking_accuracy_1.6": 0.97, "val_ranking_accuracy_1.7": 0.97, "val_ranking_accuracy_1.8": 0.97, "val_ranking_accuracy_1.9": 0.97, "val_ranking_accuracy_2.0": 0.97, "val_mean_loss": 0.4681738983518399, "val_sum_loss": 146.5384301841259, "timestamp": 1712649276, "checkpoint_dir_name": null, "done": false, "training_iteration": 14, "trial_id": "49f18d58", "date": "2024-04-09_09-54-36", "time_this_iter_s": 432.997478723526, "time_total_s": 6266.124400854111, "pid": 2225591, "hostname": "jyn", "node_ip": "131.130.125.89", "config": {"model": {"hidden_dimension": 256, "modules": {"1": {"times": 3, "parameter": {"dropout": 0.5}}}}, "optimizer": {"base_learning_rate": 0.001}}, "time_since_restore": 6266.124400854111, "iterations_since_restore": 14}
{"train_mae": 0.5, "train_r2": 0.51, "train_spearmanr": 0.74, "train_mse": 0.4300000071525574, "train_rmse": 0.6499999761581421, "train_mean_loss": 0.49733343615363806, "train_sum_loss": 155.16803207993507, "val_mae": 0.46000000834465027, "val_r2": 0.54, "val_spearmanr": 0.83, "val_mse": 0.4300000071525574, "val_rmse": 0.6499999761581421, "val_ranking_accuracy_0.1": 0.84, "val_ranking_accuracy_0.2": 0.86, "val_ranking_accuracy_0.3": 0.88, "val_ranking_accuracy_0.4": 0.89, "val_ranking_accuracy_0.5": 0.9, "val_ranking_accuracy_0.6": 0.91, "val_ranking_accuracy_0.7": 0.93, "val_ranking_accuracy_0.8": 0.94, "val_ranking_accuracy_0.9": 0.94, "val_ranking_accuracy_1.0": 0.94, "val_ranking_accuracy_1.1": 0.95, "val_ranking_accuracy_1.2": 0.95, "val_ranking_accuracy_1.3": 0.96, "val_ranking_accuracy_1.4": 0.96, "val_ranking_accuracy_1.5": 0.96, "val_ranking_accuracy_1.6": 0.96, "val_ranking_accuracy_1.7": 0.96, "val_ranking_accuracy_1.8": 0.96, "val_ranking_accuracy_1.9": 0.96, "val_ranking_accuracy_2.0": 0.96, "val_mean_loss": 0.4577644774898553, "val_sum_loss": 143.28028145432472, "timestamp": 1712649718, "checkpoint_dir_name": null, "done": false, "training_iteration": 15, "trial_id": "49f18d58", "date": "2024-04-09_10-01-58", "time_this_iter_s": 442.4302251338959, "time_total_s": 6708.554625988007, "pid": 2225591, "hostname": "jyn", "node_ip": "131.130.125.89", "config": {"model": {"hidden_dimension": 256, "modules": {"1": {"times": 3, "parameter": {"dropout": 0.5}}}}, "optimizer": {"base_learning_rate": 0.001}}, "time_since_restore": 6708.554625988007, "iterations_since_restore": 15}
{"train_mae": 0.4699999988079071, "train_r2": 0.55, "train_spearmanr": 0.77, "train_mse": 0.38999998569488525, "train_rmse": 0.6299999952316284, "train_mean_loss": 0.4705895061294238, "train_sum_loss": 146.82392591238022, "val_mae": 1.149999976158142, "val_r2": -0.87, "val_spearmanr": 0.84, "val_mse": 1.7200000286102295, "val_rmse": 1.309999942779541, "val_ranking_accuracy_0.1": 0.84, "val_ranking_accuracy_0.2": 0.85, "val_ranking_accuracy_0.3": 0.87, "val_ranking_accuracy_0.4": 0.89, "val_ranking_accuracy_0.5": 0.9, "val_ranking_accuracy_0.6": 0.92, "val_ranking_accuracy_0.7": 0.92, "val_ranking_accuracy_0.8": 0.93, "val_ranking_accuracy_0.9": 0.94, "val_ranking_accuracy_1.0": 0.95, "val_ranking_accuracy_1.1": 0.95, "val_ranking_accuracy_1.2": 0.96, "val_ranking_accuracy_1.3": 0.96, "val_ranking_accuracy_1.4": 0.96, "val_ranking_accuracy_1.5": 0.96, "val_ranking_accuracy_1.6": 0.96, "val_ranking_accuracy_1.7": 0.97, "val_ranking_accuracy_1.8": 0.97, "val_ranking_accuracy_1.9": 0.97, "val_ranking_accuracy_2.0": 0.97, "val_mean_loss": 1.1492801569521236, "val_sum_loss": 359.7246891260147, "timestamp": 1712650143, "checkpoint_dir_name": null, "done": false, "training_iteration": 16, "trial_id": "49f18d58", "date": "2024-04-09_10-09-03", "time_this_iter_s": 424.7470965385437, "time_total_s": 7133.30172252655, "pid": 2225591, "hostname": "jyn", "node_ip": "131.130.125.89", "config": {"model": {"hidden_dimension": 256, "modules": {"1": {"times": 3, "parameter": {"dropout": 0.5}}}}, "optimizer": {"base_learning_rate": 0.001}}, "time_since_restore": 7133.30172252655, "iterations_since_restore": 16}
{"train_mae": 0.46000000834465027, "train_r2": 0.56, "train_spearmanr": 0.77, "train_mse": 0.3799999952316284, "train_rmse": 0.6200000047683716, "train_mean_loss": 0.4647786921988695, "train_sum_loss": 145.0109519660473, "val_mae": 0.5299999713897705, "val_r2": 0.43, "val_spearmanr": 0.83, "val_mse": 0.5199999809265137, "val_rmse": 0.7200000286102295, "val_ranking_accuracy_0.1": 0.84, "val_ranking_accuracy_0.2": 0.85, "val_ranking_accuracy_0.3": 0.86, "val_ranking_accuracy_0.4": 0.88, "val_ranking_accuracy_0.5": 0.89, "val_ranking_accuracy_0.6": 0.91, "val_ranking_accuracy_0.7": 0.92, "val_ranking_accuracy_0.8": 0.93, "val_ranking_accuracy_0.9": 0.94, "val_ranking_accuracy_1.0": 0.94, "val_ranking_accuracy_1.1": 0.95, "val_ranking_accuracy_1.2": 0.95, "val_ranking_accuracy_1.3": 0.95, "val_ranking_accuracy_1.4": 0.96, "val_ranking_accuracy_1.5": 0.96, "val_ranking_accuracy_1.6": 0.96, "val_ranking_accuracy_1.7": 0.96, "val_ranking_accuracy_1.8": 0.96, "val_ranking_accuracy_1.9": 0.96, "val_ranking_accuracy_2.0": 0.96, "val_mean_loss": 0.5292873978614807, "val_sum_loss": 165.66695553064346, "timestamp": 1712650593, "checkpoint_dir_name": null, "done": false, "training_iteration": 17, "trial_id": "49f18d58", "date": "2024-04-09_10-16-33", "time_this_iter_s": 450.12467098236084, "time_total_s": 7583.426393508911, "pid": 2225591, "hostname": "jyn", "node_ip": "131.130.125.89", "config": {"model": {"hidden_dimension": 256, "modules": {"1": {"times": 3, "parameter": {"dropout": 0.5}}}}, "optimizer": {"base_learning_rate": 0.001}}, "time_since_restore": 7583.426393508911, "iterations_since_restore": 17}
{"train_mae": 0.44999998807907104, "train_r2": 0.58, "train_spearmanr": 0.78, "train_mse": 0.36000001430511475, "train_rmse": 0.6000000238418579, "train_mean_loss": 0.45401271604574645, "train_sum_loss": 141.6519674062729, "val_mae": 0.4099999964237213, "val_r2": 0.62, "val_spearmanr": 0.83, "val_mse": 0.3499999940395355, "val_rmse": 0.5899999737739563, "val_ranking_accuracy_0.1": 0.83, "val_ranking_accuracy_0.2": 0.85, "val_ranking_accuracy_0.3": 0.87, "val_ranking_accuracy_0.4": 0.88, "val_ranking_accuracy_0.5": 0.9, "val_ranking_accuracy_0.6": 0.91, "val_ranking_accuracy_0.7": 0.92, "val_ranking_accuracy_0.8": 0.93, "val_ranking_accuracy_0.9": 0.94, "val_ranking_accuracy_1.0": 0.94, "val_ranking_accuracy_1.1": 0.95, "val_ranking_accuracy_1.2": 0.95, "val_ranking_accuracy_1.3": 0.95, "val_ranking_accuracy_1.4": 0.95, "val_ranking_accuracy_1.5": 0.95, "val_ranking_accuracy_1.6": 0.95, "val_ranking_accuracy_1.7": 0.95, "val_ranking_accuracy_1.8": 0.95, "val_ranking_accuracy_1.9": 0.95, "val_ranking_accuracy_2.0": 0.95, "val_mean_loss": 0.4074351664739676, "val_sum_loss": 127.52720710635185, "timestamp": 1712651016, "checkpoint_dir_name": null, "done": false, "training_iteration": 18, "trial_id": "49f18d58", "date": "2024-04-09_10-23-36", "time_this_iter_s": 422.80783677101135, "time_total_s": 8006.2342302799225, "pid": 2225591, "hostname": "jyn", "node_ip": "131.130.125.89", "config": {"model": {"hidden_dimension": 256, "modules": {"1": {"times": 3, "parameter": {"dropout": 0.5}}}}, "optimizer": {"base_learning_rate": 0.001}}, "time_since_restore": 8006.2342302799225, "iterations_since_restore": 18}
{"train_mae": 0.44999998807907104, "train_r2": 0.59, "train_spearmanr": 0.79, "train_mse": 0.3499999940395355, "train_rmse": 0.5899999737739563, "train_mean_loss": 0.4479281429487925, "train_sum_loss": 139.75358060002327, "val_mae": 0.4699999988079071, "val_r2": 0.57, "val_spearmanr": 0.84, "val_mse": 0.38999998569488525, "val_rmse": 0.6299999952316284, "val_ranking_accuracy_0.1": 0.84, "val_ranking_accuracy_0.2": 0.86, "val_ranking_accuracy_0.3": 0.87, "val_ranking_accuracy_0.4": 0.89, "val_ranking_accuracy_0.5": 0.9, "val_ranking_accuracy_0.6": 0.91, "val_ranking_accuracy_0.7": 0.93, "val_ranking_accuracy_0.8": 0.93, "val_ranking_accuracy_0.9": 0.94, "val_ranking_accuracy_1.0": 0.95, "val_ranking_accuracy_1.1": 0.96, "val_ranking_accuracy_1.2": 0.96, "val_ranking_accuracy_1.3": 0.97, "val_ranking_accuracy_1.4": 0.97, "val_ranking_accuracy_1.5": 0.97, "val_ranking_accuracy_1.6": 0.97, "val_ranking_accuracy_1.7": 0.98, "val_ranking_accuracy_1.8": 0.98, "val_ranking_accuracy_1.9": 0.98, "val_ranking_accuracy_2.0": 0.97, "val_mean_loss": 0.47160525129625974, "val_sum_loss": 147.6124436557293, "timestamp": 1712651471, "checkpoint_dir_name": null, "done": false, "training_iteration": 19, "trial_id": "49f18d58", "date": "2024-04-09_10-31-11", "time_this_iter_s": 455.34745717048645, "time_total_s": 8461.581687450409, "pid": 2225591, "hostname": "jyn", "node_ip": "131.130.125.89", "config": {"model": {"hidden_dimension": 256, "modules": {"1": {"times": 3, "parameter": {"dropout": 0.5}}}}, "optimizer": {"base_learning_rate": 0.001}}, "time_since_restore": 8461.581687450409, "iterations_since_restore": 19}
{"train_mae": 0.44999998807907104, "train_r2": 0.58, "train_spearmanr": 0.78, "train_mse": 0.36000001430511475, "train_rmse": 0.6000000238418579, "train_mean_loss": 0.45396534783335835, "train_sum_loss": 141.6371885240078, "val_mae": 0.5199999809265137, "val_r2": 0.47, "val_spearmanr": 0.85, "val_mse": 0.49000000953674316, "val_rmse": 0.699999988079071, "val_ranking_accuracy_0.1": 0.85, "val_ranking_accuracy_0.2": 0.87, "val_ranking_accuracy_0.3": 0.88, "val_ranking_accuracy_0.4": 0.9, "val_ranking_accuracy_0.5": 0.91, "val_ranking_accuracy_0.6": 0.92, "val_ranking_accuracy_0.7": 0.94, "val_ranking_accuracy_0.8": 0.94, "val_ranking_accuracy_0.9": 0.95, "val_ranking_accuracy_1.0": 0.96, "val_ranking_accuracy_1.1": 0.96, "val_ranking_accuracy_1.2": 0.96, "val_ranking_accuracy_1.3": 0.97, "val_ranking_accuracy_1.4": 0.97, "val_ranking_accuracy_1.5": 0.97, "val_ranking_accuracy_1.6": 0.97, "val_ranking_accuracy_1.7": 0.97, "val_ranking_accuracy_1.8": 0.97, "val_ranking_accuracy_1.9": 0.97, "val_ranking_accuracy_2.0": 0.98, "val_mean_loss": 0.5173662725728921, "val_sum_loss": 161.93564331531525, "timestamp": 1712651893, "checkpoint_dir_name": null, "done": false, "training_iteration": 20, "trial_id": "49f18d58", "date": "2024-04-09_10-38-13", "time_this_iter_s": 421.5660216808319, "time_total_s": 8883.14770913124, "pid": 2225591, "hostname": "jyn", "node_ip": "131.130.125.89", "config": {"model": {"hidden_dimension": 256, "modules": {"1": {"times": 3, "parameter": {"dropout": 0.5}}}}, "optimizer": {"base_learning_rate": 0.001}}, "time_since_restore": 8883.14770913124, "iterations_since_restore": 20}
{"train_mae": 0.4399999976158142, "train_r2": 0.61, "train_spearmanr": 0.8, "train_mse": 0.3400000035762787, "train_rmse": 0.5799999833106995, "train_mean_loss": 0.43677811076243717, "train_sum_loss": 136.2747705578804, "val_mae": 0.6899999976158142, "val_r2": 0.14, "val_spearmanr": 0.84, "val_mse": 0.7900000214576721, "val_rmse": 0.8899999856948853, "val_ranking_accuracy_0.1": 0.84, "val_ranking_accuracy_0.2": 0.85, "val_ranking_accuracy_0.3": 0.87, "val_ranking_accuracy_0.4": 0.89, "val_ranking_accuracy_0.5": 0.9, "val_ranking_accuracy_0.6": 0.91, "val_ranking_accuracy_0.7": 0.92, "val_ranking_accuracy_0.8": 0.92, "val_ranking_accuracy_0.9": 0.93, "val_ranking_accuracy_1.0": 0.94, "val_ranking_accuracy_1.1": 0.94, "val_ranking_accuracy_1.2": 0.95, "val_ranking_accuracy_1.3": 0.95, "val_ranking_accuracy_1.4": 0.95, "val_ranking_accuracy_1.5": 0.95, "val_ranking_accuracy_1.6": 0.96, "val_ranking_accuracy_1.7": 0.96, "val_ranking_accuracy_1.8": 0.96, "val_ranking_accuracy_1.9": 0.96, "val_ranking_accuracy_2.0": 0.97, "val_mean_loss": 0.6945360949435554, "val_sum_loss": 217.38979771733284, "timestamp": 1712652345, "checkpoint_dir_name": null, "done": false, "training_iteration": 21, "trial_id": "49f18d58", "date": "2024-04-09_10-45-45", "time_this_iter_s": 452.10492038726807, "time_total_s": 9335.252629518509, "pid": 2225591, "hostname": "jyn", "node_ip": "131.130.125.89", "config": {"model": {"hidden_dimension": 256, "modules": {"1": {"times": 3, "parameter": {"dropout": 0.5}}}}, "optimizer": {"base_learning_rate": 0.001}}, "time_since_restore": 9335.252629518509, "iterations_since_restore": 21}
{"train_mae": 0.44999998807907104, "train_r2": 0.58, "train_spearmanr": 0.78, "train_mse": 0.36000001430511475, "train_rmse": 0.6000000238418579, "train_mean_loss": 0.4531559257362133, "train_sum_loss": 141.38464882969856, "val_mae": 0.4699999988079071, "val_r2": 0.52, "val_spearmanr": 0.84, "val_mse": 0.4399999976158142, "val_rmse": 0.6700000166893005, "val_ranking_accuracy_0.1": 0.84, "val_ranking_accuracy_0.2": 0.86, "val_ranking_accuracy_0.3": 0.88, "val_ranking_accuracy_0.4": 0.89, "val_ranking_accuracy_0.5": 0.9, "val_ranking_accuracy_0.6": 0.91, "val_ranking_accuracy_0.7": 0.93, "val_ranking_accuracy_0.8": 0.93, "val_ranking_accuracy_0.9": 0.94, "val_ranking_accuracy_1.0": 0.95, "val_ranking_accuracy_1.1": 0.95, "val_ranking_accuracy_1.2": 0.96, "val_ranking_accuracy_1.3": 0.97, "val_ranking_accuracy_1.4": 0.96, "val_ranking_accuracy_1.5": 0.96, "val_ranking_accuracy_1.6": 0.96, "val_ranking_accuracy_1.7": 0.96, "val_ranking_accuracy_1.8": 0.96, "val_ranking_accuracy_1.9": 0.96, "val_ranking_accuracy_2.0": 0.96, "val_mean_loss": 0.47429671769324966, "val_sum_loss": 148.45487263798714, "timestamp": 1712652773, "checkpoint_dir_name": null, "done": false, "training_iteration": 22, "trial_id": "49f18d58", "date": "2024-04-09_10-52-53", "time_this_iter_s": 427.8909635543823, "time_total_s": 9763.143593072891, "pid": 2225591, "hostname": "jyn", "node_ip": "131.130.125.89", "config": {"model": {"hidden_dimension": 256, "modules": {"1": {"times": 3, "parameter": {"dropout": 0.5}}}}, "optimizer": {"base_learning_rate": 0.001}}, "time_since_restore": 9763.143593072891, "iterations_since_restore": 22}
{"train_mae": 0.4300000071525574, "train_r2": 0.63, "train_spearmanr": 0.8, "train_mse": 0.3199999928474426, "train_rmse": 0.5699999928474426, "train_mean_loss": 0.42731301658428633, "train_sum_loss": 133.32166117429733, "val_mae": 0.46000000834465027, "val_r2": 0.54, "val_spearmanr": 0.84, "val_mse": 0.4300000071525574, "val_rmse": 0.6499999761581421, "val_ranking_accuracy_0.1": 0.84, "val_ranking_accuracy_0.2": 0.86, "val_ranking_accuracy_0.3": 0.88, "val_ranking_accuracy_0.4": 0.89, "val_ranking_accuracy_0.5": 0.91, "val_ranking_accuracy_0.6": 0.92, "val_ranking_accuracy_0.7": 0.93, "val_ranking_accuracy_0.8": 0.94, "val_ranking_accuracy_0.9": 0.95, "val_ranking_accuracy_1.0": 0.95, "val_ranking_accuracy_1.1": 0.96, "val_ranking_accuracy_1.2": 0.96, "val_ranking_accuracy_1.3": 0.96, "val_ranking_accuracy_1.4": 0.96, "val_ranking_accuracy_1.5": 0.96, "val_ranking_accuracy_1.6": 0.97, "val_ranking_accuracy_1.7": 0.97, "val_ranking_accuracy_1.8": 0.97, "val_ranking_accuracy_1.9": 0.97, "val_ranking_accuracy_2.0": 0.98, "val_mean_loss": 0.4587443401447881, "val_sum_loss": 143.58697846531868, "timestamp": 1712653214, "checkpoint_dir_name": null, "done": false, "training_iteration": 23, "trial_id": "49f18d58", "date": "2024-04-09_11-00-14", "time_this_iter_s": 440.83497619628906, "time_total_s": 10203.97856926918, "pid": 2225591, "hostname": "jyn", "node_ip": "131.130.125.89", "config": {"model": {"hidden_dimension": 256, "modules": {"1": {"times": 3, "parameter": {"dropout": 0.5}}}}, "optimizer": {"base_learning_rate": 0.001}}, "time_since_restore": 10203.97856926918, "iterations_since_restore": 23}
{"train_mae": 0.41999998688697815, "train_r2": 0.63, "train_spearmanr": 0.8, "train_mse": 0.3199999928474426, "train_rmse": 0.5699999928474426, "train_mean_loss": 0.42479903699877936, "train_sum_loss": 132.53729954361916, "val_mae": 0.4000000059604645, "val_r2": 0.62, "val_spearmanr": 0.84, "val_mse": 0.3499999940395355, "val_rmse": 0.5899999737739563, "val_ranking_accuracy_0.1": 0.84, "val_ranking_accuracy_0.2": 0.86, "val_ranking_accuracy_0.3": 0.88, "val_ranking_accuracy_0.4": 0.9, "val_ranking_accuracy_0.5": 0.91, "val_ranking_accuracy_0.6": 0.92, "val_ranking_accuracy_0.7": 0.92, "val_ranking_accuracy_0.8": 0.93, "val_ranking_accuracy_0.9": 0.94, "val_ranking_accuracy_1.0": 0.95, "val_ranking_accuracy_1.1": 0.95, "val_ranking_accuracy_1.2": 0.96, "val_ranking_accuracy_1.3": 0.96, "val_ranking_accuracy_1.4": 0.97, "val_ranking_accuracy_1.5": 0.97, "val_ranking_accuracy_1.6": 0.96, "val_ranking_accuracy_1.7": 0.96, "val_ranking_accuracy_1.8": 0.96, "val_ranking_accuracy_1.9": 0.96, "val_ranking_accuracy_2.0": 0.96, "val_mean_loss": 0.40453802006313216, "val_sum_loss": 126.62040027976036, "timestamp": 1712653651, "checkpoint_dir_name": null, "done": false, "training_iteration": 24, "trial_id": "49f18d58", "date": "2024-04-09_11-07-31", "time_this_iter_s": 437.2852509021759, "time_total_s": 10641.263820171356, "pid": 2225591, "hostname": "jyn", "node_ip": "131.130.125.89", "config": {"model": {"hidden_dimension": 256, "modules": {"1": {"times": 3, "parameter": {"dropout": 0.5}}}}, "optimizer": {"base_learning_rate": 0.001}}, "time_since_restore": 10641.263820171356, "iterations_since_restore": 24}
{"train_mae": 0.41999998688697815, "train_r2": 0.64, "train_spearmanr": 0.81, "train_mse": 0.3100000023841858, "train_rmse": 0.5600000023841858, "train_mean_loss": 0.419688333876622, "train_sum_loss": 130.94276016950607, "val_mae": 0.5299999713897705, "val_r2": 0.43, "val_spearmanr": 0.85, "val_mse": 0.5199999809265137, "val_rmse": 0.7200000286102295, "val_ranking_accuracy_0.1": 0.85, "val_ranking_accuracy_0.2": 0.86, "val_ranking_accuracy_0.3": 0.88, "val_ranking_accuracy_0.4": 0.89, "val_ranking_accuracy_0.5": 0.91, "val_ranking_accuracy_0.6": 0.92, "val_ranking_accuracy_0.7": 0.93, "val_ranking_accuracy_0.8": 0.94, "val_ranking_accuracy_0.9": 0.95, "val_ranking_accuracy_1.0": 0.95, "val_ranking_accuracy_1.1": 0.95, "val_ranking_accuracy_1.2": 0.96, "val_ranking_accuracy_1.3": 0.96, "val_ranking_accuracy_1.4": 0.97, "val_ranking_accuracy_1.5": 0.97, "val_ranking_accuracy_1.6": 0.97, "val_ranking_accuracy_1.7": 0.97, "val_ranking_accuracy_1.8": 0.97, "val_ranking_accuracy_1.9": 0.98, "val_ranking_accuracy_2.0": 0.97, "val_mean_loss": 0.5325332980948134, "val_sum_loss": 166.6829223036766, "timestamp": 1712654082, "checkpoint_dir_name": null, "done": false, "training_iteration": 25, "trial_id": "49f18d58", "date": "2024-04-09_11-14-42", "time_this_iter_s": 430.7817521095276, "time_total_s": 11072.045572280884, "pid": 2225591, "hostname": "jyn", "node_ip": "131.130.125.89", "config": {"model": {"hidden_dimension": 256, "modules": {"1": {"times": 3, "parameter": {"dropout": 0.5}}}}, "optimizer": {"base_learning_rate": 0.001}}, "time_since_restore": 11072.045572280884, "iterations_since_restore": 25}
{"train_mae": 0.4099999964237213, "train_r2": 0.65, "train_spearmanr": 0.82, "train_mse": 0.30000001192092896, "train_rmse": 0.550000011920929, "train_mean_loss": 0.40857537434651303, "train_sum_loss": 127.47551679611206, "val_mae": 0.4000000059604645, "val_r2": 0.63, "val_spearmanr": 0.86, "val_mse": 0.3400000035762787, "val_rmse": 0.5799999833106995, "val_ranking_accuracy_0.1": 0.85, "val_ranking_accuracy_0.2": 0.86, "val_ranking_accuracy_0.3": 0.88, "val_ranking_accuracy_0.4": 0.9, "val_ranking_accuracy_0.5": 0.91, "val_ranking_accuracy_0.6": 0.92, "val_ranking_accuracy_0.7": 0.94, "val_ranking_accuracy_0.8": 0.94, "val_ranking_accuracy_0.9": 0.95, "val_ranking_accuracy_1.0": 0.96, "val_ranking_accuracy_1.1": 0.96, "val_ranking_accuracy_1.2": 0.96, "val_ranking_accuracy_1.3": 0.97, "val_ranking_accuracy_1.4": 0.97, "val_ranking_accuracy_1.5": 0.97, "val_ranking_accuracy_1.6": 0.97, "val_ranking_accuracy_1.7": 0.97, "val_ranking_accuracy_1.8": 0.97, "val_ranking_accuracy_1.9": 0.98, "val_ranking_accuracy_2.0": 0.97, "val_mean_loss": 0.4025422708866314, "val_sum_loss": 125.99573078751564, "timestamp": 1712654528, "checkpoint_dir_name": null, "done": false, "training_iteration": 26, "trial_id": "49f18d58", "date": "2024-04-09_11-22-08", "time_this_iter_s": 446.46976375579834, "time_total_s": 11518.515336036682, "pid": 2225591, "hostname": "jyn", "node_ip": "131.130.125.89", "config": {"model": {"hidden_dimension": 256, "modules": {"1": {"times": 3, "parameter": {"dropout": 0.5}}}}, "optimizer": {"base_learning_rate": 0.001}}, "time_since_restore": 11518.515336036682, "iterations_since_restore": 26}
{"train_mae": 0.4000000059604645, "train_r2": 0.66, "train_spearmanr": 0.82, "train_mse": 0.28999999165534973, "train_rmse": 0.5400000214576721, "train_mean_loss": 0.40396067700706995, "train_sum_loss": 126.03573122620583, "val_mae": 0.3799999952316284, "val_r2": 0.67, "val_spearmanr": 0.86, "val_mse": 0.30000001192092896, "val_rmse": 0.550000011920929, "val_ranking_accuracy_0.1": 0.85, "val_ranking_accuracy_0.2": 0.86, "val_ranking_accuracy_0.3": 0.88, "val_ranking_accuracy_0.4": 0.89, "val_ranking_accuracy_0.5": 0.91, "val_ranking_accuracy_0.6": 0.92, "val_ranking_accuracy_0.7": 0.93, "val_ranking_accuracy_0.8": 0.94, "val_ranking_accuracy_0.9": 0.95, "val_ranking_accuracy_1.0": 0.95, "val_ranking_accuracy_1.1": 0.96, "val_ranking_accuracy_1.2": 0.96, "val_ranking_accuracy_1.3": 0.97, "val_ranking_accuracy_1.4": 0.97, "val_ranking_accuracy_1.5": 0.97, "val_ranking_accuracy_1.6": 0.97, "val_ranking_accuracy_1.7": 0.97, "val_ranking_accuracy_1.8": 0.97, "val_ranking_accuracy_1.9": 0.97, "val_ranking_accuracy_2.0": 0.97, "val_mean_loss": 0.3849707140137974, "val_sum_loss": 120.49583348631859, "timestamp": 1712654948, "checkpoint_dir_name": null, "done": false, "training_iteration": 27, "trial_id": "49f18d58", "date": "2024-04-09_11-29-08", "time_this_iter_s": 419.3870372772217, "time_total_s": 11937.902373313904, "pid": 2225591, "hostname": "jyn", "node_ip": "131.130.125.89", "config": {"model": {"hidden_dimension": 256, "modules": {"1": {"times": 3, "parameter": {"dropout": 0.5}}}}, "optimizer": {"base_learning_rate": 0.001}}, "time_since_restore": 11937.902373313904, "iterations_since_restore": 27}
{"train_mae": 0.4099999964237213, "train_r2": 0.65, "train_spearmanr": 0.82, "train_mse": 0.30000001192092896, "train_rmse": 0.550000011920929, "train_mean_loss": 0.4092288028735381, "train_sum_loss": 127.67938649654388, "val_mae": 0.41999998688697815, "val_r2": 0.65, "val_spearmanr": 0.84, "val_mse": 0.3199999928474426, "val_rmse": 0.5699999928474426, "val_ranking_accuracy_0.1": 0.84, "val_ranking_accuracy_0.2": 0.86, "val_ranking_accuracy_0.3": 0.87, "val_ranking_accuracy_0.4": 0.89, "val_ranking_accuracy_0.5": 0.9, "val_ranking_accuracy_0.6": 0.91, "val_ranking_accuracy_0.7": 0.92, "val_ranking_accuracy_0.8": 0.93, "val_ranking_accuracy_0.9": 0.94, "val_ranking_accuracy_1.0": 0.95, "val_ranking_accuracy_1.1": 0.95, "val_ranking_accuracy_1.2": 0.95, "val_ranking_accuracy_1.3": 0.96, "val_ranking_accuracy_1.4": 0.96, "val_ranking_accuracy_1.5": 0.97, "val_ranking_accuracy_1.6": 0.97, "val_ranking_accuracy_1.7": 0.97, "val_ranking_accuracy_1.8": 0.97, "val_ranking_accuracy_1.9": 0.97, "val_ranking_accuracy_2.0": 0.98, "val_mean_loss": 0.42316967353653223, "val_sum_loss": 132.45210781693459, "timestamp": 1712655404, "checkpoint_dir_name": null, "done": false, "training_iteration": 28, "trial_id": "49f18d58", "date": "2024-04-09_11-36-44", "time_this_iter_s": 456.50362062454224, "time_total_s": 12394.405993938446, "pid": 2225591, "hostname": "jyn", "node_ip": "131.130.125.89", "config": {"model": {"hidden_dimension": 256, "modules": {"1": {"times": 3, "parameter": {"dropout": 0.5}}}}, "optimizer": {"base_learning_rate": 0.001}}, "time_since_restore": 12394.405993938446, "iterations_since_restore": 28}
{"train_mae": 0.4000000059604645, "train_r2": 0.66, "train_spearmanr": 0.82, "train_mse": 0.28999999165534973, "train_rmse": 0.5400000214576721, "train_mean_loss": 0.3998753134256754, "train_sum_loss": 124.76109778881073, "val_mae": 0.38999998569488525, "val_r2": 0.66, "val_spearmanr": 0.87, "val_mse": 0.3100000023841858, "val_rmse": 0.5600000023841858, "val_ranking_accuracy_0.1": 0.85, "val_ranking_accuracy_0.2": 0.87, "val_ranking_accuracy_0.3": 0.88, "val_ranking_accuracy_0.4": 0.9, "val_ranking_accuracy_0.5": 0.92, "val_ranking_accuracy_0.6": 0.93, "val_ranking_accuracy_0.7": 0.94, "val_ranking_accuracy_0.8": 0.95, "val_ranking_accuracy_0.9": 0.96, "val_ranking_accuracy_1.0": 0.96, "val_ranking_accuracy_1.1": 0.96, "val_ranking_accuracy_1.2": 0.97, "val_ranking_accuracy_1.3": 0.97, "val_ranking_accuracy_1.4": 0.97, "val_ranking_accuracy_1.5": 0.97, "val_ranking_accuracy_1.6": 0.97, "val_ranking_accuracy_1.7": 0.97, "val_ranking_accuracy_1.8": 0.97, "val_ranking_accuracy_1.9": 0.97, "val_ranking_accuracy_2.0": 0.97, "val_mean_loss": 0.3854296985811319, "val_sum_loss": 120.63949565589428, "timestamp": 1712655825, "checkpoint_dir_name": null, "done": false, "training_iteration": 29, "trial_id": "49f18d58", "date": "2024-04-09_11-43-45", "time_this_iter_s": 420.6815092563629, "time_total_s": 12815.087503194809, "pid": 2225591, "hostname": "jyn", "node_ip": "131.130.125.89", "config": {"model": {"hidden_dimension": 256, "modules": {"1": {"times": 3, "parameter": {"dropout": 0.5}}}}, "optimizer": {"base_learning_rate": 0.001}}, "time_since_restore": 12815.087503194809, "iterations_since_restore": 29}
{"train_mae": 0.4000000059604645, "train_r2": 0.67, "train_spearmanr": 0.83, "train_mse": 0.28999999165534973, "train_rmse": 0.5400000214576721, "train_mean_loss": 0.39772794004052114, "train_sum_loss": 124.0911172926426, "val_mae": 0.3799999952316284, "val_r2": 0.66, "val_spearmanr": 0.86, "val_mse": 0.3100000023841858, "val_rmse": 0.5600000023841858, "val_ranking_accuracy_0.1": 0.86, "val_ranking_accuracy_0.2": 0.88, "val_ranking_accuracy_0.3": 0.89, "val_ranking_accuracy_0.4": 0.91, "val_ranking_accuracy_0.5": 0.92, "val_ranking_accuracy_0.6": 0.93, "val_ranking_accuracy_0.7": 0.94, "val_ranking_accuracy_0.8": 0.95, "val_ranking_accuracy_0.9": 0.96, "val_ranking_accuracy_1.0": 0.97, "val_ranking_accuracy_1.1": 0.97, "val_ranking_accuracy_1.2": 0.97, "val_ranking_accuracy_1.3": 0.97, "val_ranking_accuracy_1.4": 0.97, "val_ranking_accuracy_1.5": 0.97, "val_ranking_accuracy_1.6": 0.97, "val_ranking_accuracy_1.7": 0.97, "val_ranking_accuracy_1.8": 0.97, "val_ranking_accuracy_1.9": 0.97, "val_ranking_accuracy_2.0": 0.97, "val_mean_loss": 0.38443108440968937, "val_sum_loss": 120.32692942023277, "timestamp": 1712656258, "checkpoint_dir_name": null, "done": false, "training_iteration": 30, "trial_id": "49f18d58", "date": "2024-04-09_11-50-58", "time_this_iter_s": 433.1780152320862, "time_total_s": 13248.265518426895, "pid": 2225591, "hostname": "jyn", "node_ip": "131.130.125.89", "config": {"model": {"hidden_dimension": 256, "modules": {"1": {"times": 3, "parameter": {"dropout": 0.5}}}}, "optimizer": {"base_learning_rate": 0.001}}, "time_since_restore": 13248.265518426895, "iterations_since_restore": 30}
{"train_mae": 0.4000000059604645, "train_r2": 0.67, "train_spearmanr": 0.83, "train_mse": 0.28999999165534973, "train_rmse": 0.5400000214576721, "train_mean_loss": 0.3990426948055243, "train_sum_loss": 124.50132077932358, "val_mae": 0.3700000047683716, "val_r2": 0.69, "val_spearmanr": 0.86, "val_mse": 0.2800000011920929, "val_rmse": 0.5299999713897705, "val_ranking_accuracy_0.1": 0.85, "val_ranking_accuracy_0.2": 0.87, "val_ranking_accuracy_0.3": 0.89, "val_ranking_accuracy_0.4": 0.91, "val_ranking_accuracy_0.5": 0.92, "val_ranking_accuracy_0.6": 0.93, "val_ranking_accuracy_0.7": 0.94, "val_ranking_accuracy_0.8": 0.95, "val_ranking_accuracy_0.9": 0.95, "val_ranking_accuracy_1.0": 0.96, "val_ranking_accuracy_1.1": 0.97, "val_ranking_accuracy_1.2": 0.97, "val_ranking_accuracy_1.3": 0.97, "val_ranking_accuracy_1.4": 0.97, "val_ranking_accuracy_1.5": 0.98, "val_ranking_accuracy_1.6": 0.98, "val_ranking_accuracy_1.7": 0.98, "val_ranking_accuracy_1.8": 0.98, "val_ranking_accuracy_1.9": 0.98, "val_ranking_accuracy_2.0": 0.98, "val_mean_loss": 0.37468821538713415, "val_sum_loss": 117.27741141617298, "timestamp": 1712656702, "checkpoint_dir_name": null, "done": false, "training_iteration": 31, "trial_id": "49f18d58", "date": "2024-04-09_11-58-22", "time_this_iter_s": 444.1471095085144, "time_total_s": 13692.41262793541, "pid": 2225591, "hostname": "jyn", "node_ip": "131.130.125.89", "config": {"model": {"hidden_dimension": 256, "modules": {"1": {"times": 3, "parameter": {"dropout": 0.5}}}}, "optimizer": {"base_learning_rate": 0.001}}, "time_since_restore": 13692.41262793541, "iterations_since_restore": 31}
{"train_mae": 0.4000000059604645, "train_r2": 0.67, "train_spearmanr": 0.83, "train_mse": 0.28999999165534973, "train_rmse": 0.5400000214576721, "train_mean_loss": 0.39673864225355476, "train_sum_loss": 123.78245638310909, "val_mae": 0.3799999952316284, "val_r2": 0.67, "val_spearmanr": 0.87, "val_mse": 0.30000001192092896, "val_rmse": 0.550000011920929, "val_ranking_accuracy_0.1": 0.85, "val_ranking_accuracy_0.2": 0.87, "val_ranking_accuracy_0.3": 0.89, "val_ranking_accuracy_0.4": 0.91, "val_ranking_accuracy_0.5": 0.92, "val_ranking_accuracy_0.6": 0.93, "val_ranking_accuracy_0.7": 0.94, "val_ranking_accuracy_0.8": 0.95, "val_ranking_accuracy_0.9": 0.96, "val_ranking_accuracy_1.0": 0.96, "val_ranking_accuracy_1.1": 0.97, "val_ranking_accuracy_1.2": 0.97, "val_ranking_accuracy_1.3": 0.97, "val_ranking_accuracy_1.4": 0.98, "val_ranking_accuracy_1.5": 0.98, "val_ranking_accuracy_1.6": 0.98, "val_ranking_accuracy_1.7": 0.98, "val_ranking_accuracy_1.8": 0.98, "val_ranking_accuracy_1.9": 0.98, "val_ranking_accuracy_2.0": 0.98, "val_mean_loss": 0.38468194750551216, "val_sum_loss": 120.40544956922531, "timestamp": 1712657151, "checkpoint_dir_name": null, "done": false, "training_iteration": 32, "trial_id": "49f18d58", "date": "2024-04-09_12-05-51", "time_this_iter_s": 449.1644334793091, "time_total_s": 14141.577061414719, "pid": 2225591, "hostname": "jyn", "node_ip": "131.130.125.89", "config": {"model": {"hidden_dimension": 256, "modules": {"1": {"times": 3, "parameter": {"dropout": 0.5}}}}, "optimizer": {"base_learning_rate": 0.001}}, "time_since_restore": 14141.577061414719, "iterations_since_restore": 32}
{"train_mae": 0.4000000059604645, "train_r2": 0.67, "train_spearmanr": 0.83, "train_mse": 0.28999999165534973, "train_rmse": 0.5400000214576721, "train_mean_loss": 0.3997195582263745, "train_sum_loss": 124.71250216662884, "val_mae": 0.4000000059604645, "val_r2": 0.65, "val_spearmanr": 0.86, "val_mse": 0.3199999928474426, "val_rmse": 0.5600000023841858, "val_ranking_accuracy_0.1": 0.86, "val_ranking_accuracy_0.2": 0.88, "val_ranking_accuracy_0.3": 0.89, "val_ranking_accuracy_0.4": 0.91, "val_ranking_accuracy_0.5": 0.92, "val_ranking_accuracy_0.6": 0.93, "val_ranking_accuracy_0.7": 0.94, "val_ranking_accuracy_0.8": 0.95, "val_ranking_accuracy_0.9": 0.95, "val_ranking_accuracy_1.0": 0.96, "val_ranking_accuracy_1.1": 0.97, "val_ranking_accuracy_1.2": 0.97, "val_ranking_accuracy_1.3": 0.97, "val_ranking_accuracy_1.4": 0.98, "val_ranking_accuracy_1.5": 0.98, "val_ranking_accuracy_1.6": 0.98, "val_ranking_accuracy_1.7": 0.98, "val_ranking_accuracy_1.8": 0.97, "val_ranking_accuracy_1.9": 0.97, "val_ranking_accuracy_2.0": 0.97, "val_mean_loss": 0.3963539680352988, "val_sum_loss": 124.05879199504852, "timestamp": 1712657569, "checkpoint_dir_name": null, "done": false, "training_iteration": 33, "trial_id": "49f18d58", "date": "2024-04-09_12-12-49", "time_this_iter_s": 417.80141162872314, "time_total_s": 14559.378473043442, "pid": 2225591, "hostname": "jyn", "node_ip": "131.130.125.89", "config": {"model": {"hidden_dimension": 256, "modules": {"1": {"times": 3, "parameter": {"dropout": 0.5}}}}, "optimizer": {"base_learning_rate": 0.001}}, "time_since_restore": 14559.378473043442, "iterations_since_restore": 33}
{"train_mae": 0.38999998569488525, "train_r2": 0.68, "train_spearmanr": 0.83, "train_mse": 0.2800000011920929, "train_rmse": 0.5299999713897705, "train_mean_loss": 0.38899921644956637, "train_sum_loss": 121.36775553226471, "val_mae": 0.38999998569488525, "val_r2": 0.66, "val_spearmanr": 0.87, "val_mse": 0.3100000023841858, "val_rmse": 0.5600000023841858, "val_ranking_accuracy_0.1": 0.85, "val_ranking_accuracy_0.2": 0.87, "val_ranking_accuracy_0.3": 0.89, "val_ranking_accuracy_0.4": 0.9, "val_ranking_accuracy_0.5": 0.92, "val_ranking_accuracy_0.6": 0.93, "val_ranking_accuracy_0.7": 0.94, "val_ranking_accuracy_0.8": 0.95, "val_ranking_accuracy_0.9": 0.96, "val_ranking_accuracy_1.0": 0.96, "val_ranking_accuracy_1.1": 0.97, "val_ranking_accuracy_1.2": 0.97, "val_ranking_accuracy_1.3": 0.98, "val_ranking_accuracy_1.4": 0.98, "val_ranking_accuracy_1.5": 0.98, "val_ranking_accuracy_1.6": 0.98, "val_ranking_accuracy_1.7": 0.98, "val_ranking_accuracy_1.8": 0.98, "val_ranking_accuracy_1.9": 0.98, "val_ranking_accuracy_2.0": 0.98, "val_mean_loss": 0.3914255999718992, "val_sum_loss": 122.51621279120445, "timestamp": 1712658032, "checkpoint_dir_name": null, "done": false, "training_iteration": 34, "trial_id": "49f18d58", "date": "2024-04-09_12-20-32", "time_this_iter_s": 462.3698878288269, "time_total_s": 15021.748360872269, "pid": 2225591, "hostname": "jyn", "node_ip": "131.130.125.89", "config": {"model": {"hidden_dimension": 256, "modules": {"1": {"times": 3, "parameter": {"dropout": 0.5}}}}, "optimizer": {"base_learning_rate": 0.001}}, "time_since_restore": 15021.748360872269, "iterations_since_restore": 34}
{"train_mae": 0.38999998569488525, "train_r2": 0.69, "train_spearmanr": 0.84, "train_mse": 0.27000001072883606, "train_rmse": 0.5199999809265137, "train_mean_loss": 0.38622289408858007, "train_sum_loss": 120.50154295563698, "val_mae": 0.3499999940395355, "val_r2": 0.71, "val_spearmanr": 0.87, "val_mse": 0.25999999046325684, "val_rmse": 0.5099999904632568, "val_ranking_accuracy_0.1": 0.85, "val_ranking_accuracy_0.2": 0.87, "val_ranking_accuracy_0.3": 0.89, "val_ranking_accuracy_0.4": 0.91, "val_ranking_accuracy_0.5": 0.92, "val_ranking_accuracy_0.6": 0.93, "val_ranking_accuracy_0.7": 0.94, "val_ranking_accuracy_0.8": 0.95, "val_ranking_accuracy_0.9": 0.96, "val_ranking_accuracy_1.0": 0.96, "val_ranking_accuracy_1.1": 0.97, "val_ranking_accuracy_1.2": 0.97, "val_ranking_accuracy_1.3": 0.97, "val_ranking_accuracy_1.4": 0.97, "val_ranking_accuracy_1.5": 0.97, "val_ranking_accuracy_1.6": 0.98, "val_ranking_accuracy_1.7": 0.97, "val_ranking_accuracy_1.8": 0.97, "val_ranking_accuracy_1.9": 0.98, "val_ranking_accuracy_2.0": 0.97, "val_mean_loss": 0.35315083329098673, "val_sum_loss": 110.53621082007885, "timestamp": 1712658469, "checkpoint_dir_name": null, "done": false, "training_iteration": 35, "trial_id": "49f18d58", "date": "2024-04-09_12-27-49", "time_this_iter_s": 437.87174582481384, "time_total_s": 15459.620106697083, "pid": 2225591, "hostname": "jyn", "node_ip": "131.130.125.89", "config": {"model": {"hidden_dimension": 256, "modules": {"1": {"times": 3, "parameter": {"dropout": 0.5}}}}, "optimizer": {"base_learning_rate": 0.001}}, "time_since_restore": 15459.620106697083, "iterations_since_restore": 35}
{"train_mae": 0.3799999952316284, "train_r2": 0.69, "train_spearmanr": 0.84, "train_mse": 0.27000001072883606, "train_rmse": 0.5199999809265137, "train_mean_loss": 0.38314842136624533, "train_sum_loss": 119.54230746626854, "val_mae": 0.36000001430511475, "val_r2": 0.71, "val_spearmanr": 0.87, "val_mse": 0.27000001072883606, "val_rmse": 0.5199999809265137, "val_ranking_accuracy_0.1": 0.85, "val_ranking_accuracy_0.2": 0.87, "val_ranking_accuracy_0.3": 0.89, "val_ranking_accuracy_0.4": 0.9, "val_ranking_accuracy_0.5": 0.91, "val_ranking_accuracy_0.6": 0.92, "val_ranking_accuracy_0.7": 0.94, "val_ranking_accuracy_0.8": 0.94, "val_ranking_accuracy_0.9": 0.95, "val_ranking_accuracy_1.0": 0.95, "val_ranking_accuracy_1.1": 0.96, "val_ranking_accuracy_1.2": 0.96, "val_ranking_accuracy_1.3": 0.97, "val_ranking_accuracy_1.4": 0.97, "val_ranking_accuracy_1.5": 0.97, "val_ranking_accuracy_1.6": 0.98, "val_ranking_accuracy_1.7": 0.98, "val_ranking_accuracy_1.8": 0.98, "val_ranking_accuracy_1.9": 0.98, "val_ranking_accuracy_2.0": 0.98, "val_mean_loss": 0.3559792103192296, "val_sum_loss": 111.42149282991886, "timestamp": 1712658890, "checkpoint_dir_name": null, "done": false, "training_iteration": 36, "trial_id": "49f18d58", "date": "2024-04-09_12-34-50", "time_this_iter_s": 420.08847641944885, "time_total_s": 15879.708583116531, "pid": 2225591, "hostname": "jyn", "node_ip": "131.130.125.89", "config": {"model": {"hidden_dimension": 256, "modules": {"1": {"times": 3, "parameter": {"dropout": 0.5}}}}, "optimizer": {"base_learning_rate": 0.001}}, "time_since_restore": 15879.708583116531, "iterations_since_restore": 36}
{"train_mae": 0.38999998569488525, "train_r2": 0.68, "train_spearmanr": 0.84, "train_mse": 0.27000001072883606, "train_rmse": 0.5199999809265137, "train_mean_loss": 0.38743804815487987, "train_sum_loss": 120.88067102432251, "val_mae": 0.36000001430511475, "val_r2": 0.7, "val_spearmanr": 0.87, "val_mse": 0.27000001072883606, "val_rmse": 0.5199999809265137, "val_ranking_accuracy_0.1": 0.85, "val_ranking_accuracy_0.2": 0.87, "val_ranking_accuracy_0.3": 0.89, "val_ranking_accuracy_0.4": 0.9, "val_ranking_accuracy_0.5": 0.92, "val_ranking_accuracy_0.6": 0.93, "val_ranking_accuracy_0.7": 0.95, "val_ranking_accuracy_0.8": 0.95, "val_ranking_accuracy_0.9": 0.96, "val_ranking_accuracy_1.0": 0.97, "val_ranking_accuracy_1.1": 0.97, "val_ranking_accuracy_1.2": 0.97, "val_ranking_accuracy_1.3": 0.97, "val_ranking_accuracy_1.4": 0.97, "val_ranking_accuracy_1.5": 0.97, "val_ranking_accuracy_1.6": 0.98, "val_ranking_accuracy_1.7": 0.98, "val_ranking_accuracy_1.8": 0.98, "val_ranking_accuracy_1.9": 0.98, "val_ranking_accuracy_2.0": 0.97, "val_mean_loss": 0.35845244521150194, "val_sum_loss": 112.1956153512001, "timestamp": 1712659360, "checkpoint_dir_name": null, "done": false, "training_iteration": 37, "trial_id": "49f18d58", "date": "2024-04-09_12-42-40", "time_this_iter_s": 470.7035789489746, "time_total_s": 16350.412162065506, "pid": 2225591, "hostname": "jyn", "node_ip": "131.130.125.89", "config": {"model": {"hidden_dimension": 256, "modules": {"1": {"times": 3, "parameter": {"dropout": 0.5}}}}, "optimizer": {"base_learning_rate": 0.001}}, "time_since_restore": 16350.412162065506, "iterations_since_restore": 37}
{"train_mae": 0.3799999952316284, "train_r2": 0.69, "train_spearmanr": 0.84, "train_mse": 0.27000001072883606, "train_rmse": 0.5199999809265137, "train_mean_loss": 0.3834867113484786, "train_sum_loss": 119.64785394072533, "val_mae": 0.36000001430511475, "val_r2": 0.7, "val_spearmanr": 0.87, "val_mse": 0.27000001072883606, "val_rmse": 0.5199999809265137, "val_ranking_accuracy_0.1": 0.87, "val_ranking_accuracy_0.2": 0.88, "val_ranking_accuracy_0.3": 0.9, "val_ranking_accuracy_0.4": 0.91, "val_ranking_accuracy_0.5": 0.92, "val_ranking_accuracy_0.6": 0.93, "val_ranking_accuracy_0.7": 0.94, "val_ranking_accuracy_0.8": 0.95, "val_ranking_accuracy_0.9": 0.95, "val_ranking_accuracy_1.0": 0.96, "val_ranking_accuracy_1.1": 0.96, "val_ranking_accuracy_1.2": 0.97, "val_ranking_accuracy_1.3": 0.97, "val_ranking_accuracy_1.4": 0.97, "val_ranking_accuracy_1.5": 0.98, "val_ranking_accuracy_1.6": 0.98, "val_ranking_accuracy_1.7": 0.98, "val_ranking_accuracy_1.8": 0.98, "val_ranking_accuracy_1.9": 0.98, "val_ranking_accuracy_2.0": 0.98, "val_mean_loss": 0.3604445089928258, "val_sum_loss": 112.81913131475449, "timestamp": 1712659777, "checkpoint_dir_name": null, "done": true, "training_iteration": 38, "trial_id": "49f18d58", "date": "2024-04-09_12-49-37", "time_this_iter_s": 416.53546166419983, "time_total_s": 16766.947623729706, "pid": 2225591, "hostname": "jyn", "node_ip": "131.130.125.89", "config": {"model": {"hidden_dimension": 256, "modules": {"1": {"times": 3, "parameter": {"dropout": 0.5}}}}, "optimizer": {"base_learning_rate": 0.001}}, "time_since_restore": 16766.947623729706, "iterations_since_restore": 38}
