train_mae,train_r2,train_spearmanr,train_mse,train_rmse,train_mean_loss,train_sum_loss,val_mae,val_r2,val_spearmanr,val_mse,val_rmse,val_ranking_accuracy_0.1,val_ranking_accuracy_0.2,val_ranking_accuracy_0.3,val_ranking_accuracy_0.4,val_ranking_accuracy_0.5,val_ranking_accuracy_0.6,val_ranking_accuracy_0.7,val_ranking_accuracy_0.8,val_ranking_accuracy_0.9,val_ranking_accuracy_1.0,val_ranking_accuracy_1.1,val_ranking_accuracy_1.2,val_ranking_accuracy_1.3,val_ranking_accuracy_1.4,val_ranking_accuracy_1.5,val_ranking_accuracy_1.6,val_ranking_accuracy_1.7,val_ranking_accuracy_1.8,val_ranking_accuracy_1.9,val_ranking_accuracy_2.0,val_mean_loss,val_sum_loss,test_mae,test_r2,test_spearmanr,test_mse,test_rmse,test_ranking_accuracy_0.1,test_ranking_accuracy_0.2,test_ranking_accuracy_0.3,test_ranking_accuracy_0.4,test_ranking_accuracy_0.5,test_ranking_accuracy_0.6,test_ranking_accuracy_0.7,test_ranking_accuracy_0.8,test_ranking_accuracy_0.9,test_ranking_accuracy_1.0,test_ranking_accuracy_1.1,test_ranking_accuracy_1.2,test_ranking_accuracy_1.3,test_ranking_accuracy_1.4,test_ranking_accuracy_1.5,test_ranking_accuracy_1.6,test_ranking_accuracy_1.7,test_ranking_accuracy_1.8,test_ranking_accuracy_1.9,test_ranking_accuracy_2.0,test_mean_loss,test_sum_loss
4.76,-27.69,-0.47,25.47,5.05,4.7587367136746845,7185.692437648773,4.72,-26.54,-0.48,25.22,5.02,0.33,0.32,0.31,0.3,0.29,0.29,0.28,0.26,0.25,0.24,0.23,0.22,0.22,0.21,0.2,0.19,0.18,0.18,0.18,0.17,4.722963419225481,1530.2401478290558,4.75,-28.36,-0.47,25.35,5.04,0.33,0.32,0.31,0.3,0.29,0.27,0.27,0.26,0.25,0.24,0.23,0.22,0.21,0.2,0.18,0.17,0.15,0.16,0.16,0.14,4.748153844733297,1538.4018456935883
0.55,0.27,0.71,0.65,0.81,0.5499227080518836,830.3832891583443,0.4,0.63,0.83,0.34,0.58,0.83,0.85,0.86,0.88,0.89,0.9,0.91,0.92,0.93,0.94,0.94,0.95,0.95,0.95,0.96,0.96,0.96,0.96,0.96,0.96,0.39865475741249545,129.16414140164852,0.39,0.64,0.83,0.31,0.56,0.83,0.85,0.87,0.89,0.9,0.91,0.92,0.93,0.94,0.94,0.95,0.95,0.95,0.96,0.96,0.96,0.97,0.97,0.97,0.97,0.3913617938021083,126.80122119188309
0.43,0.62,0.81,0.34,0.58,0.42541206222496286,642.3722139596939,0.45,0.61,0.84,0.36,0.6,0.84,0.86,0.88,0.89,0.9,0.92,0.92,0.93,0.94,0.95,0.96,0.96,0.96,0.97,0.97,0.97,0.97,0.97,0.97,0.97,0.44702524774604374,144.83618026971817,0.44,0.61,0.84,0.34,0.58,0.84,0.86,0.88,0.89,0.91,0.92,0.94,0.94,0.95,0.96,0.96,0.97,0.97,0.98,0.98,0.98,0.98,0.98,0.98,0.98,0.4439605318101836,143.84321230649948
0.41,0.64,0.82,0.32,0.56,0.4124528871664148,622.8038596212864,0.44,0.63,0.84,0.34,0.58,0.84,0.86,0.87,0.89,0.9,0.92,0.93,0.94,0.94,0.95,0.95,0.96,0.96,0.96,0.96,0.96,0.97,0.97,0.97,0.97,0.43821827644183314,141.98272156715393,0.43,0.64,0.84,0.31,0.56,0.84,0.86,0.87,0.89,0.91,0.92,0.93,0.94,0.95,0.96,0.96,0.96,0.97,0.97,0.97,0.97,0.97,0.98,0.98,0.98,0.4287981204228637,138.93059101700783
0.4,0.66,0.83,0.3,0.55,0.4018623256130724,606.8121116757393,0.43,0.65,0.86,0.32,0.57,0.85,0.87,0.89,0.9,0.92,0.93,0.94,0.95,0.95,0.96,0.97,0.97,0.97,0.97,0.98,0.97,0.97,0.98,0.98,0.98,0.42801998767219945,138.67847600579262,0.42,0.65,0.86,0.3,0.55,0.85,0.87,0.89,0.91,0.92,0.93,0.94,0.95,0.96,0.96,0.97,0.97,0.97,0.98,0.98,0.98,0.98,0.98,0.99,0.98,0.4235860863585531,137.2418919801712
0.4,0.66,0.83,0.3,0.55,0.39931533692885707,602.9661587625742,0.38,0.67,0.86,0.3,0.55,0.85,0.87,0.89,0.9,0.92,0.93,0.94,0.95,0.95,0.96,0.96,0.97,0.97,0.97,0.97,0.97,0.97,0.97,0.97,0.97,0.38238147526611516,123.89159798622131,0.37,0.69,0.86,0.27,0.52,0.85,0.87,0.88,0.9,0.91,0.93,0.94,0.95,0.95,0.96,0.96,0.97,0.97,0.97,0.97,0.97,0.98,0.98,0.98,0.98,0.3727566238814666,120.77314613759518
0.39,0.67,0.84,0.29,0.54,0.3936051074834849,594.3437123000622,0.37,0.7,0.87,0.27,0.52,0.85,0.87,0.89,0.91,0.92,0.93,0.94,0.95,0.96,0.96,0.97,0.97,0.97,0.97,0.97,0.97,0.98,0.97,0.98,0.98,0.36615704170163765,118.6348815113306,0.35,0.72,0.87,0.24,0.49,0.86,0.88,0.9,0.91,0.93,0.94,0.94,0.95,0.96,0.96,0.97,0.97,0.98,0.98,0.98,0.98,0.99,0.99,0.99,0.98,0.3542080263112798,114.76340052485466
0.39,0.68,0.84,0.28,0.53,0.3870205144120368,584.4009767621756,0.37,0.7,0.87,0.27,0.52,0.85,0.87,0.89,0.91,0.92,0.93,0.94,0.95,0.96,0.96,0.97,0.97,0.97,0.98,0.98,0.98,0.98,0.98,0.98,0.98,0.3750016883843475,121.50054703652859,0.37,0.71,0.87,0.25,0.5,0.85,0.87,0.89,0.9,0.92,0.93,0.94,0.95,0.96,0.97,0.97,0.98,0.98,0.98,0.98,0.98,0.98,0.98,0.98,0.98,0.36676924648108306,118.83323585987091
0.39,0.68,0.84,0.28,0.53,0.38610625872943577,583.020450681448,0.39,0.69,0.88,0.28,0.53,0.86,0.88,0.9,0.91,0.93,0.94,0.95,0.96,0.96,0.97,0.97,0.98,0.98,0.98,0.99,0.99,0.99,0.99,0.99,0.99,0.3947238011492623,127.89051157236099,0.39,0.7,0.88,0.26,0.51,0.86,0.88,0.91,0.92,0.93,0.94,0.95,0.96,0.96,0.97,0.97,0.98,0.98,0.98,0.98,0.98,0.99,0.99,0.99,0.99,0.3855421257055836,124.91564872860909
0.38,0.7,0.85,0.27,0.52,0.3764133278502534,568.3841250538826,0.38,0.68,0.88,0.29,0.54,0.87,0.88,0.91,0.92,0.93,0.94,0.95,0.96,0.96,0.96,0.97,0.97,0.98,0.98,0.98,0.98,0.98,0.98,0.98,0.98,0.37759062703009005,122.33936315774918,0.36,0.7,0.88,0.26,0.51,0.87,0.88,0.9,0.92,0.93,0.94,0.95,0.96,0.96,0.97,0.98,0.98,0.98,0.98,0.98,0.98,0.99,0.99,0.99,0.99,0.36416217160445674,117.98854359984398
0.38,0.7,0.85,0.27,0.52,0.3779335521112215,570.6796636879444,0.36,0.73,0.88,0.25,0.5,0.86,0.88,0.89,0.91,0.92,0.93,0.94,0.96,0.96,0.97,0.97,0.97,0.98,0.98,0.98,0.98,0.99,0.99,0.99,0.99,0.3605909126776236,116.83145570755005,0.36,0.73,0.87,0.23,0.48,0.86,0.88,0.9,0.92,0.93,0.94,0.95,0.95,0.96,0.97,0.97,0.98,0.98,0.98,0.98,0.98,0.98,0.98,0.98,0.98,0.3573350754600984,115.77656444907188
0.37,0.71,0.85,0.26,0.51,0.3727636741881339,562.8731480240822,0.39,0.67,0.86,0.31,0.55,0.85,0.87,0.89,0.9,0.92,0.93,0.94,0.95,0.96,0.96,0.96,0.97,0.97,0.97,0.97,0.98,0.98,0.98,0.98,0.98,0.3894002815639531,126.16569122672081,0.38,0.66,0.86,0.29,0.54,0.85,0.87,0.89,0.91,0.92,0.93,0.94,0.95,0.96,0.97,0.97,0.97,0.98,0.98,0.98,0.98,0.99,0.99,0.99,0.99,0.3824965719271589,123.92888930439949
0.36,0.73,0.87,0.24,0.49,0.3559958280613091,537.5537003725767,0.37,0.7,0.89,0.28,0.53,0.87,0.89,0.91,0.92,0.93,0.94,0.95,0.96,0.96,0.97,0.98,0.98,0.98,0.98,0.98,0.98,0.99,0.99,0.99,0.99,0.3741256876124276,121.21672278642654,0.36,0.71,0.89,0.25,0.5,0.87,0.88,0.91,0.92,0.93,0.95,0.96,0.96,0.97,0.97,0.98,0.98,0.98,0.98,0.98,0.98,0.98,0.98,0.98,0.98,0.3587242544249252,116.22665843367577
0.35,0.75,0.87,0.23,0.48,0.3459458737578613,522.3782693743706,0.32,0.76,0.89,0.22,0.47,0.87,0.89,0.91,0.92,0.93,0.94,0.95,0.96,0.97,0.97,0.98,0.98,0.98,0.98,0.98,0.98,0.98,0.98,0.99,0.99,0.3233458726310436,104.76406273245811,0.32,0.77,0.89,0.2,0.45,0.87,0.89,0.91,0.92,0.94,0.95,0.96,0.96,0.96,0.97,0.97,0.97,0.98,0.98,0.98,0.98,0.98,0.98,0.98,0.98,0.31667839896715716,102.60380126535892
0.34,0.75,0.88,0.22,0.47,0.34159678431930923,515.8111443221569,0.32,0.77,0.89,0.21,0.46,0.87,0.89,0.91,0.92,0.94,0.94,0.95,0.96,0.97,0.97,0.97,0.98,0.98,0.98,0.98,0.99,0.99,0.99,0.99,0.99,0.32118572018764635,104.06417334079742,0.31,0.77,0.89,0.2,0.45,0.88,0.9,0.91,0.92,0.94,0.95,0.95,0.96,0.96,0.97,0.97,0.98,0.98,0.98,0.99,0.99,0.99,0.99,0.99,0.99,0.3148988914434557,102.02724082767963
0.33,0.77,0.88,0.21,0.46,0.33101502127994764,499.83268213272095,0.39,0.71,0.87,0.26,0.51,0.86,0.88,0.9,0.91,0.92,0.94,0.95,0.96,0.97,0.97,0.98,0.98,0.99,0.99,0.99,0.99,0.99,0.99,0.99,0.99,0.39140878107260774,126.81644506752491,0.39,0.7,0.87,0.26,0.51,0.85,0.87,0.89,0.91,0.93,0.94,0.95,0.95,0.96,0.97,0.97,0.98,0.98,0.98,0.98,0.99,0.99,0.99,0.99,0.99,0.3915494375942666,126.86201778054237
0.32,0.77,0.89,0.2,0.45,0.32483472289233806,490.5004315674305,0.41,0.69,0.87,0.28,0.53,0.85,0.87,0.89,0.91,0.92,0.93,0.94,0.95,0.96,0.97,0.97,0.98,0.98,0.98,0.99,0.99,0.99,0.99,0.99,0.99,0.4057523453677142,131.4637598991394,0.4,0.68,0.87,0.27,0.52,0.86,0.88,0.9,0.91,0.93,0.94,0.95,0.96,0.96,0.97,0.97,0.98,0.98,0.98,0.98,0.98,0.98,0.98,0.98,0.98,0.4009159727964872,129.89677518606186
0.32,0.78,0.89,0.19,0.44,0.3210268103918492,484.75048369169235,0.31,0.78,0.9,0.2,0.45,0.88,0.9,0.92,0.93,0.94,0.96,0.96,0.97,0.97,0.98,0.98,0.98,0.98,0.99,0.99,0.99,0.99,0.99,0.99,1.0,0.3144209252003534,101.87237976491451,0.31,0.78,0.89,0.19,0.44,0.88,0.9,0.91,0.93,0.94,0.95,0.96,0.96,0.97,0.97,0.98,0.98,0.98,0.98,0.98,0.98,0.99,0.99,0.99,0.99,0.3086922235878897,100.01628044247627
0.31,0.79,0.9,0.19,0.43,0.31466806120430396,475.148772418499,0.32,0.78,0.89,0.2,0.45,0.87,0.89,0.91,0.93,0.94,0.95,0.95,0.96,0.96,0.97,0.97,0.98,0.98,0.98,0.98,0.99,0.99,0.99,0.99,0.99,0.3167899180157685,102.639933437109,0.31,0.79,0.9,0.18,0.43,0.88,0.89,0.91,0.93,0.94,0.95,0.96,0.97,0.97,0.98,0.98,0.98,0.99,0.99,0.99,0.99,0.99,0.99,0.99,0.99,0.30771433332084136,99.6994439959526
0.3,0.8,0.9,0.18,0.42,0.303773069727105,458.6973352879286,0.32,0.77,0.9,0.21,0.46,0.87,0.89,0.91,0.92,0.93,0.95,0.95,0.96,0.97,0.97,0.97,0.98,0.98,0.98,0.98,0.99,0.99,0.99,0.99,0.99,0.32342745023377145,104.79049387574196,0.31,0.77,0.89,0.2,0.44,0.87,0.89,0.91,0.92,0.94,0.95,0.96,0.97,0.97,0.97,0.98,0.98,0.98,0.98,0.98,0.98,0.98,0.98,0.98,0.98,0.31460958084574453,101.93350419402122
0.3,0.81,0.91,0.17,0.41,0.29586611167089827,446.7578286230564,0.31,0.79,0.9,0.19,0.44,0.88,0.9,0.92,0.93,0.94,0.95,0.96,0.97,0.97,0.98,0.98,0.99,0.99,0.99,0.99,0.99,0.99,1.0,1.0,1.0,0.3097498057709064,100.35893706977367,0.3,0.79,0.9,0.18,0.42,0.87,0.9,0.92,0.93,0.94,0.95,0.96,0.97,0.98,0.98,0.98,0.99,0.99,0.99,0.99,0.99,0.99,0.99,0.99,0.99,0.2997675340760637,97.12468104064465
0.29,0.82,0.91,0.16,0.4,0.290131520928926,438.0985966026783,0.32,0.78,0.91,0.2,0.45,0.89,0.9,0.92,0.93,0.95,0.96,0.96,0.97,0.98,0.98,0.98,0.98,0.99,0.99,0.99,0.99,0.99,0.99,0.99,0.99,0.3176630073123508,102.92281436920166,0.31,0.78,0.91,0.19,0.44,0.88,0.91,0.92,0.94,0.95,0.96,0.97,0.97,0.98,0.98,0.98,0.98,0.99,0.99,0.99,0.99,0.99,0.99,0.99,0.99,0.30842809806819316,99.93070377409458
0.28,0.82,0.91,0.16,0.39,0.2846099334836796,429.76099956035614,0.31,0.79,0.9,0.19,0.44,0.88,0.9,0.92,0.93,0.94,0.95,0.97,0.97,0.97,0.98,0.98,0.99,0.99,0.99,0.99,0.99,0.99,0.99,0.99,0.99,0.31065824200157766,100.65327040851116,0.3,0.79,0.9,0.18,0.43,0.87,0.89,0.91,0.92,0.94,0.95,0.96,0.96,0.97,0.98,0.98,0.98,0.98,0.99,0.99,0.99,0.99,0.99,0.99,0.99,0.3046104960879426,98.6938007324934
0.27,0.84,0.92,0.15,0.38,0.2744775939856144,414.46116691827774,0.3,0.8,0.91,0.18,0.43,0.88,0.9,0.92,0.93,0.95,0.96,0.97,0.97,0.98,0.98,0.98,0.98,0.98,0.99,0.99,0.99,0.99,0.99,0.99,0.99,0.29930888387708016,96.97607837617397,0.29,0.8,0.9,0.17,0.42,0.88,0.9,0.92,0.93,0.95,0.96,0.97,0.97,0.98,0.98,0.98,0.99,0.99,0.99,0.99,0.99,0.99,0.99,0.99,0.99,0.2949457270219738,95.56241555511951
0.26,0.85,0.92,0.14,0.37,0.26453614578341805,399.4495801329613,0.31,0.8,0.9,0.18,0.43,0.89,0.9,0.92,0.93,0.95,0.96,0.97,0.97,0.98,0.98,0.98,0.98,0.99,0.99,0.99,0.99,0.99,0.99,1.0,1.0,0.3092954641231048,100.21173037588596,0.3,0.79,0.9,0.18,0.42,0.88,0.9,0.92,0.94,0.95,0.96,0.97,0.97,0.98,0.98,0.98,0.99,0.99,0.99,0.99,1.0,1.0,1.0,1.0,1.0,0.3029034589819702,98.14072071015835
0.26,0.85,0.93,0.13,0.37,0.2627605259911904,396.7683942466974,0.29,0.82,0.91,0.17,0.41,0.89,0.91,0.92,0.94,0.95,0.96,0.97,0.98,0.98,0.99,0.99,0.99,0.99,0.99,0.99,0.99,0.99,1.0,1.0,1.0,0.2851355256581748,92.38391031324863,0.28,0.81,0.91,0.16,0.4,0.89,0.9,0.92,0.94,0.95,0.96,0.96,0.97,0.98,0.98,0.98,0.99,0.99,0.99,0.99,0.99,0.99,0.99,0.99,0.99,0.27928689062411405,90.48895256221294
0.25,0.86,0.93,0.13,0.35,0.25307727399843416,382.1466837376356,0.29,0.81,0.91,0.17,0.41,0.89,0.91,0.92,0.94,0.95,0.96,0.97,0.97,0.98,0.98,0.98,0.99,0.99,0.99,0.99,1.0,1.0,1.0,1.0,1.0,0.2902663047023026,94.04628272354603,0.28,0.81,0.91,0.16,0.4,0.88,0.9,0.92,0.94,0.95,0.96,0.97,0.97,0.98,0.98,0.98,0.98,0.99,0.99,0.99,0.99,0.99,0.99,0.99,0.99,0.2813360170909652,91.15286953747272
0.25,0.86,0.93,0.12,0.35,0.24685020293818405,372.7438064366579,0.31,0.8,0.9,0.19,0.43,0.88,0.9,0.91,0.93,0.94,0.95,0.96,0.97,0.97,0.98,0.98,0.98,0.98,0.99,0.99,0.99,0.99,1.0,1.0,1.0,0.3079699371240021,99.78225962817669,0.3,0.79,0.9,0.18,0.42,0.87,0.89,0.91,0.93,0.94,0.95,0.96,0.97,0.97,0.98,0.98,0.98,0.98,0.99,0.99,0.99,0.99,0.99,0.99,0.99,0.30128381635855744,97.61595650017262
0.24,0.87,0.94,0.12,0.34,0.2433588712025952,367.47189551591873,0.3,0.8,0.9,0.18,0.43,0.88,0.9,0.92,0.93,0.95,0.96,0.96,0.97,0.98,0.98,0.99,0.99,0.99,0.99,0.99,0.99,0.99,0.99,1.0,1.0,0.29906087971211953,96.89572502672672,0.29,0.8,0.9,0.17,0.42,0.88,0.9,0.92,0.93,0.94,0.96,0.96,0.97,0.97,0.98,0.98,0.98,0.99,0.99,0.99,0.99,0.99,0.99,0.99,0.99,0.29332895103244133,95.038580134511
0.24,0.88,0.94,0.11,0.33,0.23640180553821538,356.96672636270523,0.28,0.81,0.91,0.17,0.41,0.89,0.91,0.93,0.94,0.95,0.96,0.97,0.97,0.98,0.98,0.98,0.99,0.99,0.99,1.0,1.0,1.0,1.0,1.0,1.0,0.28425244660473165,92.09779269993305,0.28,0.82,0.91,0.16,0.4,0.89,0.91,0.93,0.94,0.95,0.96,0.97,0.98,0.98,0.98,0.98,0.99,0.99,0.99,0.99,0.99,0.99,0.99,1.0,0.99,0.2752046262224515,89.1662988960743
0.23,0.88,0.94,0.11,0.33,0.2315495843030759,349.6398722976446,0.29,0.82,0.91,0.17,0.41,0.88,0.91,0.92,0.94,0.95,0.96,0.96,0.97,0.98,0.98,0.98,0.99,0.99,0.99,0.99,0.99,1.0,0.99,1.0,1.0,0.2861896365605019,92.72544224560261,0.28,0.82,0.91,0.16,0.4,0.89,0.91,0.93,0.94,0.95,0.96,0.97,0.97,0.98,0.98,0.98,0.99,0.99,0.99,0.99,0.99,0.99,0.99,1.0,1.0,0.2769631335488808,89.73605526983738
0.23,0.89,0.94,0.1,0.32,0.22565625686913926,340.7409478724003,0.3,0.81,0.91,0.18,0.42,0.89,0.9,0.92,0.94,0.95,0.96,0.96,0.97,0.97,0.98,0.98,0.99,0.99,0.99,0.99,0.99,0.99,0.99,0.99,0.99,0.2967010558479362,96.13114209473133,0.29,0.81,0.91,0.17,0.41,0.88,0.9,0.92,0.93,0.95,0.96,0.97,0.97,0.98,0.98,0.99,0.99,0.99,1.0,0.99,1.0,1.0,0.99,0.99,0.99,0.2888256257146965,93.57950273156166
0.22,0.89,0.95,0.1,0.31,0.22001269021571077,332.21916222572327,0.29,0.81,0.91,0.18,0.42,0.89,0.91,0.92,0.94,0.95,0.96,0.97,0.97,0.98,0.98,0.99,0.99,0.99,0.99,0.99,0.99,0.99,0.99,0.99,0.99,0.29419309015811224,95.31856121122837,0.29,0.81,0.91,0.17,0.41,0.89,0.91,0.92,0.94,0.95,0.96,0.97,0.97,0.97,0.98,0.98,0.98,0.99,0.99,0.99,0.99,0.99,0.99,1.0,0.99,0.28536670471047176,92.45881232619286
0.21,0.9,0.95,0.09,0.3,0.21378468422108138,322.8148731738329,0.28,0.83,0.91,0.16,0.4,0.89,0.91,0.93,0.94,0.95,0.96,0.97,0.98,0.98,0.98,0.99,0.99,0.99,0.99,0.99,0.99,1.0,1.0,1.0,1.0,0.2799269683015199,90.69633772969246,0.27,0.82,0.91,0.15,0.39,0.88,0.91,0.92,0.94,0.95,0.96,0.97,0.97,0.98,0.98,0.98,0.99,0.99,0.99,0.99,0.99,0.99,1.0,1.0,1.0,0.2720706901156608,88.1509035974741
0.21,0.9,0.95,0.09,0.3,0.21097633058069556,318.5742591768503,0.28,0.82,0.92,0.16,0.4,0.89,0.91,0.93,0.94,0.95,0.96,0.97,0.97,0.97,0.98,0.98,0.98,0.99,0.99,0.99,0.99,0.99,0.99,1.0,0.99,0.27548681420308574,89.25772780179977,0.27,0.83,0.91,0.15,0.39,0.89,0.91,0.93,0.95,0.95,0.96,0.97,0.98,0.98,0.98,0.99,0.99,0.99,0.99,0.99,0.99,0.99,0.99,0.99,0.99,0.26761115172211036,86.70601315796375
0.21,0.91,0.95,0.08,0.29,0.20500679499660895,309.56026044487953,0.29,0.81,0.91,0.18,0.42,0.89,0.91,0.93,0.94,0.95,0.96,0.97,0.98,0.98,0.98,0.99,0.99,0.99,0.99,0.99,1.0,1.0,1.0,1.0,1.0,0.2921333450961996,94.65120381116867,0.28,0.81,0.91,0.16,0.4,0.89,0.91,0.93,0.94,0.95,0.97,0.97,0.98,0.98,0.98,0.99,0.99,0.99,0.99,0.99,0.99,0.99,0.99,0.99,0.99,0.28234076743692527,91.47840864956379
0.2,0.91,0.95,0.08,0.29,0.2021493054383638,305.2454512119293,0.28,0.83,0.91,0.16,0.4,0.89,0.91,0.93,0.94,0.96,0.96,0.97,0.98,0.98,0.99,0.99,0.99,0.99,0.99,1.0,1.0,1.0,1.0,1.0,1.0,0.2796312357632466,90.60052038729191,0.27,0.82,0.91,0.15,0.39,0.89,0.91,0.93,0.94,0.95,0.96,0.97,0.97,0.98,0.98,0.98,0.98,0.99,0.99,0.99,0.99,0.99,0.99,0.99,0.99,0.27182331800828746,88.07075503468513
0.2,0.91,0.96,0.08,0.28,0.19687675487324102,297.28389985859394,0.28,0.82,0.91,0.16,0.4,0.89,0.91,0.92,0.94,0.95,0.96,0.96,0.97,0.98,0.98,0.98,0.98,0.98,0.99,0.99,0.99,0.99,0.99,0.99,0.99,0.2776184863422388,89.94838957488537,0.27,0.83,0.91,0.15,0.39,0.89,0.91,0.93,0.94,0.95,0.96,0.97,0.97,0.98,0.98,0.98,0.98,0.99,0.99,0.99,0.99,0.99,0.99,0.99,0.99,0.2695297381300249,87.32763515412807
0.2,0.91,0.96,0.08,0.28,0.19542279695438233,295.0884234011173,0.32,0.79,0.9,0.2,0.44,0.88,0.9,0.92,0.93,0.94,0.96,0.96,0.97,0.97,0.98,0.98,0.98,0.99,0.99,0.99,0.99,0.99,1.0,1.0,1.0,0.3225533229149418,104.50727662444115,0.32,0.77,0.9,0.2,0.44,0.87,0.9,0.92,0.93,0.95,0.96,0.97,0.97,0.98,0.98,0.99,0.99,0.99,0.99,0.99,0.99,0.99,0.99,1.0,0.99,0.3216918164657222,104.22814853489399
0.19,0.92,0.96,0.07,0.27,0.18895114631151522,285.316230930388,0.29,0.82,0.91,0.17,0.41,0.89,0.91,0.93,0.94,0.95,0.96,0.97,0.97,0.98,0.98,0.98,0.98,0.98,0.98,0.99,0.99,0.99,0.99,0.99,0.99,0.29181967413535825,94.54957441985607,0.28,0.82,0.91,0.16,0.4,0.89,0.91,0.93,0.94,0.95,0.96,0.97,0.97,0.98,0.98,0.98,0.99,0.99,0.99,0.99,0.99,0.99,0.99,0.99,0.99,0.28346271964686887,91.84192116558552
0.18,0.92,0.96,0.07,0.26,0.18320262907751347,276.63596990704536,0.28,0.83,0.91,0.16,0.4,0.89,0.91,0.92,0.93,0.95,0.96,0.97,0.97,0.98,0.98,0.98,0.99,0.99,0.99,0.99,0.99,0.99,1.0,1.0,1.0,0.27869902174046013,90.29848304390907,0.27,0.82,0.91,0.15,0.39,0.89,0.92,0.93,0.94,0.95,0.96,0.97,0.98,0.98,0.99,0.99,0.99,0.99,0.99,0.99,0.99,1.0,1.0,1.0,1.0,0.2701645403824471,87.53331108391285
0.18,0.93,0.96,0.06,0.25,0.17933937381237547,270.802454456687,0.29,0.81,0.91,0.17,0.41,0.88,0.9,0.92,0.93,0.94,0.96,0.96,0.97,0.97,0.98,0.98,0.98,0.99,0.99,0.99,0.99,1.0,1.0,1.0,1.0,0.29005657435383325,93.97833009064198,0.28,0.81,0.91,0.16,0.4,0.89,0.91,0.93,0.94,0.95,0.96,0.97,0.97,0.98,0.98,0.98,0.98,0.99,0.99,0.99,0.99,0.99,0.99,0.99,0.99,0.2809055597509867,91.01340135931969
0.18,0.93,0.96,0.06,0.25,0.17631196788209952,266.2310715019703,0.28,0.83,0.91,0.16,0.4,0.89,0.91,0.92,0.94,0.95,0.96,0.97,0.97,0.98,0.98,0.99,0.99,0.99,0.99,0.99,0.99,0.99,0.99,0.99,0.99,0.2771212135752042,89.78727319836617,0.27,0.83,0.91,0.15,0.39,0.89,0.91,0.93,0.95,0.95,0.96,0.97,0.97,0.98,0.98,0.98,0.98,0.99,0.99,0.99,0.99,0.99,0.99,0.99,0.99,0.26913543693997244,87.19988156855106
0.17,0.93,0.97,0.06,0.25,0.17246216716651885,260.41787242144346,0.28,0.82,0.92,0.16,0.4,0.89,0.91,0.93,0.94,0.95,0.96,0.97,0.97,0.98,0.98,0.98,0.99,0.99,0.99,0.99,0.99,0.99,0.99,0.99,0.99,0.28140366114216087,91.17478621006012,0.28,0.82,0.91,0.16,0.4,0.89,0.9,0.92,0.94,0.95,0.96,0.96,0.97,0.98,0.98,0.99,0.99,0.99,0.99,0.99,0.99,0.99,0.99,1.0,0.99,0.2755933858362245,89.29225701093674
0.17,0.94,0.97,0.06,0.24,0.1682027159838487,253.98610113561153,0.28,0.83,0.92,0.16,0.4,0.88,0.9,0.92,0.94,0.95,0.96,0.97,0.97,0.98,0.98,0.98,0.99,0.99,0.99,0.99,1.0,1.0,1.0,1.0,1.0,0.28047161765488576,90.87280412018299,0.27,0.82,0.92,0.15,0.39,0.89,0.92,0.94,0.95,0.96,0.96,0.97,0.98,0.98,0.99,0.99,0.99,0.99,0.99,0.99,0.99,1.0,0.99,1.0,1.0,0.27157225441417576,87.98941043019295
0.16,0.94,0.97,0.06,0.24,0.16440639684334496,248.2536592334509,0.28,0.83,0.92,0.16,0.4,0.89,0.91,0.93,0.94,0.95,0.97,0.97,0.98,0.98,0.99,0.99,0.99,0.99,0.99,0.99,0.99,0.99,0.99,0.99,0.99,0.28101882724850263,91.05010002851486,0.27,0.82,0.92,0.15,0.39,0.9,0.92,0.93,0.94,0.95,0.96,0.97,0.97,0.98,0.98,0.98,0.99,0.99,0.99,0.99,0.99,0.99,0.99,0.99,0.99,0.2725079171819451,88.29256516695023
0.16,0.94,0.97,0.05,0.23,0.16191511735418773,244.4918272048235,0.28,0.82,0.91,0.17,0.41,0.89,0.91,0.92,0.94,0.95,0.96,0.97,0.97,0.98,0.98,0.98,0.98,0.98,0.99,0.99,0.99,0.99,0.99,1.0,1.0,0.2839024020933811,91.98437827825546,0.27,0.82,0.91,0.16,0.4,0.88,0.9,0.92,0.94,0.95,0.96,0.97,0.97,0.98,0.98,0.99,0.99,0.99,0.99,0.99,0.99,0.99,0.99,0.99,0.99,0.2747179539759218,89.00861708819866
0.16,0.94,0.97,0.05,0.22,0.15589301533355618,235.39845315366983,0.29,0.82,0.92,0.17,0.41,0.89,0.91,0.92,0.94,0.95,0.96,0.97,0.98,0.98,0.98,0.99,0.99,0.99,0.99,0.99,0.99,1.0,1.0,1.0,1.0,0.292962805862412,94.9199490994215,0.29,0.82,0.91,0.16,0.4,0.89,0.91,0.93,0.94,0.95,0.96,0.97,0.97,0.98,0.98,0.98,0.99,0.99,0.99,0.99,0.99,0.99,0.99,0.99,0.99,0.28673131823723697,92.90094710886478
0.15,0.95,0.97,0.05,0.22,0.15118616652113712,228.29111144691706,0.28,0.82,0.92,0.16,0.4,0.88,0.91,0.92,0.94,0.95,0.96,0.97,0.97,0.98,0.98,0.98,0.99,0.99,0.99,0.99,0.99,0.99,0.99,1.0,1.0,0.2802241751809179,90.7926327586174,0.27,0.82,0.91,0.15,0.39,0.89,0.91,0.93,0.94,0.95,0.96,0.97,0.97,0.98,0.98,0.98,0.98,0.99,0.98,0.99,0.99,0.99,0.99,0.99,0.99,0.27316141965580576,88.50429996848106
0.15,0.95,0.97,0.05,0.21,0.1494444930050152,225.66118443757296,0.29,0.82,0.92,0.16,0.4,0.89,0.91,0.92,0.93,0.94,0.95,0.96,0.97,0.97,0.98,0.98,0.99,0.99,0.99,0.99,1.0,1.0,1.0,1.0,1.0,0.28630435117232944,92.76260977983475,0.28,0.82,0.92,0.16,0.4,0.89,0.91,0.93,0.94,0.95,0.96,0.97,0.98,0.98,0.98,0.98,0.99,0.99,0.99,0.99,0.99,0.99,0.99,0.99,1.0,0.28151037360047115,91.20936104655266
0.15,0.95,0.98,0.04,0.21,0.1462192936991619,220.79113348573446,0.28,0.82,0.91,0.16,0.4,0.89,0.91,0.92,0.94,0.95,0.96,0.97,0.97,0.98,0.98,0.99,0.99,0.99,0.99,0.99,1.0,1.0,1.0,1.0,1.0,0.27613479101363525,89.46767228841782,0.27,0.83,0.91,0.15,0.39,0.89,0.91,0.93,0.94,0.95,0.96,0.97,0.97,0.98,0.98,0.98,0.99,0.99,0.99,0.99,0.99,0.99,0.99,1.0,1.0,0.2680119057128459,86.83585745096207
0.14,0.95,0.98,0.04,0.21,0.14375262143497436,217.06645836681128,0.27,0.83,0.91,0.16,0.4,0.89,0.91,0.93,0.94,0.95,0.96,0.97,0.98,0.98,0.98,0.99,0.99,0.99,0.99,0.99,0.99,0.99,0.99,0.99,1.0,0.2739012594116323,88.74400804936886,0.27,0.83,0.91,0.15,0.39,0.89,0.91,0.93,0.95,0.96,0.97,0.98,0.98,0.99,0.99,0.99,0.99,0.99,0.99,0.99,0.99,0.99,0.99,0.99,0.99,0.266928513476878,86.48483836650848
0.14,0.95,0.98,0.04,0.2,0.13955166291026092,210.72301099449396,0.28,0.83,0.92,0.16,0.4,0.89,0.91,0.93,0.94,0.95,0.96,0.97,0.97,0.98,0.98,0.99,0.99,0.99,0.99,0.99,1.0,1.0,1.0,1.0,0.99,0.2782314047677281,90.14697514474392,0.27,0.82,0.91,0.15,0.39,0.89,0.91,0.93,0.94,0.95,0.96,0.97,0.98,0.98,0.98,0.98,0.99,0.99,0.99,0.99,0.99,1.0,1.0,1.0,1.0,0.2723596325075185,88.24452093243599
0.14,0.96,0.98,0.04,0.2,0.13623544173623553,205.71551702171564,0.27,0.83,0.92,0.16,0.4,0.89,0.91,0.93,0.94,0.95,0.96,0.97,0.97,0.98,0.98,0.98,0.98,0.99,0.99,0.99,0.99,0.99,1.0,1.0,1.0,0.2743962397453962,88.90438167750835,0.27,0.82,0.91,0.15,0.39,0.9,0.92,0.93,0.94,0.95,0.96,0.97,0.98,0.98,0.98,0.98,0.99,0.99,0.99,0.99,0.99,0.99,0.99,0.99,0.99,0.2682015280480738,86.89729508757591
0.13,0.96,0.98,0.04,0.19,0.13255013540781888,200.15070446580648,0.28,0.82,0.91,0.17,0.41,0.89,0.9,0.92,0.94,0.95,0.96,0.96,0.97,0.98,0.98,0.98,0.98,0.99,0.99,0.99,0.99,0.99,0.99,0.99,0.99,0.28349160793938755,91.85128097236156,0.27,0.82,0.92,0.16,0.39,0.89,0.91,0.93,0.94,0.95,0.96,0.97,0.98,0.98,0.99,0.99,0.99,0.99,0.99,0.99,0.99,0.99,0.99,1.0,0.99,0.272319330431429,88.23146305978298
0.13,0.96,0.98,0.03,0.19,0.12792219972571,193.1625215858221,0.27,0.83,0.92,0.16,0.39,0.89,0.91,0.93,0.94,0.96,0.97,0.97,0.97,0.98,0.98,0.99,0.99,0.99,0.99,0.99,0.99,0.99,0.99,0.99,0.99,0.2733211816277033,88.55606284737587,0.27,0.83,0.92,0.15,0.39,0.89,0.91,0.93,0.94,0.95,0.96,0.97,0.97,0.98,0.98,0.99,0.99,0.99,0.99,0.99,0.99,0.99,0.99,0.99,0.99,0.26718981973366973,86.56950159370899
0.13,0.96,0.98,0.03,0.18,0.12614733224475622,190.48247168958187,0.27,0.83,0.92,0.16,0.4,0.89,0.91,0.92,0.94,0.95,0.96,0.97,0.98,0.98,0.98,0.99,0.99,0.99,0.99,0.99,0.99,0.99,0.99,1.0,1.0,0.27438507684402996,88.9007648974657,0.27,0.83,0.92,0.15,0.39,0.89,0.91,0.93,0.94,0.95,0.96,0.97,0.97,0.98,0.98,0.99,0.99,0.99,1.0,1.0,1.0,1.0,1.0,1.0,1.0,0.2669545753778499,86.49328242242336
0.12,0.96,0.98,0.03,0.18,0.12093050303739428,182.60505958646536,0.27,0.83,0.92,0.16,0.4,0.89,0.91,0.93,0.94,0.95,0.96,0.96,0.97,0.97,0.98,0.98,0.98,0.99,0.99,0.99,0.99,0.99,0.99,0.99,1.0,0.2728137698162485,88.39166142046452,0.26,0.83,0.92,0.15,0.38,0.89,0.91,0.93,0.94,0.95,0.96,0.97,0.98,0.98,0.98,0.99,0.99,0.99,0.99,0.99,0.99,0.99,0.99,0.99,0.99,0.26414996583336664,85.5845889300108
0.12,0.97,0.98,0.03,0.17,0.11899853001367178,179.68778032064438,0.28,0.83,0.92,0.16,0.4,0.89,0.91,0.92,0.93,0.95,0.96,0.97,0.97,0.98,0.98,0.98,0.99,0.99,0.99,0.99,0.99,0.99,1.0,1.0,1.0,0.27866237380622344,90.2866091132164,0.27,0.82,0.92,0.15,0.39,0.89,0.91,0.93,0.94,0.95,0.96,0.97,0.97,0.98,0.98,0.99,0.99,0.99,0.99,0.99,0.99,1.0,0.99,1.0,1.0,0.27052191042421775,87.64909897744656
0.12,0.97,0.98,0.03,0.17,0.11503625105054963,173.70473908632994,0.27,0.83,0.92,0.16,0.4,0.89,0.91,0.93,0.95,0.96,0.97,0.98,0.98,0.98,0.98,0.99,0.99,0.99,0.99,0.99,0.99,0.99,0.99,0.99,0.99,0.2744268688062827,88.91430549323559,0.27,0.82,0.92,0.15,0.39,0.89,0.91,0.93,0.94,0.95,0.96,0.97,0.97,0.98,0.98,0.98,0.99,0.99,0.99,0.99,1.0,1.0,0.99,0.99,0.99,0.2686293282442623,87.03590235114098
0.11,0.97,0.98,0.03,0.17,0.11248300441152212,169.8493366613984,0.27,0.83,0.92,0.16,0.4,0.89,0.91,0.93,0.94,0.95,0.96,0.96,0.97,0.98,0.98,0.98,0.98,0.99,0.99,0.99,0.99,0.99,0.99,0.99,0.99,0.27341387765827,88.58609636127949,0.27,0.83,0.92,0.15,0.39,0.89,0.91,0.93,0.94,0.95,0.96,0.97,0.97,0.98,0.98,0.99,0.99,0.99,0.99,0.99,0.99,0.99,0.99,1.0,0.99,0.26608924227364267,86.21291449666023
0.11,0.97,0.99,0.03,0.16,0.11085442606581758,167.39018335938454,0.27,0.83,0.91,0.16,0.4,0.89,0.91,0.93,0.94,0.95,0.96,0.97,0.97,0.98,0.98,0.98,0.99,0.99,0.99,0.99,0.99,0.99,0.99,0.99,0.99,0.2746306209836477,88.98032119870186,0.27,0.83,0.91,0.15,0.39,0.89,0.91,0.93,0.94,0.95,0.96,0.97,0.97,0.98,0.98,0.99,0.99,0.99,0.99,0.99,1.0,1.0,1.0,0.99,1.0,0.26760654956286334,86.70452205836773
0.11,0.97,0.99,0.02,0.16,0.10668665900925137,161.09685510396957,0.27,0.83,0.92,0.16,0.4,0.89,0.91,0.93,0.94,0.96,0.96,0.97,0.98,0.98,0.98,0.99,0.99,0.99,0.99,0.99,0.99,0.99,0.99,0.99,0.99,0.27320586797999746,88.51870122551918,0.27,0.82,0.92,0.15,0.39,0.89,0.91,0.93,0.94,0.95,0.96,0.97,0.97,0.98,0.98,0.98,0.99,0.99,0.99,0.99,0.99,0.99,0.99,0.99,0.99,0.26722879459460575,86.58212944865227
0.1,0.97,0.99,0.02,0.15,0.10411088289014551,157.20743316411972,0.27,0.83,0.92,0.15,0.39,0.89,0.91,0.93,0.94,0.96,0.96,0.97,0.98,0.98,0.98,0.98,0.98,0.99,0.99,0.99,0.99,0.99,0.99,0.99,0.99,0.2702667264290798,87.56641936302185,0.27,0.83,0.92,0.15,0.39,0.88,0.9,0.92,0.94,0.95,0.96,0.97,0.98,0.98,0.98,0.98,0.98,0.98,0.98,0.99,0.99,0.99,0.99,0.99,0.99,0.265425667764596,85.9979163557291
0.1,0.97,0.99,0.02,0.15,0.10199116256260714,154.00665546953678,0.27,0.83,0.92,0.15,0.39,0.89,0.91,0.93,0.94,0.95,0.96,0.97,0.98,0.98,0.98,0.99,0.99,0.99,0.99,0.99,0.99,0.99,0.99,0.99,0.99,0.2713220237213888,87.90833568572998,0.27,0.83,0.92,0.15,0.39,0.89,0.91,0.92,0.94,0.95,0.96,0.96,0.97,0.97,0.98,0.98,0.99,0.99,0.99,0.99,0.99,1.0,1.0,1.0,1.0,0.26622656222294877,86.2574061602354
0.1,0.98,0.99,0.02,0.15,0.09922346303991925,149.82742919027805,0.28,0.83,0.91,0.16,0.4,0.89,0.91,0.93,0.94,0.95,0.96,0.97,0.97,0.98,0.98,0.99,0.99,0.99,0.99,0.99,0.99,0.99,0.99,1.0,1.0,0.2770948552607018,89.77873310446739,0.27,0.82,0.92,0.15,0.39,0.89,0.91,0.93,0.94,0.95,0.96,0.97,0.98,0.98,0.98,0.99,0.99,0.99,0.99,0.99,0.99,0.99,0.99,0.99,0.99,0.2702757524855343,87.56934380531311
0.1,0.98,0.99,0.02,0.14,0.09690990147014328,146.33395121991634,0.27,0.83,0.92,0.15,0.39,0.89,0.91,0.93,0.94,0.95,0.96,0.97,0.98,0.98,0.98,0.99,0.99,0.99,0.99,0.99,0.99,0.99,0.99,0.99,1.0,0.270412324341359,87.6135930866003,0.26,0.83,0.92,0.15,0.38,0.89,0.91,0.93,0.94,0.95,0.96,0.97,0.97,0.98,0.98,0.98,0.99,0.99,0.99,0.99,0.99,0.99,0.99,1.0,1.0,0.2635425441426995,85.38778430223465
0.09,0.98,0.99,0.02,0.14,0.09435744784427005,142.47974624484777,0.27,0.83,0.92,0.16,0.4,0.9,0.92,0.93,0.95,0.95,0.96,0.97,0.98,0.98,0.99,0.99,0.99,0.99,1.0,1.0,1.0,1.0,1.0,1.0,1.0,0.27009456673706017,87.5106396228075,0.26,0.83,0.92,0.15,0.38,0.9,0.92,0.93,0.94,0.96,0.96,0.97,0.98,0.98,0.98,0.99,0.99,0.99,0.99,0.99,0.99,0.99,0.99,0.99,0.99,0.26287415177549844,85.1712251752615
0.09,0.98,0.99,0.02,0.14,0.09116627637617636,137.6610773280263,0.27,0.83,0.92,0.16,0.39,0.88,0.91,0.92,0.94,0.95,0.96,0.97,0.97,0.98,0.98,0.98,0.99,0.99,0.99,0.99,0.99,0.99,1.0,1.0,1.0,0.27159832261594724,87.99785652756691,0.26,0.83,0.92,0.15,0.38,0.89,0.91,0.93,0.94,0.95,0.97,0.97,0.98,0.98,0.98,0.98,0.99,0.99,0.99,0.99,0.99,0.99,0.99,0.99,0.99,0.26284107547483326,85.16050845384598
0.09,0.98,0.99,0.02,0.14,0.08977849678635992,135.56553014740348,0.27,0.83,0.92,0.16,0.4,0.89,0.91,0.92,0.94,0.95,0.96,0.97,0.97,0.98,0.98,0.99,0.99,0.99,0.99,1.0,1.0,1.0,1.0,1.0,1.0,0.27364170703071133,88.65991307795048,0.27,0.82,0.92,0.15,0.39,0.88,0.91,0.93,0.94,0.95,0.96,0.97,0.97,0.97,0.98,0.98,0.98,0.99,0.99,0.99,0.99,0.99,0.99,0.99,0.99,0.26677192784385917,86.43410462141037
0.09,0.98,0.99,0.02,0.13,0.08699144512809664,131.35708214342594,0.27,0.83,0.92,0.16,0.39,0.9,0.92,0.93,0.95,0.95,0.96,0.97,0.97,0.98,0.98,0.99,0.99,0.99,0.99,0.99,1.0,1.0,1.0,1.0,1.0,0.2712890606971435,87.89765566587448,0.26,0.83,0.92,0.15,0.38,0.89,0.91,0.93,0.94,0.96,0.96,0.97,0.98,0.98,0.98,0.99,0.99,0.99,0.99,0.99,0.99,0.99,0.99,0.99,0.99,0.2644912223389119,85.69515603780746
0.08,0.98,0.99,0.02,0.13,0.08455445392439696,127.67722542583942,0.27,0.83,0.92,0.16,0.4,0.89,0.9,0.92,0.94,0.95,0.96,0.97,0.97,0.98,0.98,0.99,0.99,0.99,0.99,0.99,0.99,1.0,1.0,1.0,1.0,0.2701253129836218,87.52060140669346,0.26,0.83,0.92,0.15,0.38,0.89,0.91,0.93,0.94,0.95,0.96,0.97,0.98,0.98,0.98,0.99,0.99,0.99,0.99,0.99,0.99,0.99,0.99,0.99,0.99,0.2621868075687944,84.94852565228939
0.08,0.98,0.99,0.02,0.13,0.08236524626760688,124.37152186408639,0.27,0.83,0.92,0.16,0.39,0.9,0.92,0.94,0.95,0.96,0.96,0.97,0.97,0.98,0.98,0.98,0.99,0.99,0.99,0.99,0.99,0.99,1.0,1.0,1.0,0.2697363174347966,87.39456684887409,0.26,0.83,0.92,0.15,0.38,0.89,0.91,0.93,0.95,0.96,0.96,0.97,0.97,0.98,0.98,0.99,0.99,0.99,0.99,0.99,0.99,0.99,0.99,1.0,1.0,0.2618878515966145,84.85166391730309
0.08,0.98,0.99,0.01,0.12,0.07936607794404425,119.84277769550681,0.27,0.83,0.92,0.16,0.4,0.89,0.91,0.93,0.94,0.95,0.96,0.97,0.97,0.97,0.98,0.98,0.99,0.99,0.99,0.99,0.99,0.99,0.99,1.0,1.0,0.27079776403160744,87.7384755462408,0.26,0.83,0.92,0.15,0.38,0.89,0.91,0.93,0.94,0.95,0.96,0.97,0.98,0.98,0.98,0.99,0.99,0.99,0.99,0.99,0.99,0.99,0.99,0.99,0.99,0.2622973109469002,84.98432874679565
0.08,0.98,0.99,0.01,0.12,0.07794807266863371,117.70158972963691,0.27,0.83,0.92,0.16,0.4,0.89,0.91,0.92,0.94,0.95,0.96,0.97,0.97,0.98,0.98,0.98,0.98,0.98,0.99,0.99,0.99,0.99,0.99,0.99,0.99,0.272093895546816,88.15842215716839,0.26,0.83,0.92,0.15,0.38,0.89,0.92,0.93,0.95,0.96,0.96,0.97,0.98,0.98,0.98,0.98,0.98,0.99,0.99,0.99,0.99,0.99,0.99,0.99,0.99,0.26406475924599315,85.55698199570179
0.08,0.98,0.99,0.01,0.12,0.07634150108803582,115.27566664293408,0.27,0.83,0.92,0.16,0.39,0.9,0.92,0.93,0.95,0.96,0.97,0.97,0.98,0.98,0.98,0.99,0.99,0.99,0.99,0.99,0.99,1.0,1.0,1.0,1.0,0.2703176634731116,87.58292296528816,0.26,0.83,0.92,0.15,0.38,0.9,0.92,0.94,0.95,0.96,0.97,0.97,0.98,0.98,0.98,0.99,0.99,0.99,0.99,0.99,0.99,0.99,0.99,0.99,1.0,0.2638429736281619,85.48512345552444
0.07,0.98,0.99,0.01,0.12,0.07412346008646963,111.92642473056912,0.27,0.83,0.92,0.16,0.4,0.9,0.91,0.93,0.94,0.95,0.96,0.97,0.97,0.98,0.98,0.99,0.99,0.99,0.99,0.99,0.99,0.99,0.99,1.0,1.0,0.27128265457756723,87.89558008313179,0.26,0.83,0.92,0.15,0.38,0.89,0.91,0.93,0.94,0.95,0.96,0.97,0.97,0.97,0.98,0.98,0.98,0.98,0.98,0.99,0.99,0.99,0.99,0.99,1.0,0.2636634122442316,85.42694556713104
0.07,0.99,0.99,0.01,0.11,0.07176650501047539,108.36742256581783,0.27,0.83,0.92,0.16,0.4,0.89,0.92,0.93,0.95,0.96,0.96,0.97,0.97,0.98,0.98,0.99,0.99,0.99,0.99,0.99,1.0,1.0,1.0,1.0,1.0,0.2726434754828612,88.33648605644703,0.27,0.83,0.92,0.15,0.39,0.89,0.91,0.93,0.94,0.95,0.96,0.97,0.98,0.98,0.99,0.99,0.99,0.99,0.99,0.99,1.0,1.0,0.99,1.0,1.0,0.26629434144239367,86.27936662733555
0.07,0.99,0.99,0.01,0.11,0.07036084851484425,106.24488125741482,0.27,0.83,0.92,0.16,0.4,0.89,0.91,0.93,0.94,0.96,0.97,0.97,0.98,0.98,0.98,0.99,0.99,0.99,0.99,0.99,0.99,1.0,1.0,1.0,1.0,0.26965829352905724,87.36928710341454,0.26,0.83,0.92,0.15,0.38,0.9,0.92,0.94,0.95,0.96,0.96,0.97,0.98,0.98,0.98,0.98,0.99,0.99,0.99,0.99,0.99,0.99,0.99,0.99,0.99,0.2627120583237689,85.11870689690113
0.07,0.99,0.99,0.01,0.11,0.06891854793474769,104.06700738146901,0.27,0.83,0.92,0.16,0.4,0.89,0.91,0.92,0.94,0.95,0.96,0.97,0.98,0.98,0.98,0.99,0.99,0.99,0.99,1.0,1.0,0.99,0.99,1.0,0.99,0.2701194452834718,87.51870027184486,0.26,0.83,0.92,0.15,0.38,0.9,0.92,0.94,0.95,0.96,0.97,0.97,0.98,0.98,0.98,0.99,0.99,0.99,0.99,0.99,0.99,0.99,0.99,0.99,0.99,0.26325323722428745,85.29404886066914
0.07,0.99,0.99,0.01,0.11,0.06715063308889897,101.39745596423745,0.27,0.83,0.92,0.16,0.39,0.89,0.91,0.92,0.94,0.95,0.96,0.96,0.97,0.98,0.98,0.98,0.99,0.99,0.99,0.99,0.99,0.99,0.99,1.0,0.99,0.2695509603729955,87.33451116085052,0.26,0.83,0.92,0.15,0.38,0.89,0.91,0.93,0.94,0.96,0.97,0.97,0.98,0.98,0.98,0.99,0.99,0.99,0.99,0.99,0.99,1.0,1.0,0.99,1.0,0.26245321917497083,85.03484301269054
0.07,0.99,0.99,0.01,0.1,0.0656676151253135,99.15809883922338,0.27,0.83,0.92,0.16,0.4,0.89,0.91,0.93,0.94,0.95,0.96,0.97,0.97,0.98,0.98,0.98,0.98,0.99,0.99,0.99,0.99,0.99,0.99,0.99,0.99,0.2719442605696343,88.1099404245615,0.27,0.83,0.92,0.15,0.38,0.89,0.91,0.93,0.95,0.96,0.97,0.97,0.98,0.98,0.98,0.99,0.99,0.99,0.99,0.99,0.99,0.99,0.99,0.99,0.99,0.26517920651369625,85.91806291043758
0.06,0.99,0.99,0.01,0.1,0.06454967162417655,97.47000415250659,0.27,0.83,0.92,0.16,0.4,0.89,0.92,0.93,0.94,0.95,0.96,0.97,0.97,0.98,0.98,0.98,0.99,0.99,0.99,0.99,0.99,0.99,0.99,0.99,0.99,0.2710457091898094,87.81880977749825,0.26,0.83,0.92,0.15,0.39,0.89,0.91,0.93,0.94,0.95,0.96,0.97,0.97,0.98,0.98,0.99,0.99,0.99,0.99,0.99,1.0,1.0,1.0,1.0,1.0,0.2647450724041756,85.7774034589529
0.06,0.99,0.99,0.01,0.1,0.06277414975774209,94.78896613419056,0.27,0.83,0.92,0.16,0.4,0.89,0.91,0.93,0.94,0.96,0.97,0.97,0.98,0.98,0.98,0.98,0.99,0.99,0.99,0.99,0.99,0.99,0.99,0.99,0.99,0.27046232026668243,87.6297917664051,0.26,0.83,0.92,0.15,0.38,0.89,0.91,0.93,0.94,0.95,0.96,0.97,0.98,0.98,0.98,0.99,0.99,0.99,0.99,0.99,0.99,0.99,0.99,0.99,0.99,0.2632146633609577,85.28155092895031
0.06,0.99,0.99,0.01,0.1,0.061480389954830635,92.83538883179426,0.27,0.83,0.92,0.16,0.4,0.89,0.91,0.93,0.95,0.96,0.96,0.97,0.97,0.98,0.98,0.99,0.99,0.99,0.99,0.99,0.99,0.99,0.99,0.99,1.0,0.27042036581738493,87.61619852483273,0.26,0.83,0.92,0.15,0.38,0.89,0.91,0.93,0.94,0.95,0.96,0.97,0.97,0.98,0.98,0.99,0.99,0.99,0.99,0.99,0.99,0.99,0.99,1.0,1.0,0.2633680364140022,85.33124379813671
0.06,0.99,0.99,0.01,0.1,0.06055675402579718,91.44069857895374,0.27,0.83,0.92,0.16,0.4,0.89,0.91,0.93,0.94,0.95,0.96,0.97,0.97,0.98,0.98,0.99,0.99,0.99,0.99,0.99,0.99,0.99,0.99,1.0,1.0,0.26974364774830545,87.39694187045097,0.26,0.83,0.92,0.15,0.38,0.89,0.91,0.93,0.94,0.95,0.96,0.97,0.97,0.98,0.98,0.98,0.99,0.99,0.99,0.99,0.99,0.99,0.99,0.99,1.0,0.2628420298850095,85.16081768274307
0.06,0.99,0.99,0.01,0.1,0.059445413614049654,89.76257455721498,0.27,0.83,0.92,0.16,0.4,0.88,0.9,0.92,0.94,0.95,0.95,0.96,0.97,0.97,0.98,0.98,0.98,0.99,0.99,0.99,0.99,0.99,0.99,1.0,1.0,0.27080169007366084,87.73974758386612,0.26,0.83,0.92,0.15,0.38,0.88,0.9,0.92,0.93,0.94,0.96,0.97,0.97,0.98,0.98,0.98,0.99,0.99,0.99,0.99,0.99,1.0,1.0,1.0,1.0,0.2642030768832307,85.60179691016674
0.06,0.99,1.0,0.01,0.1,0.058076171288328454,87.69501864537597,0.27,0.83,0.92,0.16,0.4,0.89,0.91,0.93,0.94,0.95,0.96,0.97,0.97,0.98,0.98,0.98,0.98,0.99,0.99,0.99,0.99,0.99,0.99,0.99,0.99,0.27115513421135184,87.854263484478,0.26,0.83,0.92,0.15,0.38,0.9,0.92,0.93,0.94,0.95,0.96,0.96,0.97,0.98,0.98,0.98,0.99,0.99,0.99,0.99,0.99,0.99,0.99,0.99,0.99,0.264158785113214,85.58744637668133
0.06,0.99,1.0,0.01,0.1,0.05735250810370935,86.60228723660111,0.27,0.83,0.92,0.16,0.4,0.88,0.9,0.93,0.94,0.95,0.96,0.97,0.97,0.97,0.98,0.98,0.98,0.99,0.99,0.99,0.99,0.99,0.99,1.0,1.0,0.26993336068627277,87.45840886235237,0.26,0.83,0.92,0.15,0.38,0.89,0.91,0.93,0.94,0.95,0.96,0.97,0.98,0.98,0.98,0.98,0.99,0.99,0.99,0.99,0.99,0.99,0.99,0.99,0.99,0.2629295603636606,85.18917755782604
0.06,0.99,1.0,0.01,0.09,0.056619931520610456,85.49609659612179,0.27,0.83,0.92,0.16,0.4,0.88,0.9,0.92,0.94,0.95,0.96,0.97,0.97,0.98,0.98,0.99,0.99,0.99,0.99,0.99,0.99,0.99,1.0,1.0,1.0,0.2706450089628314,87.68898290395737,0.26,0.83,0.92,0.15,0.38,0.89,0.92,0.93,0.94,0.95,0.96,0.97,0.98,0.98,0.99,0.99,0.99,0.99,0.99,0.99,0.99,0.99,0.99,0.99,0.99,0.26397600724005404,85.52822634577751
0.06,0.99,1.0,0.01,0.09,0.05591732890203299,84.43516664206982,0.27,0.83,0.92,0.16,0.4,0.89,0.91,0.93,0.94,0.95,0.97,0.97,0.98,0.98,0.98,0.99,0.99,0.99,0.99,0.99,0.99,0.99,0.99,0.99,0.99,0.26999709143498796,87.4790576249361,0.26,0.83,0.92,0.15,0.38,0.89,0.91,0.93,0.94,0.95,0.96,0.97,0.97,0.98,0.98,0.98,0.98,0.99,0.99,0.99,0.99,0.99,1.0,1.0,1.0,0.2631270126612098,85.25315210223198
0.06,0.99,1.0,0.01,0.09,0.0555440715113223,83.87154798209667,0.27,0.83,0.92,0.16,0.4,0.89,0.91,0.93,0.94,0.95,0.96,0.97,0.97,0.98,0.98,0.99,0.99,0.99,0.99,0.99,0.99,0.99,1.0,1.0,1.0,0.27059710821435773,87.67346306145191,0.26,0.83,0.92,0.15,0.38,0.9,0.91,0.93,0.94,0.96,0.97,0.97,0.98,0.98,0.98,0.98,0.99,0.99,0.99,0.99,0.99,0.99,0.99,0.99,0.99,0.26355758907250415,85.39265885949135
0.05,0.99,1.0,0.01,0.09,0.05459259095669582,82.43481234461069,0.27,0.83,0.92,0.16,0.4,0.89,0.91,0.93,0.94,0.95,0.96,0.97,0.97,0.98,0.98,0.98,0.99,0.99,0.99,0.99,0.99,0.99,0.99,0.99,0.99,0.27035549664754926,87.59518091380596,0.26,0.83,0.92,0.15,0.38,0.9,0.92,0.93,0.95,0.96,0.96,0.97,0.98,0.98,0.98,0.98,0.99,0.99,0.99,0.99,0.99,0.99,0.99,0.99,0.99,0.26357895807351595,85.39958241581917
0.05,0.99,1.0,0.01,0.09,0.05417318536795133,81.80150990560651,0.27,0.83,0.92,0.16,0.4,0.9,0.92,0.94,0.95,0.96,0.97,0.98,0.98,0.99,0.99,0.99,0.99,0.99,0.99,0.99,0.99,0.99,0.99,1.0,1.0,0.27039446157437785,87.60780555009842,0.26,0.83,0.92,0.15,0.38,0.89,0.91,0.92,0.94,0.95,0.96,0.96,0.97,0.97,0.98,0.98,0.99,0.99,0.99,0.99,0.99,0.99,0.99,1.0,1.0,0.26316891826781225,85.26672951877117
0.05,0.99,1.0,0.01,0.09,0.05390077378872214,81.39016842097044,0.27,0.83,0.92,0.16,0.4,0.9,0.92,0.94,0.95,0.96,0.96,0.97,0.98,0.98,0.98,0.99,0.99,0.99,0.99,1.0,1.0,1.0,1.0,1.0,1.0,0.27039002456966743,87.60636796057224,0.26,0.83,0.92,0.15,0.38,0.89,0.91,0.93,0.94,0.95,0.96,0.96,0.97,0.97,0.98,0.99,0.99,0.99,0.99,0.99,0.99,0.99,0.99,0.99,0.99,0.2632752622903129,85.30118498206139
0.05,0.99,1.0,0.01,0.09,0.05365724178980913,81.02243510261178,0.27,0.83,0.92,0.16,0.4,0.89,0.91,0.93,0.94,0.95,0.96,0.97,0.97,0.98,0.98,0.98,0.99,0.99,0.99,0.99,0.99,0.99,0.99,0.99,0.99,0.27064005469466434,87.68737772107124,0.26,0.83,0.92,0.15,0.38,0.89,0.91,0.93,0.95,0.96,0.97,0.97,0.98,0.98,0.98,0.99,0.99,0.99,0.99,0.99,0.99,0.99,0.99,0.99,0.99,0.26348605945154474,85.36948326230049
0.05,0.99,1.0,0.01,0.09,0.053641613614776276,80.99883655831218,0.27,0.83,0.92,0.16,0.4,0.89,0.91,0.92,0.94,0.95,0.96,0.97,0.97,0.98,0.98,0.99,0.99,0.99,0.99,0.99,0.99,0.99,1.0,1.0,1.0,0.2706267084052533,87.68305352330208,0.26,0.83,0.92,0.15,0.38,0.89,0.91,0.93,0.94,0.95,0.96,0.96,0.97,0.97,0.98,0.98,0.99,0.99,0.99,0.99,0.99,0.99,0.99,0.99,0.99,0.2635166561805908,85.3793966025114
0.05,0.99,1.0,0.01,0.09,0.053203088652021835,80.33666386455297,0.27,0.83,0.92,0.16,0.4,0.89,0.91,0.92,0.94,0.95,0.96,0.96,0.97,0.98,0.98,0.98,0.98,0.98,0.99,0.99,0.99,0.99,0.99,0.99,0.99,0.2708996232645011,87.77147793769836,0.26,0.83,0.92,0.15,0.38,0.89,0.91,0.93,0.94,0.95,0.96,0.97,0.98,0.98,0.98,0.99,0.99,0.99,0.99,0.99,0.99,0.99,0.99,1.0,1.0,0.263652817564614,85.42351289093494
0.05,0.99,1.0,0.01,0.09,0.05292143372214393,79.91136492043734,0.27,0.83,0.92,0.16,0.4,0.89,0.91,0.93,0.94,0.95,0.96,0.97,0.98,0.98,0.98,0.98,0.99,0.99,0.99,0.99,0.99,0.99,0.99,0.99,0.99,0.27032005823688743,87.58369886875153,0.26,0.83,0.92,0.15,0.38,0.89,0.91,0.93,0.94,0.95,0.96,0.97,0.97,0.98,0.98,0.98,0.99,0.99,0.99,0.99,0.99,0.99,0.99,0.99,0.99,0.26323690605752265,85.28875756263733
0.05,0.99,1.0,0.01,0.09,0.0528902336165605,79.86425276100636,0.27,0.83,0.92,0.16,0.4,0.9,0.92,0.94,0.95,0.96,0.96,0.97,0.97,0.97,0.98,0.98,0.98,0.99,0.99,0.99,0.99,0.99,1.0,0.99,1.0,0.2703283945627419,87.58639983832836,0.26,0.83,0.92,0.15,0.38,0.9,0.92,0.93,0.95,0.95,0.96,0.97,0.98,0.98,0.98,0.99,0.99,0.99,0.99,0.99,0.99,0.99,1.0,1.0,1.0,0.26304800164552383,85.22755253314972
