{"train_mae": 4.829999923706055, "train_r2": -27.13, "train_spearmanr": 0.11, "train_mse": 24.40999984741211, "train_rmse": 4.940000057220459, "train_mean_loss": 4.825518042613298, "train_sum_loss": 1505.5616292953491, "val_mae": 4.579999923706055, "val_r2": -23.05, "val_spearmanr": 0.03, "val_mse": 22.06999969482422, "val_rmse": 4.699999809265137, "val_ranking_accuracy_0.1": 0.52, "val_ranking_accuracy_0.2": 0.52, "val_ranking_accuracy_0.3": 0.52, "val_ranking_accuracy_0.4": 0.52, "val_ranking_accuracy_0.5": 0.52, "val_ranking_accuracy_0.6": 0.52, "val_ranking_accuracy_0.7": 0.52, "val_ranking_accuracy_0.8": 0.52, "val_ranking_accuracy_0.9": 0.53, "val_ranking_accuracy_1.0": 0.52, "val_ranking_accuracy_1.1": 0.53, "val_ranking_accuracy_1.2": 0.52, "val_ranking_accuracy_1.3": 0.52, "val_ranking_accuracy_1.4": 0.52, "val_ranking_accuracy_1.5": 0.52, "val_ranking_accuracy_1.6": 0.51, "val_ranking_accuracy_1.7": 0.52, "val_ranking_accuracy_1.8": 0.52, "val_ranking_accuracy_1.9": 0.52, "val_ranking_accuracy_2.0": 0.52, "val_mean_loss": 4.576919983751096, "val_sum_loss": 1432.575954914093, "timestamp": 1712680793, "checkpoint_dir_name": null, "done": false, "training_iteration": 1, "trial_id": "1732377b", "date": "2024-04-09_18-39-53", "time_this_iter_s": 1486.9115393161774, "time_total_s": 1486.9115393161774, "pid": 2241472, "hostname": "jyn", "node_ip": "131.130.125.89", "config": {"model": {"hidden_dimension": 128, "modules": {"1": {"times": 10, "parameter": {"dropout": 0.2}}}}, "optimizer": {"base_learning_rate": 0.0001}}, "time_since_restore": 1486.9115393161774, "iterations_since_restore": 1}
{"train_mae": 1.600000023841858, "train_r2": -4.29, "train_spearmanr": 0.24, "train_mse": 4.590000152587891, "train_rmse": 2.140000104904175, "train_mean_loss": 1.598763911005778, "train_sum_loss": 498.8143402338028, "val_mae": 1.0800000429153442, "val_r2": -1.37, "val_spearmanr": 0.48, "val_mse": 2.180000066757202, "val_rmse": 1.4800000190734863, "val_ranking_accuracy_0.1": 0.67, "val_ranking_accuracy_0.2": 0.68, "val_ranking_accuracy_0.3": 0.69, "val_ranking_accuracy_0.4": 0.7, "val_ranking_accuracy_0.5": 0.71, "val_ranking_accuracy_0.6": 0.72, "val_ranking_accuracy_0.7": 0.73, "val_ranking_accuracy_0.8": 0.74, "val_ranking_accuracy_0.9": 0.75, "val_ranking_accuracy_1.0": 0.76, "val_ranking_accuracy_1.1": 0.77, "val_ranking_accuracy_1.2": 0.77, "val_ranking_accuracy_1.3": 0.77, "val_ranking_accuracy_1.4": 0.79, "val_ranking_accuracy_1.5": 0.79, "val_ranking_accuracy_1.6": 0.79, "val_ranking_accuracy_1.7": 0.79, "val_ranking_accuracy_1.8": 0.8, "val_ranking_accuracy_1.9": 0.79, "val_ranking_accuracy_2.0": 0.79, "val_mean_loss": 1.0810243195999925, "val_sum_loss": 338.36061203479767, "timestamp": 1712682125, "checkpoint_dir_name": null, "done": false, "training_iteration": 2, "trial_id": "1732377b", "date": "2024-04-09_19-02-05", "time_this_iter_s": 1331.8532390594482, "time_total_s": 2818.7647783756256, "pid": 2241472, "hostname": "jyn", "node_ip": "131.130.125.89", "config": {"model": {"hidden_dimension": 128, "modules": {"1": {"times": 10, "parameter": {"dropout": 0.2}}}}, "optimizer": {"base_learning_rate": 0.0001}}, "time_since_restore": 2818.7647783756256, "iterations_since_restore": 2}
{"train_mae": 0.8199999928474426, "train_r2": -0.38, "train_spearmanr": 0.49, "train_mse": 1.190000057220459, "train_rmse": 1.090000033378601, "train_mean_loss": 0.8182403904696306, "train_sum_loss": 255.29100182652473, "val_mae": 1.149999976158142, "val_r2": -1.22, "val_spearmanr": 0.64, "val_mse": 2.0399999618530273, "val_rmse": 1.4299999475479126, "val_ranking_accuracy_0.1": 0.74, "val_ranking_accuracy_0.2": 0.76, "val_ranking_accuracy_0.3": 0.77, "val_ranking_accuracy_0.4": 0.78, "val_ranking_accuracy_0.5": 0.8, "val_ranking_accuracy_0.6": 0.81, "val_ranking_accuracy_0.7": 0.82, "val_ranking_accuracy_0.8": 0.83, "val_ranking_accuracy_0.9": 0.84, "val_ranking_accuracy_1.0": 0.85, "val_ranking_accuracy_1.1": 0.86, "val_ranking_accuracy_1.2": 0.87, "val_ranking_accuracy_1.3": 0.88, "val_ranking_accuracy_1.4": 0.88, "val_ranking_accuracy_1.5": 0.9, "val_ranking_accuracy_1.6": 0.9, "val_ranking_accuracy_1.7": 0.91, "val_ranking_accuracy_1.8": 0.91, "val_ranking_accuracy_1.9": 0.92, "val_ranking_accuracy_2.0": 0.92, "val_mean_loss": 1.1525340097399945, "val_sum_loss": 360.7431450486183, "timestamp": 1712683359, "checkpoint_dir_name": null, "done": false, "training_iteration": 3, "trial_id": "1732377b", "date": "2024-04-09_19-22-39", "time_this_iter_s": 1234.3324739933014, "time_total_s": 4053.097252368927, "pid": 2241472, "hostname": "jyn", "node_ip": "131.130.125.89", "config": {"model": {"hidden_dimension": 128, "modules": {"1": {"times": 10, "parameter": {"dropout": 0.2}}}}, "optimizer": {"base_learning_rate": 0.0001}}, "time_since_restore": 4053.097252368927, "iterations_since_restore": 3}
{"train_mae": 0.6899999976158142, "train_r2": 0.05, "train_spearmanr": 0.59, "train_mse": 0.8199999928474426, "train_rmse": 0.9100000262260437, "train_mean_loss": 0.6852724083150045, "train_sum_loss": 213.8049913942814, "val_mae": 1.1399999856948853, "val_r2": -1.09, "val_spearmanr": 0.66, "val_mse": 1.9199999570846558, "val_rmse": 1.3899999856948853, "val_ranking_accuracy_0.1": 0.74, "val_ranking_accuracy_0.2": 0.76, "val_ranking_accuracy_0.3": 0.77, "val_ranking_accuracy_0.4": 0.78, "val_ranking_accuracy_0.5": 0.8, "val_ranking_accuracy_0.6": 0.81, "val_ranking_accuracy_0.7": 0.82, "val_ranking_accuracy_0.8": 0.83, "val_ranking_accuracy_0.9": 0.84, "val_ranking_accuracy_1.0": 0.85, "val_ranking_accuracy_1.1": 0.86, "val_ranking_accuracy_1.2": 0.87, "val_ranking_accuracy_1.3": 0.88, "val_ranking_accuracy_1.4": 0.88, "val_ranking_accuracy_1.5": 0.88, "val_ranking_accuracy_1.6": 0.89, "val_ranking_accuracy_1.7": 0.88, "val_ranking_accuracy_1.8": 0.89, "val_ranking_accuracy_1.9": 0.89, "val_ranking_accuracy_2.0": 0.9, "val_mean_loss": 1.1390592229252043, "val_sum_loss": 356.525536775589, "timestamp": 1712684691, "checkpoint_dir_name": null, "done": false, "training_iteration": 4, "trial_id": "1732377b", "date": "2024-04-09_19-44-51", "time_this_iter_s": 1332.1509697437286, "time_total_s": 5385.248222112656, "pid": 2241472, "hostname": "jyn", "node_ip": "131.130.125.89", "config": {"model": {"hidden_dimension": 128, "modules": {"1": {"times": 10, "parameter": {"dropout": 0.2}}}}, "optimizer": {"base_learning_rate": 0.0001}}, "time_since_restore": 5385.248222112656, "iterations_since_restore": 4}
{"train_mae": 0.6200000047683716, "train_r2": 0.23, "train_spearmanr": 0.64, "train_mse": 0.6700000166893005, "train_rmse": 0.8199999928474426, "train_mean_loss": 0.6217049571375052, "train_sum_loss": 193.97194662690163, "val_mae": 0.9800000190734863, "val_r2": -0.62, "val_spearmanr": 0.71, "val_mse": 1.4800000190734863, "val_rmse": 1.2200000286102295, "val_ranking_accuracy_0.1": 0.77, "val_ranking_accuracy_0.2": 0.79, "val_ranking_accuracy_0.3": 0.8, "val_ranking_accuracy_0.4": 0.82, "val_ranking_accuracy_0.5": 0.83, "val_ranking_accuracy_0.6": 0.84, "val_ranking_accuracy_0.7": 0.85, "val_ranking_accuracy_0.8": 0.86, "val_ranking_accuracy_0.9": 0.88, "val_ranking_accuracy_1.0": 0.89, "val_ranking_accuracy_1.1": 0.89, "val_ranking_accuracy_1.2": 0.9, "val_ranking_accuracy_1.3": 0.9, "val_ranking_accuracy_1.4": 0.9, "val_ranking_accuracy_1.5": 0.91, "val_ranking_accuracy_1.6": 0.91, "val_ranking_accuracy_1.7": 0.92, "val_ranking_accuracy_1.8": 0.92, "val_ranking_accuracy_1.9": 0.92, "val_ranking_accuracy_2.0": 0.92, "val_mean_loss": 0.9810183505280711, "val_sum_loss": 307.05874371528625, "timestamp": 1712685969, "checkpoint_dir_name": null, "done": true, "training_iteration": 5, "trial_id": "1732377b", "date": "2024-04-09_20-06-09", "time_this_iter_s": 1277.7240931987762, "time_total_s": 6662.972315311432, "pid": 2241472, "hostname": "jyn", "node_ip": "131.130.125.89", "config": {"model": {"hidden_dimension": 128, "modules": {"1": {"times": 10, "parameter": {"dropout": 0.2}}}}, "optimizer": {"base_learning_rate": 0.0001}}, "time_since_restore": 6662.972315311432, "iterations_since_restore": 5}
