train_mae,train_r2,train_spearmanr,train_mse,train_rmse,train_mean_loss,train_sum_loss,val_mae,val_r2,val_spearmanr,val_mse,val_rmse,val_ranking_accuracy_0.1,val_ranking_accuracy_0.2,val_ranking_accuracy_0.3,val_ranking_accuracy_0.4,val_ranking_accuracy_0.5,val_ranking_accuracy_0.6,val_ranking_accuracy_0.7,val_ranking_accuracy_0.8,val_ranking_accuracy_0.9,val_ranking_accuracy_1.0,val_ranking_accuracy_1.1,val_ranking_accuracy_1.2,val_ranking_accuracy_1.3,val_ranking_accuracy_1.4,val_ranking_accuracy_1.5,val_ranking_accuracy_1.6,val_ranking_accuracy_1.7,val_ranking_accuracy_1.8,val_ranking_accuracy_1.9,val_ranking_accuracy_2.0,val_mean_loss,val_sum_loss,timestamp,checkpoint_dir_name,done,training_iteration,trial_id,date,time_this_iter_s,time_total_s,pid,hostname,node_ip,time_since_restore,iterations_since_restore,config/model/hidden_dimension,config/model/modules/1/times,config/model/modules/1/parameter/dropout,config/optimizer/base_learning_rate
4.75,-28.21,-0.47,25.350000381469727,5.03000020980835,4.747162048633282,1481.114559173584,4.670000076293945,-25.93,-0.48,24.719999313354492,4.96999979019165,0.34,0.33,0.32,0.31,0.29,0.28,0.28,0.26,0.25,0.24,0.23,0.22,0.21,0.2,0.19,0.18,0.17,0.16,0.15,0.15,4.667812082333306,1461.0251817703247,1711757435,,False,1,f018f65e,2024-03-30_01-10-35,251.8064043521881,251.8064043521881,10740,AT-MB-PC-EOS,127.0.0.1,251.8064043521881,1,128,6,0.0,0.0001
1.4500000476837158,-3.8,0.23,4.159999847412109,2.0399999618530273,1.4542743399357185,453.73359405994415,0.7799999713897705,-0.19,0.53,1.100000023841858,1.0499999523162842,0.69,0.7,0.71,0.72,0.73,0.73,0.74,0.75,0.76,0.77,0.78,0.8,0.81,0.82,0.82,0.83,0.83,0.84,0.85,0.84,0.7808766363146967,244.4143871665001,1711757649,,False,2,f018f65e,2024-03-30_01-14-09,214.0943648815155,465.9007692337036,10740,AT-MB-PC-EOS,127.0.0.1,465.9007692337036,2,128,6,0.0,0.0001
0.6899999976158142,0.01,0.57,0.8600000143051147,0.9300000071525574,0.6926363193644927,216.10253164172173,0.5600000023841858,0.39,0.7,0.5600000023841858,0.75,0.77,0.78,0.79,0.81,0.82,0.84,0.85,0.86,0.87,0.88,0.89,0.89,0.91,0.91,0.91,0.92,0.92,0.92,0.92,0.91,0.5584428104729698,174.79259967803955,1711757875,,False,3,f018f65e,2024-03-30_01-17-55,225.16539096832275,691.0661602020264,10740,AT-MB-PC-EOS,127.0.0.1,691.0661602020264,3,128,6,0.0,0.0001
0.5199999809265137,0.45,0.72,0.47999998927116394,0.6899999976158142,0.5205192190523331,162.40199634432793,0.5099999904632568,0.47,0.73,0.49000000953674316,0.699999988079071,0.78,0.79,0.81,0.82,0.83,0.85,0.86,0.87,0.88,0.89,0.9,0.91,0.91,0.91,0.92,0.92,0.92,0.93,0.93,0.94,0.5074857161067926,158.8430291414261,1711758092,,False,4,f018f65e,2024-03-30_01-21-32,217.26797008514404,908.3341302871704,10740,AT-MB-PC-EOS,127.0.0.1,908.3341302871704,4,128,6,0.0,0.0001
0.46000000834465027,0.56,0.77,0.3799999952316284,0.6200000047683716,0.4598300113127782,143.4669635295868,0.5299999713897705,0.45,0.73,0.5099999904632568,0.7099999785423279,0.78,0.8,0.81,0.83,0.84,0.86,0.87,0.88,0.89,0.89,0.9,0.91,0.92,0.92,0.92,0.93,0.93,0.93,0.94,0.95,0.534433838182364,167.27779135107994,1711758315,,False,5,f018f65e,2024-03-30_01-25-15,223.09564113616943,1131.4297714233398,10740,AT-MB-PC-EOS,127.0.0.1,1131.4297714233398,5,128,6,0.0,0.0001
0.4399999976158142,0.59,0.79,0.36000001430511475,0.6000000238418579,0.4440840292626467,138.55421712994576,0.47999998927116394,0.56,0.81,0.4099999964237213,0.6399999856948853,0.82,0.84,0.86,0.87,0.89,0.9,0.91,0.92,0.93,0.94,0.94,0.94,0.95,0.95,0.95,0.95,0.95,0.95,0.95,0.95,0.47574442120405813,148.9080038368702,1711758538,,False,6,f018f65e,2024-03-30_01-28-58,222.69223833084106,1354.122009754181,10740,AT-MB-PC-EOS,127.0.0.1,1354.122009754181,6,128,6,0.0,0.0001
0.4300000071525574,0.61,0.8,0.3400000035762787,0.5799999833106995,0.433381157521254,135.21492114663124,0.6100000143051147,0.29,0.73,0.6499999761581421,0.8100000023841858,0.78,0.79,0.81,0.82,0.83,0.84,0.86,0.87,0.88,0.89,0.9,0.9,0.91,0.91,0.92,0.93,0.93,0.93,0.94,0.94,0.6124078686625812,191.68366289138794,1711758753,,False,7,f018f65e,2024-03-30_01-32-33,215.35576748847961,1569.4777772426605,10740,AT-MB-PC-EOS,127.0.0.1,1569.4777772426605,7,128,6,0.0,0.0001
0.41999998688697815,0.63,0.81,0.3199999928474426,0.5600000023841858,0.4186837970255277,130.62934467196465,0.44999998807907104,0.56,0.81,0.4000000059604645,0.6299999952316284,0.82,0.84,0.85,0.87,0.88,0.9,0.91,0.92,0.93,0.94,0.94,0.95,0.96,0.96,0.97,0.97,0.97,0.97,0.97,0.98,0.4543974272930584,142.22639474272728,1711758979,,False,8,f018f65e,2024-03-30_01-36-19,225.88376450538635,1795.3615417480469,10740,AT-MB-PC-EOS,127.0.0.1,1795.3615417480469,8,128,6,0.0,0.0001
0.41999998688697815,0.64,0.81,0.3100000023841858,0.5600000023841858,0.41507052677946216,129.50200435519218,0.4300000071525574,0.63,0.83,0.3400000035762787,0.5899999737739563,0.83,0.85,0.87,0.88,0.9,0.91,0.92,0.93,0.94,0.94,0.95,0.95,0.96,0.96,0.96,0.97,0.97,0.97,0.97,0.97,0.4256774329910644,133.23703652620316,1711759199,,False,9,f018f65e,2024-03-30_01-39-59,219.85995888710022,2015.221500635147,10740,AT-MB-PC-EOS,127.0.0.1,2015.221500635147,9,128,6,0.0,0.0001
0.4000000059604645,0.65,0.82,0.30000001192092896,0.550000011920929,0.4034568207959334,125.87852808833122,0.4099999964237213,0.63,0.83,0.3400000035762787,0.5799999833106995,0.83,0.85,0.87,0.88,0.9,0.91,0.92,0.93,0.94,0.94,0.95,0.95,0.95,0.96,0.97,0.97,0.97,0.98,0.98,0.98,0.4126702830814325,129.16579860448837,1711759423,,False,10,f018f65e,2024-03-30_01-43-43,224.66380429267883,2239.885304927826,10740,AT-MB-PC-EOS,127.0.0.1,2239.885304927826,10,128,6,0.0,0.0001
0.4099999964237213,0.65,0.82,0.30000001192092896,0.550000011920929,0.40576887111633253,126.59988778829575,0.41999998688697815,0.63,0.82,0.3400000035762787,0.5799999833106995,0.83,0.84,0.86,0.88,0.89,0.9,0.92,0.92,0.93,0.94,0.95,0.95,0.96,0.97,0.97,0.98,0.98,0.98,0.98,0.98,0.41644932743840324,130.34863948822021,1711759644,,False,11,f018f65e,2024-03-30_01-47-24,220.53617429733276,2460.4214792251587,10740,AT-MB-PC-EOS,127.0.0.1,2460.4214792251587,11,128,6,0.0,0.0001
0.4000000059604645,0.66,0.83,0.28999999165534973,0.5400000214576721,0.39745779345050836,124.00683155655861,0.4000000059604645,0.66,0.84,0.3100000023841858,0.5600000023841858,0.82,0.84,0.86,0.88,0.89,0.91,0.92,0.93,0.94,0.94,0.95,0.96,0.96,0.97,0.97,0.96,0.97,0.97,0.97,0.97,0.39565457113253805,123.8398807644844,1711759862,,False,12,f018f65e,2024-03-30_01-51-02,217.6258397102356,2678.0473189353943,10740,AT-MB-PC-EOS,127.0.0.1,2678.0473189353943,12,128,6,0.0,0.0001
0.3799999952316284,0.69,0.84,0.27000001072883606,0.5199999809265137,0.37708977265999866,117.65200906991959,0.38999998569488525,0.68,0.85,0.30000001192092896,0.5400000214576721,0.84,0.86,0.87,0.89,0.91,0.92,0.93,0.94,0.95,0.95,0.96,0.97,0.97,0.98,0.98,0.98,0.98,0.98,0.98,0.98,0.39276077891119754,122.93412379920483,1711760086,,False,13,f018f65e,2024-03-30_01-54-46,224.56350803375244,2902.6108269691467,10740,AT-MB-PC-EOS,127.0.0.1,2902.6108269691467,13,128,6,0.0,0.0001
0.3799999952316284,0.7,0.84,0.25999999046325684,0.5099999904632568,0.3779773111335742,117.92892107367516,0.3799999952316284,0.68,0.86,0.28999999165534973,0.5400000214576721,0.84,0.86,0.88,0.89,0.91,0.92,0.94,0.94,0.95,0.96,0.97,0.97,0.97,0.97,0.97,0.97,0.97,0.98,0.97,0.97,0.37517555924459767,117.42995004355907,1711760304,,False,14,f018f65e,2024-03-30_01-58-24,217.70408248901367,3120.3149094581604,10740,AT-MB-PC-EOS,127.0.0.1,3120.3149094581604,14,128,6,0.0,0.0001
0.3700000047683716,0.7,0.85,0.25999999046325684,0.5099999904632568,0.37178975572952855,115.99840378761292,0.4099999964237213,0.63,0.85,0.3400000035762787,0.5799999833106995,0.84,0.86,0.88,0.89,0.91,0.92,0.93,0.94,0.95,0.95,0.96,0.96,0.97,0.97,0.97,0.98,0.98,0.98,0.98,0.98,0.4121131397093447,128.9914127290249,1711760525,,False,15,f018f65e,2024-03-30_02-02-05,221.0733675956726,3341.388277053833,10740,AT-MB-PC-EOS,127.0.0.1,3341.388277053833,15,128,6,0.0,0.0001
0.36000001430511475,0.72,0.85,0.23999999463558197,0.49000000953674316,0.3604076427813524,112.44718454778194,0.44999998807907104,0.58,0.86,0.38999998569488525,0.6200000047683716,0.84,0.86,0.88,0.9,0.91,0.92,0.93,0.94,0.95,0.95,0.96,0.96,0.97,0.97,0.97,0.97,0.98,0.98,0.98,0.98,0.45294857415528345,141.7729037106037,1711760743,,False,16,f018f65e,2024-03-30_02-05-43,218.38508248329163,3559.7733595371246,10740,AT-MB-PC-EOS,127.0.0.1,3559.7733595371246,16,128,6,0.0,0.0001
0.36000001430511475,0.72,0.86,0.23999999463558197,0.49000000953674316,0.3562821029470517,111.16001611948013,0.4000000059604645,0.65,0.83,0.3199999928474426,0.5600000023841858,0.84,0.86,0.87,0.89,0.9,0.92,0.93,0.94,0.94,0.95,0.96,0.96,0.96,0.96,0.97,0.97,0.97,0.97,0.98,0.98,0.40063492292032454,125.39873087406158,1711760965,,False,17,f018f65e,2024-03-30_02-09-25,221.7205364704132,3781.493896007538,10740,AT-MB-PC-EOS,127.0.0.1,3781.493896007538,17,128,6,0.0,0.0001
0.3499999940395355,0.73,0.86,0.23999999463558197,0.49000000953674316,0.3527545520128348,110.05942022800446,0.4000000059604645,0.65,0.83,0.33000001311302185,0.5699999928474426,0.82,0.84,0.86,0.88,0.89,0.9,0.91,0.92,0.93,0.93,0.94,0.95,0.96,0.96,0.96,0.96,0.97,0.97,0.97,0.96,0.4031273456046376,126.17885917425156,1711761190,,False,18,f018f65e,2024-03-30_02-13-10,224.55147337913513,4006.045369386673,10740,AT-MB-PC-EOS,127.0.0.1,4006.045369386673,18,128,6,0.0,0.0001
0.3499999940395355,0.74,0.86,0.23000000417232513,0.47999998927116394,0.3463520413885514,108.06183691322803,0.4099999964237213,0.68,0.86,0.30000001192092896,0.550000011920929,0.86,0.88,0.89,0.91,0.92,0.93,0.94,0.95,0.96,0.96,0.97,0.97,0.97,0.97,0.97,0.98,0.98,0.98,0.98,0.98,0.40563172654221996,126.96273040771484,1711761407,,False,19,f018f65e,2024-03-30_02-16-47,217.38977479934692,4223.43514418602,10740,AT-MB-PC-EOS,127.0.0.1,4223.43514418602,19,128,6,0.0,0.0001
0.3400000035762787,0.75,0.87,0.2199999988079071,0.4699999988079071,0.3407892488802855,106.32624565064907,0.3799999952316284,0.69,0.86,0.28999999165534973,0.5400000214576721,0.85,0.88,0.89,0.9,0.92,0.93,0.94,0.95,0.96,0.96,0.97,0.98,0.98,0.98,0.98,0.98,0.98,0.98,0.98,0.98,0.3776461419206077,118.20324242115021,1711761630,,False,20,f018f65e,2024-03-30_02-20-30,222.6820170879364,4446.117161273956,10740,AT-MB-PC-EOS,127.0.0.1,4446.117161273956,20,128,6,0.0,0.0001
0.3400000035762787,0.75,0.87,0.20999999344348907,0.46000000834465027,0.3352426785307053,104.59571570158005,0.3700000047683716,0.7,0.86,0.27000001072883606,0.5199999809265137,0.86,0.88,0.9,0.91,0.92,0.93,0.94,0.95,0.95,0.96,0.96,0.97,0.97,0.98,0.98,0.98,0.98,0.98,0.98,0.98,0.3654484163267544,114.38535431027412,1711761850,,False,21,f018f65e,2024-03-30_02-24-10,220.24342823028564,4666.360589504242,10740,AT-MB-PC-EOS,127.0.0.1,4666.360589504242,21,128,6,0.0,0.0001
0.33000001311302185,0.75,0.87,0.20999999344348907,0.46000000834465027,0.3317319625654282,103.50037232041359,0.38999998569488525,0.67,0.86,0.3100000023841858,0.550000011920929,0.86,0.88,0.89,0.91,0.92,0.93,0.94,0.95,0.96,0.96,0.97,0.98,0.98,0.98,0.98,0.98,0.99,0.98,0.98,0.98,0.3882654692513493,121.52709187567234,1711762072,,False,22,f018f65e,2024-03-30_02-27-52,222.01956486701965,4888.380154371262,10740,AT-MB-PC-EOS,127.0.0.1,4888.380154371262,22,128,6,0.0,0.0001
0.33000001311302185,0.76,0.88,0.20999999344348907,0.44999998807907104,0.3280103812710597,102.33923895657063,0.38999998569488525,0.68,0.86,0.30000001192092896,0.5400000214576721,0.85,0.87,0.89,0.91,0.92,0.94,0.95,0.96,0.97,0.97,0.98,0.98,0.98,0.99,0.99,0.99,0.99,0.99,0.99,0.99,0.3863371391170703,120.923524543643,1711762295,,False,23,f018f65e,2024-03-30_02-31-35,222.66978812217712,5111.049942493439,10740,AT-MB-PC-EOS,127.0.0.1,5111.049942493439,23,128,6,0.0,0.0001
0.3199999928474426,0.77,0.88,0.20000000298023224,0.4399999976158142,0.3179262704574145,99.19299638271332,0.4000000059604645,0.67,0.85,0.30000001192092896,0.550000011920929,0.84,0.86,0.87,0.89,0.9,0.92,0.93,0.93,0.94,0.95,0.95,0.97,0.97,0.97,0.97,0.97,0.97,0.98,0.98,0.98,0.3975891380454786,124.44540020823479,1711762514,,False,24,f018f65e,2024-03-30_02-35-14,219.36891889572144,5330.41886138916,10740,AT-MB-PC-EOS,127.0.0.1,5330.41886138916,24,128,6,0.0,0.0001
0.3199999928474426,0.78,0.89,0.1899999976158142,0.4399999976158142,0.3161695506901313,98.64489981532097,0.38999998569488525,0.68,0.86,0.30000001192092896,0.5400000214576721,0.86,0.88,0.9,0.91,0.92,0.93,0.94,0.95,0.96,0.96,0.97,0.97,0.98,0.98,0.98,0.99,0.99,0.99,0.99,0.99,0.3906510766512289,122.27378699183464,1711762737,,False,25,f018f65e,2024-03-30_02-38-57,222.87572240829468,5553.294583797455,10740,AT-MB-PC-EOS,127.0.0.1,5553.294583797455,25,128,6,0.0,0.0001
0.3100000023841858,0.78,0.89,0.1899999976158142,0.4300000071525574,0.3113466304464218,97.1401486992836,0.36000001430511475,0.72,0.87,0.25999999046325684,0.5099999904632568,0.86,0.87,0.89,0.9,0.92,0.93,0.94,0.95,0.95,0.96,0.97,0.97,0.98,0.98,0.98,0.98,0.98,0.98,0.98,0.98,0.3564368985807553,111.5647492557764,1711762958,,False,26,f018f65e,2024-03-30_02-42-38,221.4020676612854,5774.69665145874,10740,AT-MB-PC-EOS,127.0.0.1,5774.69665145874,26,128,6,0.0,0.0001
0.30000001192092896,0.79,0.9,0.18000000715255737,0.41999998688697815,0.30153522473306227,94.07899011671543,0.3799999952316284,0.7,0.87,0.2800000011920929,0.5299999713897705,0.86,0.88,0.9,0.91,0.92,0.93,0.95,0.95,0.96,0.96,0.97,0.98,0.98,0.98,0.98,0.98,0.98,0.98,0.98,0.98,0.3788634244435892,118.58425185084343,1711763179,,False,27,f018f65e,2024-03-30_02-46-19,220.69524240493774,5995.391893863678,10740,AT-MB-PC-EOS,127.0.0.1,5995.391893863678,27,128,6,0.0,0.0001
0.30000001192092896,0.8,0.9,0.18000000715255737,0.41999998688697815,0.29912449734715313,93.32684317231178,0.3700000047683716,0.71,0.86,0.25999999046325684,0.5099999904632568,0.86,0.88,0.9,0.91,0.93,0.94,0.95,0.95,0.96,0.96,0.97,0.97,0.98,0.98,0.98,0.98,0.98,0.98,0.98,0.98,0.367005763438563,114.87280395627022,1711763404,,False,28,f018f65e,2024-03-30_02-50-04,225.22033977508545,6220.612233638763,10740,AT-MB-PC-EOS,127.0.0.1,6220.612233638763,28,128,6,0.0,0.0001
0.28999999165534973,0.81,0.9,0.17000000178813934,0.4099999964237213,0.2916459296949399,90.99353006482124,0.36000001430511475,0.72,0.87,0.25999999046325684,0.5099999904632568,0.85,0.88,0.89,0.91,0.93,0.94,0.95,0.96,0.96,0.97,0.97,0.98,0.98,0.98,0.98,0.98,0.99,0.99,0.99,0.99,0.359334476744405,112.47169122099876,1711763622,,False,29,f018f65e,2024-03-30_02-53-42,217.319997549057,6437.93223118782,10740,AT-MB-PC-EOS,127.0.0.1,6437.93223118782,29,128,6,0.0,0.0001
0.28999999165534973,0.81,0.9,0.17000000178813934,0.4099999964237213,0.29071455491850007,90.70294113457203,0.3499999940395355,0.73,0.87,0.23999999463558197,0.49000000953674316,0.87,0.88,0.9,0.91,0.93,0.94,0.95,0.96,0.96,0.97,0.97,0.97,0.97,0.98,0.98,0.98,0.98,0.98,0.98,0.98,0.35295612048417235,110.47526571154594,1711763846,,False,30,f018f65e,2024-03-30_02-57-26,224.13811779022217,6662.070348978043,10740,AT-MB-PC-EOS,127.0.0.1,6662.070348978043,30,128,6,0.0,0.0001
0.28999999165534973,0.81,0.9,0.1599999964237213,0.4000000059604645,0.2872469895161115,89.6210607290268,0.3799999952316284,0.7,0.87,0.27000001072883606,0.5199999809265137,0.86,0.88,0.9,0.92,0.93,0.94,0.95,0.95,0.96,0.97,0.97,0.97,0.98,0.98,0.98,0.98,0.99,0.99,0.98,0.98,0.3785588469939491,118.48891910910606,1711764068,,False,31,f018f65e,2024-03-30_03-01-08,222.07164788246155,6884.141996860504,10740,AT-MB-PC-EOS,127.0.0.1,6884.141996860504,31,128,6,0.0,0.0001
0.2800000011920929,0.82,0.91,0.1599999964237213,0.4000000059604645,0.28131922200704235,87.7715972661972,0.3499999940395355,0.73,0.88,0.25,0.5,0.85,0.87,0.89,0.91,0.93,0.94,0.95,0.95,0.96,0.97,0.97,0.98,0.98,0.98,0.98,0.98,0.98,0.98,0.98,0.98,0.3493055434177478,109.33263508975506,1711764288,,False,32,f018f65e,2024-03-30_03-04-48,220.27801847457886,7104.420015335083,10740,AT-MB-PC-EOS,127.0.0.1,7104.420015335083,32,128,6,0.0,0.0001
0.2800000011920929,0.83,0.91,0.15000000596046448,0.38999998569488525,0.27736429010446256,86.53765851259232,0.3499999940395355,0.73,0.88,0.25,0.5,0.86,0.88,0.9,0.91,0.92,0.93,0.94,0.96,0.96,0.97,0.97,0.98,0.98,0.98,0.99,0.99,0.99,0.99,0.98,0.98,0.34997577889087483,109.54241879284382,1711764513,,False,33,f018f65e,2024-03-30_03-08-33,224.4814157485962,7328.901431083679,10740,AT-MB-PC-EOS,127.0.0.1,7328.901431083679,33,128,6,0.0,0.0001
0.2800000011920929,0.82,0.91,0.15000000596046448,0.38999998569488525,0.27731414468815696,86.52201314270496,0.3700000047683716,0.69,0.87,0.2800000011920929,0.5299999713897705,0.85,0.87,0.89,0.9,0.92,0.93,0.94,0.95,0.96,0.97,0.97,0.97,0.97,0.97,0.98,0.98,0.98,0.98,0.98,0.99,0.3727743041972383,116.67835721373558,1711764731,,False,34,f018f65e,2024-03-30_03-12-11,218.0297293663025,7546.931160449982,10740,AT-MB-PC-EOS,127.0.0.1,7546.931160449982,34,128,6,0.0,0.0001
0.27000001072883606,0.83,0.92,0.14000000059604645,0.3799999952316284,0.2679739293093101,83.60786594450474,0.3499999940395355,0.73,0.87,0.25,0.5,0.86,0.88,0.89,0.91,0.92,0.93,0.94,0.95,0.95,0.96,0.97,0.97,0.97,0.97,0.98,0.98,0.98,0.98,0.99,0.99,0.35041889324546244,109.68111358582973,1711764955,,False,35,f018f65e,2024-03-30_03-15-55,224.5163116455078,7771.4474720954895,10740,AT-MB-PC-EOS,127.0.0.1,7771.4474720954895,35,128,6,0.0,0.0001
0.25999999046325684,0.84,0.92,0.14000000059604645,0.3700000047683716,0.2633707595941348,82.17167699337006,0.3499999940395355,0.73,0.87,0.23999999463558197,0.49000000953674316,0.86,0.88,0.9,0.91,0.92,0.94,0.94,0.95,0.96,0.97,0.97,0.98,0.98,0.98,0.98,0.98,0.99,0.98,0.99,0.99,0.3541069843898566,110.83548611402512,1711765179,,False,36,f018f65e,2024-03-30_03-19-39,223.74536323547363,7995.192835330963,10740,AT-MB-PC-EOS,127.0.0.1,7995.192835330963,36,128,6,0.0,0.0001
0.25999999046325684,0.84,0.92,0.14000000059604645,0.3700000047683716,0.2608846962834016,81.3960252404213,0.3499999940395355,0.74,0.88,0.23999999463558197,0.49000000953674316,0.86,0.88,0.89,0.91,0.92,0.94,0.95,0.96,0.96,0.97,0.97,0.98,0.98,0.98,0.98,0.98,0.98,0.99,0.99,0.99,0.35347290998830583,110.63702082633972,1711765413,,False,37,f018f65e,2024-03-30_03-23-33,233.95981884002686,8229.15265417099,10740,AT-MB-PC-EOS,127.0.0.1,8229.15265417099,37,128,6,0.0,0.0001
0.25,0.85,0.93,0.12999999523162842,0.36000001430511475,0.25190234088744873,78.593530356884,0.3499999940395355,0.73,0.87,0.25,0.5,0.85,0.87,0.89,0.9,0.92,0.93,0.94,0.95,0.96,0.96,0.97,0.97,0.97,0.97,0.97,0.98,0.97,0.98,0.98,0.98,0.35359962384540816,110.67668226361275,1711765641,,False,38,f018f65e,2024-03-30_03-27-21,227.69292521476746,8456.845579385757,10740,AT-MB-PC-EOS,127.0.0.1,8456.845579385757,38,128,6,0.0,0.0001
0.25,0.86,0.93,0.11999999731779099,0.3499999940395355,0.249119333206461,77.72523196041584,0.3499999940395355,0.74,0.88,0.23999999463558197,0.49000000953674316,0.86,0.88,0.9,0.91,0.93,0.94,0.95,0.96,0.97,0.97,0.98,0.98,0.98,0.99,0.99,0.99,0.99,0.99,0.99,0.99,0.34990265836921364,109.51953206956387,1711765872,,False,39,f018f65e,2024-03-30_03-31-12,231.74524784088135,8688.590827226639,10740,AT-MB-PC-EOS,127.0.0.1,8688.590827226639,39,128,6,0.0,0.0001
0.23999999463558197,0.86,0.93,0.11999999731779099,0.3499999940395355,0.24254235090353551,75.67321348190308,0.3499999940395355,0.73,0.87,0.23999999463558197,0.49000000953674316,0.86,0.87,0.89,0.9,0.92,0.93,0.94,0.95,0.95,0.96,0.97,0.97,0.98,0.98,0.98,0.99,0.99,0.99,0.99,0.99,0.3537067209665006,110.71020366251469,1711766109,,False,40,f018f65e,2024-03-30_03-35-09,236.70318818092346,8925.294015407562,10740,AT-MB-PC-EOS,127.0.0.1,8925.294015407562,40,128,6,0.0,0.0001
0.23999999463558197,0.87,0.93,0.10999999940395355,0.3400000035762787,0.23783813660534528,74.20549862086773,0.3499999940395355,0.74,0.88,0.23999999463558197,0.49000000953674316,0.86,0.88,0.9,0.92,0.93,0.94,0.95,0.96,0.97,0.97,0.97,0.98,0.98,0.98,0.98,0.99,0.99,0.99,0.99,0.99,0.34598261408341197,108.29255820810795,1711766339,,False,41,f018f65e,2024-03-30_03-38-59,230.34055423736572,9155.634569644928,10740,AT-MB-PC-EOS,127.0.0.1,9155.634569644928,41,128,6,0.0,0.0001
0.23000000417232513,0.87,0.94,0.10999999940395355,0.33000001311302185,0.23362283628338423,72.89032492041588,0.3799999952316284,0.69,0.88,0.2800000011920929,0.5299999713897705,0.86,0.88,0.9,0.91,0.93,0.94,0.95,0.96,0.96,0.97,0.97,0.97,0.98,0.98,0.98,0.98,0.99,0.99,0.99,0.99,0.3794119247137167,118.75593243539333,1711766578,,False,42,f018f65e,2024-03-30_03-42-58,238.79533457756042,9394.429904222488,10740,AT-MB-PC-EOS,127.0.0.1,9394.429904222488,42,128,6,0.0,0.0001
0.23000000417232513,0.88,0.94,0.10999999940395355,0.33000001311302185,0.2279218841726199,71.11162786185741,0.36000001430511475,0.74,0.87,0.23999999463558197,0.49000000953674316,0.86,0.88,0.9,0.91,0.93,0.94,0.95,0.96,0.97,0.97,0.98,0.98,0.98,0.99,0.99,0.99,0.99,1.0,0.99,1.0,0.354868275669817,111.07377028465271,1711766816,,False,43,f018f65e,2024-03-30_03-46-56,237.55115461349487,9631.981058835983,10740,AT-MB-PC-EOS,127.0.0.1,9631.981058835983,43,128,6,0.0,0.0001
0.2199999988079071,0.88,0.94,0.10000000149011612,0.3199999928474426,0.22274911790513074,69.4977247864008,0.3499999940395355,0.73,0.87,0.23999999463558197,0.49000000953674316,0.86,0.88,0.9,0.92,0.93,0.94,0.95,0.95,0.96,0.96,0.97,0.97,0.97,0.98,0.98,0.98,0.98,0.98,0.99,0.99,0.3521333226856713,110.21773000061512,1711767045,,False,44,f018f65e,2024-03-30_03-50-45,228.97990202903748,9860.96096086502,10740,AT-MB-PC-EOS,127.0.0.1,9860.96096086502,44,128,6,0.0,0.0001
0.2199999988079071,0.89,0.94,0.10000000149011612,0.3100000023841858,0.21823683328544483,68.08989198505878,0.3499999940395355,0.74,0.87,0.23999999463558197,0.49000000953674316,0.86,0.88,0.9,0.92,0.93,0.94,0.95,0.96,0.97,0.97,0.97,0.98,0.98,0.98,0.98,0.98,0.98,0.98,0.99,0.99,0.3531681521536824,110.54163162410259,1711767246,,False,45,f018f65e,2024-03-30_03-54-06,201.49151372909546,10062.452474594116,10740,AT-MB-PC-EOS,127.0.0.1,10062.452474594116,45,128,6,0.0,0.0001
0.20999999344348907,0.89,0.95,0.09000000357627869,0.3100000023841858,0.21411688372683832,66.80446772277355,0.3499999940395355,0.73,0.88,0.25,0.5,0.86,0.88,0.9,0.91,0.93,0.94,0.95,0.96,0.96,0.97,0.97,0.98,0.98,0.98,0.98,0.98,0.98,0.98,0.98,0.99,0.35392858954473805,110.77964852750301,1711767447,,False,46,f018f65e,2024-03-30_03-57-27,200.71624493598938,10263.168719530106,10740,AT-MB-PC-EOS,127.0.0.1,10263.168719530106,46,128,6,0.0,0.0001
0.20999999344348907,0.89,0.95,0.09000000357627869,0.30000001192092896,0.2091965191066265,65.26931396126747,0.3700000047683716,0.71,0.87,0.27000001072883606,0.5199999809265137,0.86,0.87,0.89,0.9,0.92,0.93,0.94,0.96,0.96,0.97,0.97,0.98,0.98,0.98,0.99,0.98,0.99,0.99,0.99,0.98,0.3663315736828521,114.6617825627327,1711767650,,False,47,f018f65e,2024-03-30_04-00-50,203.21125030517578,10466.379969835281,10740,AT-MB-PC-EOS,127.0.0.1,10466.379969835281,47,128,6,0.0,0.0001
0.20999999344348907,0.9,0.95,0.09000000357627869,0.28999999165534973,0.2051677663738911,64.01234310865402,0.3499999940395355,0.74,0.88,0.23999999463558197,0.49000000953674316,0.85,0.88,0.9,0.91,0.92,0.93,0.94,0.95,0.96,0.96,0.97,0.97,0.97,0.98,0.98,0.98,0.98,0.98,0.98,0.98,0.3487067543946135,109.14521412551403,1711767856,,False,48,f018f65e,2024-03-30_04-04-16,205.7035722732544,10672.083542108536,10740,AT-MB-PC-EOS,127.0.0.1,10672.083542108536,48,128,6,0.0,0.0001
0.20000000298023224,0.9,0.95,0.07999999821186066,0.28999999165534973,0.1988487788834251,62.04081901162863,0.3499999940395355,0.74,0.88,0.23999999463558197,0.49000000953674316,0.85,0.87,0.89,0.91,0.92,0.94,0.95,0.95,0.96,0.96,0.97,0.97,0.98,0.98,0.98,0.98,0.99,0.99,0.99,0.99,0.3491100963121786,109.2714601457119,1711768057,,False,49,f018f65e,2024-03-30_04-07-37,201.3945848941803,10873.478127002716,10740,AT-MB-PC-EOS,127.0.0.1,10873.478127002716,49,128,6,0.0,0.0001
0.20000000298023224,0.91,0.95,0.07999999821186066,0.28999999165534973,0.19765474035953864,61.668278992176056,0.3499999940395355,0.73,0.87,0.23999999463558197,0.49000000953674316,0.85,0.87,0.89,0.91,0.92,0.93,0.94,0.95,0.96,0.97,0.97,0.97,0.98,0.98,0.98,0.98,0.99,0.99,0.99,0.98,0.3515170860690431,110.02484793961048,1711768260,,False,50,f018f65e,2024-03-30_04-11-00,202.75711798667908,11076.235244989395,10740,AT-MB-PC-EOS,127.0.0.1,11076.235244989395,50,128,6,0.0,0.0001
0.1899999976158142,0.91,0.96,0.07999999821186066,0.2800000011920929,0.19301527972595814,60.22076727449894,0.3499999940395355,0.74,0.88,0.23999999463558197,0.49000000953674316,0.86,0.88,0.9,0.92,0.93,0.94,0.95,0.96,0.96,0.97,0.97,0.97,0.98,0.98,0.98,0.99,0.99,0.99,0.99,0.99,0.34841966210081937,109.05535423755646,1711768465,,False,51,f018f65e,2024-03-30_04-14-25,204.44391775131226,11280.679162740707,10740,AT-MB-PC-EOS,127.0.0.1,11280.679162740707,51,128,6,0.0,0.0001
0.1899999976158142,0.91,0.96,0.07000000029802322,0.27000001072883606,0.18757551521635973,58.523560747504234,0.3499999940395355,0.73,0.88,0.23999999463558197,0.49000000953674316,0.86,0.88,0.9,0.91,0.92,0.94,0.95,0.96,0.96,0.97,0.97,0.98,0.98,0.98,0.98,0.99,0.98,0.99,0.99,0.99,0.35246732811958265,110.32227370142937,1711768666,,False,52,f018f65e,2024-03-30_04-17-46,201.61451268196106,11482.293675422668,10740,AT-MB-PC-EOS,127.0.0.1,11482.293675422668,52,128,6,0.0,0.0001
0.1899999976158142,0.92,0.96,0.07000000029802322,0.27000001072883606,0.18543182055537516,57.854728013277054,0.3499999940395355,0.74,0.88,0.23999999463558197,0.49000000953674316,0.85,0.87,0.89,0.9,0.92,0.93,0.94,0.95,0.96,0.97,0.97,0.98,0.98,0.99,0.99,0.99,0.99,0.99,0.99,0.99,0.34670584060894416,108.51892811059952,1711768869,,False,53,f018f65e,2024-03-30_04-21-09,203.28920817375183,11685.58288359642,10740,AT-MB-PC-EOS,127.0.0.1,11685.58288359642,53,128,6,0.0,0.0001
0.18000000715255737,0.92,0.96,0.07000000029802322,0.27000001072883606,0.18145478263688394,56.61389218270779,0.3499999940395355,0.74,0.88,0.23999999463558197,0.49000000953674316,0.86,0.88,0.9,0.91,0.93,0.94,0.95,0.96,0.96,0.97,0.97,0.97,0.98,0.98,0.98,0.99,0.99,0.99,0.99,0.99,0.3481219338056759,108.96216528117657,1711769076,,False,54,f018f65e,2024-03-30_04-24-36,206.39974999427795,11891.982633590698,10740,AT-MB-PC-EOS,127.0.0.1,11891.982633590698,54,128,6,0.0,0.0001
0.18000000715255737,0.92,0.96,0.07000000029802322,0.25999999046325684,0.17581832115180218,54.85531619936228,0.36000001430511475,0.73,0.88,0.25,0.5,0.86,0.88,0.9,0.91,0.93,0.94,0.95,0.96,0.97,0.97,0.98,0.98,0.98,0.98,0.99,0.99,0.99,0.99,0.99,0.99,0.3580377655573927,112.06582061946392,1711769277,,False,55,f018f65e,2024-03-30_04-27-57,201.55251502990723,12093.535148620605,10740,AT-MB-PC-EOS,127.0.0.1,12093.535148620605,55,128,6,0.0,0.0001
0.18000000715255737,0.92,0.96,0.07000000029802322,0.25999999046325684,0.17517832728723684,54.6556381136179,0.3400000035762787,0.75,0.88,0.23000000417232513,0.47999998927116394,0.87,0.89,0.9,0.92,0.93,0.95,0.96,0.96,0.97,0.97,0.98,0.98,0.98,0.99,0.98,0.99,0.99,0.99,0.99,0.99,0.3417835630262241,106.97825522720814,1711769480,,False,56,f018f65e,2024-03-30_04-31-20,202.73222184181213,12296.267370462418,10740,AT-MB-PC-EOS,127.0.0.1,12296.267370462418,56,128,6,0.0,0.0001
0.17000000178813934,0.93,0.97,0.05999999865889549,0.25,0.17007272112636995,53.06268899142742,0.3499999940395355,0.74,0.88,0.23999999463558197,0.49000000953674316,0.85,0.87,0.89,0.91,0.92,0.93,0.94,0.95,0.96,0.96,0.96,0.97,0.97,0.98,0.98,0.98,0.99,0.99,0.99,0.99,0.34656938581992264,108.47621776163578,1711769684,,False,57,f018f65e,2024-03-30_04-34-44,203.85756850242615,12500.124938964844,10740,AT-MB-PC-EOS,127.0.0.1,12500.124938964844,57,128,6,0.0,0.0001
0.1599999964237213,0.93,0.97,0.05999999865889549,0.23999999463558197,0.16477160174877215,51.40873974561691,0.3499999940395355,0.74,0.88,0.23999999463558197,0.49000000953674316,0.86,0.88,0.9,0.92,0.93,0.94,0.95,0.95,0.96,0.97,0.97,0.98,0.98,0.98,0.98,0.99,0.99,0.99,0.99,0.99,0.3493076796158434,109.33330371975899,1711769887,,False,58,f018f65e,2024-03-30_04-38-07,203.36580109596252,12703.490740060806,10740,AT-MB-PC-EOS,127.0.0.1,12703.490740060806,58,128,6,0.0,0.0001
0.1599999964237213,0.93,0.97,0.05999999865889549,0.23999999463558197,0.1638801396609499,51.130603574216366,0.3499999940395355,0.75,0.88,0.23000000417232513,0.47999998927116394,0.86,0.88,0.9,0.91,0.93,0.94,0.95,0.96,0.96,0.97,0.97,0.98,0.98,0.98,0.98,0.98,0.99,0.99,0.99,0.99,0.34650892471543515,108.4572934359312,1711770092,,False,59,f018f65e,2024-03-30_04-41-32,204.44499015808105,12907.935730218887,10740,AT-MB-PC-EOS,127.0.0.1,12907.935730218887,59,128,6,0.0,0.0001
0.1599999964237213,0.93,0.97,0.05999999865889549,0.23999999463558197,0.16145756902794042,50.374761536717415,0.3400000035762787,0.75,0.88,0.23000000417232513,0.47999998927116394,0.87,0.89,0.91,0.92,0.94,0.95,0.95,0.96,0.97,0.97,0.98,0.98,0.98,0.99,0.99,0.99,0.99,0.99,0.99,0.99,0.33807441573173475,105.81729212403297,1711770296,,False,60,f018f65e,2024-03-30_04-44-56,203.81198501586914,13111.747715234756,10740,AT-MB-PC-EOS,127.0.0.1,13111.747715234756,60,128,6,0.0,0.0001
0.1599999964237213,0.94,0.97,0.05000000074505806,0.23000000417232513,0.15683089829503727,48.931240268051624,0.3400000035762787,0.75,0.88,0.23000000417232513,0.47999998927116394,0.86,0.88,0.9,0.92,0.93,0.94,0.95,0.96,0.96,0.97,0.97,0.98,0.98,0.98,0.98,0.98,0.98,0.99,0.99,0.99,0.3409777778310898,106.7260444611311,1711770498,,False,61,f018f65e,2024-03-30_04-48-18,202.57947063446045,13314.327185869217,10740,AT-MB-PC-EOS,127.0.0.1,13314.327185869217,61,128,6,0.0,0.0001
0.15000000596046448,0.94,0.97,0.05000000074505806,0.23000000417232513,0.15183022279196826,47.37102951109409,0.3499999940395355,0.74,0.88,0.23999999463558197,0.49000000953674316,0.87,0.88,0.91,0.92,0.93,0.94,0.95,0.96,0.97,0.97,0.98,0.98,0.98,0.98,0.99,0.99,0.99,0.99,0.99,0.99,0.34984649189364037,109.50195196270943,1711770652,,False,62,f018f65e,2024-03-30_04-50-52,153.71384978294373,13468.04103565216,10740,AT-MB-PC-EOS,127.0.0.1,13468.04103565216,62,128,6,0.0,0.0001
0.15000000596046448,0.94,0.97,0.05000000074505806,0.2199999988079071,0.14954015899163026,46.65652960538864,0.3400000035762787,0.75,0.88,0.23000000417232513,0.47999998927116394,0.86,0.88,0.9,0.91,0.92,0.94,0.95,0.96,0.96,0.96,0.97,0.97,0.98,0.98,0.98,0.98,0.99,0.98,0.99,0.99,0.3410700129243893,106.75491404533386,1711770808,,False,63,f018f65e,2024-03-30_04-53-28,156.24921989440918,13624.29025554657,10740,AT-MB-PC-EOS,127.0.0.1,13624.29025554657,63,128,6,0.0,0.0001
0.15000000596046448,0.94,0.97,0.05000000074505806,0.2199999988079071,0.14820300035465223,46.23933611065149,0.3499999940395355,0.74,0.88,0.23999999463558197,0.49000000953674316,0.86,0.88,0.9,0.91,0.93,0.94,0.95,0.96,0.96,0.97,0.97,0.98,0.98,0.99,0.99,0.99,0.99,0.99,0.99,0.99,0.3451726081462714,108.03902634978294,1711770963,,False,64,f018f65e,2024-03-30_04-56-03,154.66082048416138,13778.951076030731,10740,AT-MB-PC-EOS,127.0.0.1,13778.951076030731,64,128,6,0.0,0.0001
0.14000000059604645,0.95,0.97,0.05000000074505806,0.2199999988079071,0.14392044648337057,44.90317930281162,0.3400000035762787,0.75,0.88,0.23000000417232513,0.47999998927116394,0.85,0.87,0.89,0.9,0.92,0.93,0.94,0.95,0.96,0.96,0.97,0.97,0.98,0.98,0.98,0.98,0.98,0.98,0.98,0.98,0.3412882995586426,106.82323776185513,1711771117,,False,65,f018f65e,2024-03-30_04-58-37,154.29267573356628,13933.243751764297,10740,AT-MB-PC-EOS,127.0.0.1,13933.243751764297,65,128,6,0.0,0.0001
0.14000000059604645,0.95,0.97,0.05000000074505806,0.20999999344348907,0.14255518853091276,44.47721882164478,0.3400000035762787,0.75,0.88,0.23000000417232513,0.47999998927116394,0.86,0.88,0.9,0.92,0.93,0.94,0.95,0.96,0.96,0.97,0.97,0.98,0.98,0.98,0.98,0.98,0.98,0.99,0.99,0.99,0.3418408997428303,106.99620161950588,1711771272,,False,66,f018f65e,2024-03-30_05-01-12,154.3600561618805,14087.603807926178,10740,AT-MB-PC-EOS,127.0.0.1,14087.603807926178,66,128,6,0.0,0.0001
0.14000000059604645,0.95,0.98,0.03999999910593033,0.20999999344348907,0.13992789858140242,43.657504357397556,0.3400000035762787,0.75,0.88,0.23000000417232513,0.47999998927116394,0.87,0.89,0.9,0.92,0.93,0.94,0.95,0.96,0.97,0.97,0.98,0.98,0.98,0.99,0.99,0.99,0.99,0.99,0.99,0.99,0.3425785278359922,107.22707921266556,1711771427,,False,67,f018f65e,2024-03-30_05-03-47,155.04586672782898,14242.649674654007,10740,AT-MB-PC-EOS,127.0.0.1,14242.649674654007,67,128,6,0.0,0.0001
0.14000000059604645,0.95,0.98,0.03999999910593033,0.20999999344348907,0.13771728648302647,42.96779338270426,0.3400000035762787,0.75,0.88,0.23000000417232513,0.47999998927116394,0.86,0.88,0.89,0.91,0.92,0.94,0.95,0.95,0.96,0.97,0.98,0.98,0.98,0.98,0.99,0.99,0.99,0.99,0.99,0.99,0.3397593900513725,106.3446890860796,1711771581,,False,68,f018f65e,2024-03-30_05-06-21,154.48048901557922,14397.130163669586,10740,AT-MB-PC-EOS,127.0.0.1,14397.130163669586,68,128,6,0.0,0.0001
0.12999999523162842,0.95,0.98,0.03999999910593033,0.20000000298023224,0.13342594109380093,41.62889362126589,0.3400000035762787,0.75,0.88,0.23000000417232513,0.47999998927116394,0.85,0.88,0.89,0.91,0.93,0.94,0.95,0.96,0.96,0.97,0.97,0.98,0.98,0.98,0.98,0.98,0.98,0.98,0.98,0.99,0.339155490739277,106.1556686013937,1711771738,,False,69,f018f65e,2024-03-30_05-08-58,157.01178431510925,14554.141947984695,10740,AT-MB-PC-EOS,127.0.0.1,14554.141947984695,69,128,6,0.0,0.0001
0.12999999523162842,0.95,0.98,0.03999999910593033,0.20000000298023224,0.12943068820123488,40.382374718785286,0.3400000035762787,0.75,0.88,0.23000000417232513,0.47999998927116394,0.86,0.88,0.9,0.92,0.94,0.94,0.95,0.96,0.96,0.97,0.97,0.98,0.98,0.98,0.99,0.99,0.99,0.99,0.99,0.99,0.338657003050795,105.99964195489883,1711771892,,False,70,f018f65e,2024-03-30_05-11-32,153.9391279220581,14708.081075906754,10740,AT-MB-PC-EOS,127.0.0.1,14708.081075906754,70,128,6,0.0,0.0001
0.12999999523162842,0.96,0.98,0.03999999910593033,0.20000000298023224,0.12844522763043642,40.07491102069616,0.3400000035762787,0.75,0.88,0.23000000417232513,0.47999998927116394,0.86,0.88,0.9,0.91,0.93,0.94,0.94,0.95,0.96,0.97,0.97,0.98,0.98,0.99,0.99,0.99,0.99,0.99,0.99,0.99,0.33786823022098966,105.75275605916977,1711772046,,False,71,f018f65e,2024-03-30_05-14-06,153.8036937713623,14861.884769678116,10740,AT-MB-PC-EOS,127.0.0.1,14861.884769678116,71,128,6,0.0,0.0001
0.12999999523162842,0.96,0.98,0.03999999910593033,0.20000000298023224,0.12738782960252884,39.745002835989,0.3400000035762787,0.74,0.88,0.23000000417232513,0.47999998927116394,0.87,0.89,0.9,0.92,0.93,0.94,0.95,0.96,0.96,0.97,0.97,0.98,0.98,0.98,0.98,0.98,0.99,0.99,0.99,0.99,0.33986998370851573,106.37930490076542,1711772200,,False,72,f018f65e,2024-03-30_05-16-40,153.9389317035675,15015.823701381683,10740,AT-MB-PC-EOS,127.0.0.1,15015.823701381683,72,128,6,0.0,0.0001
0.12999999523162842,0.96,0.98,0.03999999910593033,0.1899999976158142,0.12503319140523672,39.01035571843386,0.3400000035762787,0.75,0.88,0.23000000417232513,0.47999998927116394,0.86,0.88,0.9,0.92,0.93,0.94,0.95,0.96,0.96,0.97,0.97,0.98,0.98,0.98,0.98,0.98,0.99,0.99,0.99,0.99,0.34091989381816057,106.70792676508427,1711772354,,False,73,f018f65e,2024-03-30_05-19-14,154.31809616088867,15170.141797542572,10740,AT-MB-PC-EOS,127.0.0.1,15170.141797542572,73,128,6,0.0,0.0001
0.11999999731779099,0.96,0.98,0.03999999910593033,0.1899999976158142,0.12157856539273873,37.932512402534485,0.3400000035762787,0.75,0.88,0.23000000417232513,0.47999998927116394,0.86,0.88,0.9,0.91,0.93,0.94,0.95,0.95,0.96,0.96,0.97,0.97,0.98,0.98,0.98,0.98,0.98,0.99,0.99,0.99,0.34375589695601416,107.59559574723244,1711772509,,False,74,f018f65e,2024-03-30_05-21-49,154.6676595211029,15324.809457063675,10740,AT-MB-PC-EOS,127.0.0.1,15324.809457063675,74,128,6,0.0,0.0001
0.11999999731779099,0.96,0.98,0.029999999329447746,0.18000000715255737,0.1174995157485589,36.65984891355038,0.3400000035762787,0.75,0.88,0.23000000417232513,0.47999998927116394,0.87,0.88,0.9,0.92,0.93,0.94,0.95,0.96,0.96,0.97,0.97,0.97,0.98,0.98,0.98,0.98,0.98,0.99,0.99,0.99,0.3407983030564488,106.66986885666847,1711772663,,False,75,f018f65e,2024-03-30_05-24-23,154.259831905365,15479.06928896904,10740,AT-MB-PC-EOS,127.0.0.1,15479.06928896904,75,128,6,0.0,0.0001
0.11999999731779099,0.96,0.98,0.029999999329447746,0.1899999976158142,0.11856337357312441,36.991772554814816,0.3400000035762787,0.75,0.88,0.23000000417232513,0.47999998927116394,0.87,0.88,0.9,0.91,0.93,0.94,0.95,0.96,0.97,0.97,0.98,0.98,0.98,0.98,0.98,0.98,0.98,0.99,0.99,0.99,0.33790016555176755,105.76275181770325,1711772817,,False,76,f018f65e,2024-03-30_05-26-57,153.78793382644653,15632.857222795486,10740,AT-MB-PC-EOS,127.0.0.1,15632.857222795486,76,128,6,0.0,0.0001
0.11999999731779099,0.96,0.98,0.029999999329447746,0.18000000715255737,0.1168031109831272,36.44257062673569,0.3400000035762787,0.75,0.88,0.23000000417232513,0.47999998927116394,0.87,0.89,0.9,0.92,0.93,0.94,0.95,0.96,0.97,0.97,0.98,0.98,0.98,0.98,0.98,0.98,0.99,0.99,0.99,0.98,0.3392592730423132,106.18815246224403,1711772971,,False,77,f018f65e,2024-03-30_05-29-31,154.3138279914856,15787.171050786972,10740,AT-MB-PC-EOS,127.0.0.1,15787.171050786972,77,128,6,0.0,0.0001
0.10999999940395355,0.96,0.98,0.029999999329447746,0.18000000715255737,0.11281264924372618,35.19754656404257,0.3400000035762787,0.75,0.88,0.23000000417232513,0.47999998927116394,0.86,0.88,0.9,0.91,0.93,0.94,0.95,0.95,0.96,0.96,0.97,0.98,0.98,0.98,0.99,0.99,0.99,0.99,0.99,0.99,0.3414308710124927,106.86786262691021,1711773125,,False,78,f018f65e,2024-03-30_05-32-05,153.58752727508545,15940.758578062057,10740,AT-MB-PC-EOS,127.0.0.1,15940.758578062057,78,128,6,0.0,0.0001
0.10999999940395355,0.96,0.98,0.029999999329447746,0.18000000715255737,0.11313691405722728,35.29871718585491,0.3400000035762787,0.75,0.88,0.23000000417232513,0.47999998927116394,0.86,0.88,0.9,0.91,0.92,0.94,0.95,0.96,0.96,0.96,0.97,0.97,0.98,0.98,0.98,0.98,0.98,0.98,0.99,0.98,0.3392918215582546,106.19834014773369,1711773279,,False,79,f018f65e,2024-03-30_05-34-39,154.08613514900208,16094.84471321106,10740,AT-MB-PC-EOS,127.0.0.1,16094.84471321106,79,128,6,0.0,0.0001
0.10999999940395355,0.96,0.98,0.029999999329447746,0.18000000715255737,0.11109147927699944,34.66054153442383,0.3400000035762787,0.75,0.88,0.23000000417232513,0.47999998927116394,0.87,0.89,0.91,0.92,0.93,0.95,0.96,0.97,0.97,0.97,0.98,0.98,0.98,0.98,0.99,0.99,0.99,0.99,0.99,0.99,0.3398028199855512,106.35828265547752,1711773433,,False,80,f018f65e,2024-03-30_05-37-13,154.38465571403503,16249.229368925095,10740,AT-MB-PC-EOS,127.0.0.1,16249.229368925095,80,128,6,0.0,0.0001
0.10999999940395355,0.96,0.98,0.029999999329447746,0.17000000178813934,0.10926702790535413,34.09131270647049,0.3400000035762787,0.75,0.88,0.23000000417232513,0.47999998927116394,0.87,0.89,0.91,0.92,0.93,0.94,0.95,0.96,0.97,0.97,0.98,0.98,0.98,0.98,0.99,0.99,0.99,0.99,0.99,0.99,0.34127546094667416,106.81921927630901,1711773587,,False,81,f018f65e,2024-03-30_05-39-47,154.0558934211731,16403.285262346268,10740,AT-MB-PC-EOS,127.0.0.1,16403.285262346268,81,128,6,0.0,0.0001
0.10999999940395355,0.97,0.98,0.029999999329447746,0.17000000178813934,0.10585014357303198,33.025244794785976,0.3400000035762787,0.75,0.88,0.23000000417232513,0.47999998927116394,0.86,0.88,0.9,0.91,0.93,0.94,0.95,0.96,0.97,0.97,0.97,0.98,0.98,0.98,0.98,0.99,0.99,0.99,0.99,0.99,0.33923837075979946,106.18161004781723,1711773697,,False,82,f018f65e,2024-03-30_05-41-37,109.89348673820496,16513.178749084473,10740,AT-MB-PC-EOS,127.0.0.1,16513.178749084473,82,128,6,0.0,0.0001
0.10999999940395355,0.97,0.98,0.029999999329447746,0.17000000178813934,0.10596109849090378,33.05986272916198,0.3400000035762787,0.75,0.88,0.23000000417232513,0.47999998927116394,0.86,0.88,0.9,0.91,0.93,0.94,0.95,0.96,0.96,0.97,0.97,0.98,0.98,0.98,0.98,0.98,0.98,0.99,0.99,0.99,0.3400467968882082,106.43464742600918,1711773807,,False,83,f018f65e,2024-03-30_05-43-27,109.81177282333374,16622.990521907806,10740,AT-MB-PC-EOS,127.0.0.1,16622.990521907806,83,128,6,0.0,0.0001
0.10000000149011612,0.97,0.98,0.029999999329447746,0.17000000178813934,0.10487959882578789,32.72243483364582,0.3400000035762787,0.75,0.88,0.23000000417232513,0.47999998927116394,0.86,0.88,0.89,0.91,0.93,0.94,0.95,0.96,0.97,0.97,0.97,0.98,0.98,0.99,0.99,0.99,0.99,0.99,0.99,0.99,0.3390808812440775,106.13231582939625,1711773917,,False,84,f018f65e,2024-03-30_05-45-17,109.6471643447876,16732.637686252594,10740,AT-MB-PC-EOS,127.0.0.1,16732.637686252594,84,128,6,0.0,0.0001
0.10000000149011612,0.97,0.98,0.029999999329447746,0.17000000178813934,0.10439742284898575,32.57199592888355,0.3400000035762787,0.75,0.88,0.23000000417232513,0.47999998927116394,0.86,0.89,0.9,0.92,0.93,0.94,0.95,0.96,0.96,0.97,0.97,0.97,0.98,0.98,0.98,0.99,0.99,0.99,0.99,0.99,0.34066414742614515,106.62787814438343,1711774027,,False,85,f018f65e,2024-03-30_05-47-07,109.79905343055725,16842.43673968315,10740,AT-MB-PC-EOS,127.0.0.1,16842.43673968315,85,128,6,0.0,0.0001
0.10000000149011612,0.97,0.98,0.029999999329447746,0.17000000178813934,0.10412540942287216,32.48712773993611,0.3400000035762787,0.75,0.88,0.23000000417232513,0.47999998927116394,0.86,0.88,0.9,0.92,0.93,0.94,0.95,0.96,0.97,0.97,0.97,0.98,0.98,0.98,0.99,0.99,0.99,0.99,1.0,1.0,0.3381335721038782,105.83580806851387,1711774136,,False,86,f018f65e,2024-03-30_05-48-56,109.74356007575989,16952.18029975891,10740,AT-MB-PC-EOS,127.0.0.1,16952.18029975891,86,128,6,0.0,0.0001
0.10000000149011612,0.97,0.99,0.029999999329447746,0.17000000178813934,0.1019783857015845,31.817256338894367,0.3400000035762787,0.75,0.88,0.23000000417232513,0.47999998927116394,0.86,0.88,0.9,0.91,0.92,0.94,0.95,0.96,0.96,0.97,0.98,0.98,0.98,0.98,0.98,0.98,0.99,0.98,0.99,0.99,0.3405704333092839,106.59854562580585,1711774246,,False,87,f018f65e,2024-03-30_05-50-46,109.93799448013306,17062.118294239044,10740,AT-MB-PC-EOS,127.0.0.1,17062.118294239044,87,128,6,0.0,0.0001
0.10000000149011612,0.97,0.99,0.029999999329447746,0.17000000178813934,0.10145424001921828,31.653722885996103,0.3400000035762787,0.75,0.88,0.23000000417232513,0.47999998927116394,0.86,0.88,0.9,0.92,0.93,0.94,0.95,0.96,0.96,0.97,0.97,0.97,0.98,0.98,0.98,0.99,0.99,0.99,0.99,0.99,0.3382438186544199,105.87031523883343,1711774356,,False,88,f018f65e,2024-03-30_05-52-36,109.69384813308716,17171.81214237213,10740,AT-MB-PC-EOS,127.0.0.1,17171.81214237213,88,128,6,0.0,0.0001
0.10000000149011612,0.97,0.99,0.029999999329447746,0.17000000178813934,0.09919954915172778,30.95025933533907,0.3400000035762787,0.75,0.88,0.23000000417232513,0.47999998927116394,0.86,0.88,0.91,0.92,0.93,0.94,0.95,0.96,0.96,0.97,0.97,0.98,0.98,0.98,0.98,0.98,0.99,0.99,0.99,0.99,0.33833036988307114,105.89740577340126,1711774466,,False,89,f018f65e,2024-03-30_05-54-26,109.62590503692627,17281.438047409058,10740,AT-MB-PC-EOS,127.0.0.1,17281.438047409058,89,128,6,0.0,0.0001
0.10000000149011612,0.97,0.99,0.029999999329447746,0.1599999964237213,0.09965685487557681,31.092938721179962,0.3400000035762787,0.75,0.88,0.23000000417232513,0.47999998927116394,0.86,0.88,0.9,0.92,0.93,0.94,0.95,0.96,0.96,0.97,0.97,0.98,0.98,0.98,0.98,0.99,0.98,0.99,0.99,0.99,0.3405590406812418,106.59497973322868,1711774575,,False,90,f018f65e,2024-03-30_05-56-15,109.38756585121155,17390.82561326027,10740,AT-MB-PC-EOS,127.0.0.1,17390.82561326027,90,128,6,0.0,0.0001
0.10000000149011612,0.97,0.99,0.029999999329447746,0.1599999964237213,0.09824479889506713,30.652377255260944,0.3400000035762787,0.75,0.88,0.23000000417232513,0.47999998927116394,0.87,0.89,0.91,0.92,0.94,0.95,0.95,0.96,0.97,0.97,0.98,0.98,0.99,0.99,0.99,0.99,0.99,0.99,0.99,0.99,0.3379234968663785,105.77005451917648,1711774685,,False,91,f018f65e,2024-03-30_05-58-05,109.59611463546753,17500.421727895737,10740,AT-MB-PC-EOS,127.0.0.1,17500.421727895737,91,128,6,0.0,0.0001
0.10000000149011612,0.97,0.99,0.029999999329447746,0.1599999964237213,0.09814508845552038,30.62126759812236,0.3400000035762787,0.75,0.88,0.23000000417232513,0.47999998927116394,0.86,0.88,0.9,0.91,0.93,0.94,0.94,0.95,0.96,0.96,0.97,0.97,0.98,0.98,0.98,0.99,0.99,0.99,0.99,0.99,0.33949191749286345,106.26097017526627,1711774794,,False,92,f018f65e,2024-03-30_05-59-54,109.59253740310669,17610.014265298843,10740,AT-MB-PC-EOS,127.0.0.1,17610.014265298843,92,128,6,0.0,0.0001
0.10000000149011612,0.97,0.99,0.029999999329447746,0.1599999964237213,0.09692152180016422,30.23951480165124,0.3400000035762787,0.75,0.88,0.23000000417232513,0.47999998927116394,0.87,0.89,0.9,0.92,0.93,0.94,0.95,0.96,0.97,0.97,0.98,0.98,0.98,0.99,0.99,0.99,0.99,0.99,0.99,0.99,0.3393322235098281,106.2109859585762,1711774904,,False,93,f018f65e,2024-03-30_06-01-44,109.91998624801636,17719.93425154686,10740,AT-MB-PC-EOS,127.0.0.1,17719.93425154686,93,128,6,0.0,0.0001
0.10000000149011612,0.97,0.99,0.029999999329447746,0.1599999964237213,0.0973021404292339,30.358267813920975,0.3400000035762787,0.75,0.88,0.23000000417232513,0.47999998927116394,0.87,0.89,0.9,0.92,0.93,0.94,0.95,0.96,0.97,0.97,0.98,0.98,0.99,0.99,0.99,1.0,0.99,1.0,1.0,1.0,0.3387567879864202,106.03087463974953,1711775014,,False,94,f018f65e,2024-03-30_06-03-34,109.65966653823853,17829.5939180851,10740,AT-MB-PC-EOS,127.0.0.1,17829.5939180851,94,128,6,0.0,0.0001
0.10000000149011612,0.97,0.99,0.029999999329447746,0.1599999964237213,0.09609863350693232,29.982773654162884,0.3400000035762787,0.75,0.88,0.23000000417232513,0.47999998927116394,0.87,0.88,0.9,0.92,0.93,0.94,0.95,0.95,0.96,0.97,0.98,0.98,0.98,0.98,0.99,0.99,0.99,0.99,0.99,0.99,0.33879653528665965,106.04331554472446,1711775123,,False,95,f018f65e,2024-03-30_06-05-23,109.65078783035278,17939.24470591545,10740,AT-MB-PC-EOS,127.0.0.1,17939.24470591545,95,128,6,0.0,0.0001
0.10000000149011612,0.97,0.99,0.029999999329447746,0.1599999964237213,0.09590045594347593,29.92094225436449,0.3400000035762787,0.75,0.88,0.23000000417232513,0.47999998927116394,0.87,0.88,0.9,0.92,0.93,0.94,0.95,0.96,0.96,0.97,0.97,0.97,0.98,0.98,0.98,0.98,0.98,0.99,0.99,0.99,0.3390939026214063,106.13639152050018,1711775233,,False,96,f018f65e,2024-03-30_06-07-13,109.7017092704773,18048.94641518593,10740,AT-MB-PC-EOS,127.0.0.1,18048.94641518593,96,128,6,0.0,0.0001
0.10000000149011612,0.97,0.99,0.029999999329447746,0.1599999964237213,0.09600815745309377,29.954545125365257,0.3400000035762787,0.75,0.88,0.23000000417232513,0.47999998927116394,0.86,0.88,0.9,0.91,0.93,0.94,0.95,0.96,0.97,0.97,0.98,0.98,0.98,0.98,0.98,0.98,0.99,0.99,0.99,0.99,0.3384305107326934,105.92874985933304,1711775343,,False,97,f018f65e,2024-03-30_06-09-03,109.49407577514648,18158.440490961075,10740,AT-MB-PC-EOS,127.0.0.1,18158.440490961075,97,128,6,0.0,0.0001
0.10000000149011612,0.97,0.99,0.029999999329447746,0.1599999964237213,0.0967425291116039,30.183669082820415,0.3400000035762787,0.75,0.88,0.23000000417232513,0.47999998927116394,0.87,0.89,0.9,0.92,0.93,0.94,0.95,0.96,0.97,0.97,0.98,0.98,0.98,0.99,0.99,0.99,0.99,0.99,0.99,0.99,0.33874806342795255,106.02814385294914,1711775452,,False,98,f018f65e,2024-03-30_06-10-52,109.70745325088501,18268.14794421196,10740,AT-MB-PC-EOS,127.0.0.1,18268.14794421196,98,128,6,0.0,0.0001
0.10000000149011612,0.97,0.99,0.029999999329447746,0.1599999964237213,0.09619813186761278,30.01381714269519,0.3400000035762787,0.75,0.88,0.23000000417232513,0.47999998927116394,0.87,0.88,0.9,0.92,0.93,0.94,0.95,0.95,0.96,0.97,0.97,0.97,0.98,0.98,0.98,0.98,0.99,0.99,0.99,0.99,0.3395454426543019,106.27772355079651,1711775562,,False,99,f018f65e,2024-03-30_06-12-42,109.73449206352234,18377.882436275482,10740,AT-MB-PC-EOS,127.0.0.1,18377.882436275482,99,128,6,0.0,0.0001
0.10000000149011612,0.97,0.99,0.029999999329447746,0.1599999964237213,0.0959582816546735,29.938983876258135,0.3400000035762787,0.75,0.88,0.23000000417232513,0.47999998927116394,0.86,0.88,0.9,0.92,0.93,0.94,0.95,0.96,0.96,0.97,0.97,0.97,0.98,0.98,0.98,0.98,0.99,0.99,0.99,0.99,0.3392337278340952,106.1801568120718,1711775672,,True,100,f018f65e,2024-03-30_06-14-32,109.85328602790833,18487.73572230339,10740,AT-MB-PC-EOS,127.0.0.1,18487.73572230339,100,128,6,0.0,0.0001
