{"train_mae": 4.829999923706055, "train_r2": -27.13, "train_spearmanr": 0.11, "train_mse": 24.40999984741211, "train_rmse": 4.940000057220459, "train_mean_loss": 4.825521719761384, "train_sum_loss": 1505.5627765655518, "val_mae": 4.579999923706055, "val_r2": -23.05, "val_spearmanr": 0.03, "val_mse": 22.06999969482422, "val_rmse": 4.699999809265137, "val_ranking_accuracy_0.1": 0.52, "val_ranking_accuracy_0.2": 0.52, "val_ranking_accuracy_0.3": 0.52, "val_ranking_accuracy_0.4": 0.52, "val_ranking_accuracy_0.5": 0.52, "val_ranking_accuracy_0.6": 0.52, "val_ranking_accuracy_0.7": 0.52, "val_ranking_accuracy_0.8": 0.52, "val_ranking_accuracy_0.9": 0.53, "val_ranking_accuracy_1.0": 0.52, "val_ranking_accuracy_1.1": 0.53, "val_ranking_accuracy_1.2": 0.52, "val_ranking_accuracy_1.3": 0.52, "val_ranking_accuracy_1.4": 0.52, "val_ranking_accuracy_1.5": 0.52, "val_ranking_accuracy_1.6": 0.51, "val_ranking_accuracy_1.7": 0.52, "val_ranking_accuracy_1.8": 0.52, "val_ranking_accuracy_1.9": 0.52, "val_ranking_accuracy_2.0": 0.52, "val_mean_loss": 4.576927811193009, "val_sum_loss": 1432.5784049034119, "timestamp": 1712661298, "checkpoint_dir_name": null, "done": false, "training_iteration": 1, "trial_id": "848ba810", "date": "2024-04-09_13-14-58", "time_this_iter_s": 1515.2457616329193, "time_total_s": 1515.2457616329193, "pid": 2228187, "hostname": "jyn", "node_ip": "131.130.125.89", "config": {"model": {"hidden_dimension": 256, "modules": {"1": {"times": 10, "parameter": {"dropout": 0.2}}}}, "optimizer": {"base_learning_rate": 1e-05}}, "time_since_restore": 1515.2457616329193, "iterations_since_restore": 1}
{"train_mae": 3.549999952316284, "train_r2": -16.27, "train_spearmanr": 0.01, "train_mse": 14.979999542236328, "train_rmse": 3.869999885559082, "train_mean_loss": 3.552551099887261, "train_sum_loss": 1108.3959431648254, "val_mae": 2.2200000286102295, "val_r2": -6.95, "val_spearmanr": 0.01, "val_mse": 7.289999961853027, "val_rmse": 2.700000047683716, "val_ranking_accuracy_0.1": 0.5, "val_ranking_accuracy_0.2": 0.5, "val_ranking_accuracy_0.3": 0.5, "val_ranking_accuracy_0.4": 0.5, "val_ranking_accuracy_0.5": 0.5, "val_ranking_accuracy_0.6": 0.5, "val_ranking_accuracy_0.7": 0.5, "val_ranking_accuracy_0.8": 0.51, "val_ranking_accuracy_0.9": 0.51, "val_ranking_accuracy_1.0": 0.51, "val_ranking_accuracy_1.1": 0.52, "val_ranking_accuracy_1.2": 0.51, "val_ranking_accuracy_1.3": 0.51, "val_ranking_accuracy_1.4": 0.51, "val_ranking_accuracy_1.5": 0.5, "val_ranking_accuracy_1.6": 0.5, "val_ranking_accuracy_1.7": 0.51, "val_ranking_accuracy_1.8": 0.5, "val_ranking_accuracy_1.9": 0.49, "val_ranking_accuracy_2.0": 0.49, "val_mean_loss": 2.2238651068446735, "val_sum_loss": 696.0697784423828, "timestamp": 1712662629, "checkpoint_dir_name": null, "done": false, "training_iteration": 2, "trial_id": "848ba810", "date": "2024-04-09_13-37-09", "time_this_iter_s": 1331.2027840614319, "time_total_s": 2846.448545694351, "pid": 2228187, "hostname": "jyn", "node_ip": "131.130.125.89", "config": {"model": {"hidden_dimension": 256, "modules": {"1": {"times": 10, "parameter": {"dropout": 0.2}}}}, "optimizer": {"base_learning_rate": 1e-05}}, "time_since_restore": 2846.448545694351, "iterations_since_restore": 2}
{"train_mae": 1.8200000524520874, "train_r2": -5.15, "train_spearmanr": 0.2, "train_mse": 5.320000171661377, "train_rmse": 2.309999942779541, "train_mean_loss": 1.8184478867512484, "train_sum_loss": 567.3557406663895, "val_mae": 1.4600000381469727, "val_r2": -3.36, "val_spearmanr": 0.33, "val_mse": 4.010000228881836, "val_rmse": 2.0, "val_ranking_accuracy_0.1": 0.63, "val_ranking_accuracy_0.2": 0.63, "val_ranking_accuracy_0.3": 0.65, "val_ranking_accuracy_0.4": 0.65, "val_ranking_accuracy_0.5": 0.66, "val_ranking_accuracy_0.6": 0.67, "val_ranking_accuracy_0.7": 0.67, "val_ranking_accuracy_0.8": 0.68, "val_ranking_accuracy_0.9": 0.68, "val_ranking_accuracy_1.0": 0.69, "val_ranking_accuracy_1.1": 0.7, "val_ranking_accuracy_1.2": 0.71, "val_ranking_accuracy_1.3": 0.71, "val_ranking_accuracy_1.4": 0.73, "val_ranking_accuracy_1.5": 0.73, "val_ranking_accuracy_1.6": 0.74, "val_ranking_accuracy_1.7": 0.74, "val_ranking_accuracy_1.8": 0.74, "val_ranking_accuracy_1.9": 0.74, "val_ranking_accuracy_2.0": 0.73, "val_mean_loss": 1.459358800333529, "val_sum_loss": 456.77930450439453, "timestamp": 1712663910, "checkpoint_dir_name": null, "done": false, "training_iteration": 3, "trial_id": "848ba810", "date": "2024-04-09_13-58-30", "time_this_iter_s": 1281.0257608890533, "time_total_s": 4127.4743065834045, "pid": 2228187, "hostname": "jyn", "node_ip": "131.130.125.89", "config": {"model": {"hidden_dimension": 256, "modules": {"1": {"times": 10, "parameter": {"dropout": 0.2}}}}, "optimizer": {"base_learning_rate": 1e-05}}, "time_since_restore": 4127.4743065834045, "iterations_since_restore": 3}
{"train_mae": 1.3700000047683716, "train_r2": -2.77, "train_spearmanr": 0.32, "train_mse": 3.2699999809265137, "train_rmse": 1.809999942779541, "train_mean_loss": 1.3700715761918287, "train_sum_loss": 427.4623317718506, "val_mae": 1.2100000381469727, "val_r2": -1.84, "val_spearmanr": 0.39, "val_mse": 2.5999999046325684, "val_rmse": 1.6100000143051147, "val_ranking_accuracy_0.1": 0.64, "val_ranking_accuracy_0.2": 0.64, "val_ranking_accuracy_0.3": 0.65, "val_ranking_accuracy_0.4": 0.66, "val_ranking_accuracy_0.5": 0.66, "val_ranking_accuracy_0.6": 0.68, "val_ranking_accuracy_0.7": 0.68, "val_ranking_accuracy_0.8": 0.69, "val_ranking_accuracy_0.9": 0.69, "val_ranking_accuracy_1.0": 0.7, "val_ranking_accuracy_1.1": 0.71, "val_ranking_accuracy_1.2": 0.72, "val_ranking_accuracy_1.3": 0.72, "val_ranking_accuracy_1.4": 0.72, "val_ranking_accuracy_1.5": 0.72, "val_ranking_accuracy_1.6": 0.72, "val_ranking_accuracy_1.7": 0.73, "val_ranking_accuracy_1.8": 0.73, "val_ranking_accuracy_1.9": 0.74, "val_ranking_accuracy_2.0": 0.75, "val_mean_loss": 1.2087042070806218, "val_sum_loss": 378.3244168162346, "timestamp": 1712665215, "checkpoint_dir_name": null, "done": false, "training_iteration": 4, "trial_id": "848ba810", "date": "2024-04-09_14-20-15", "time_this_iter_s": 1304.8405339717865, "time_total_s": 5432.314840555191, "pid": 2228187, "hostname": "jyn", "node_ip": "131.130.125.89", "config": {"model": {"hidden_dimension": 256, "modules": {"1": {"times": 10, "parameter": {"dropout": 0.2}}}}, "optimizer": {"base_learning_rate": 1e-05}}, "time_since_restore": 5432.314840555191, "iterations_since_restore": 4}
{"train_mae": 1.090000033378601, "train_r2": -1.41, "train_spearmanr": 0.36, "train_mse": 2.0899999141693115, "train_rmse": 1.4500000476837158, "train_mean_loss": 1.0872194537749658, "train_sum_loss": 339.2124695777893, "val_mae": 1.1799999475479126, "val_r2": -1.66, "val_spearmanr": 0.48, "val_mse": 2.440000057220459, "val_rmse": 1.559999942779541, "val_ranking_accuracy_0.1": 0.68, "val_ranking_accuracy_0.2": 0.69, "val_ranking_accuracy_0.3": 0.7, "val_ranking_accuracy_0.4": 0.71, "val_ranking_accuracy_0.5": 0.73, "val_ranking_accuracy_0.6": 0.73, "val_ranking_accuracy_0.7": 0.74, "val_ranking_accuracy_0.8": 0.75, "val_ranking_accuracy_0.9": 0.76, "val_ranking_accuracy_1.0": 0.77, "val_ranking_accuracy_1.1": 0.77, "val_ranking_accuracy_1.2": 0.78, "val_ranking_accuracy_1.3": 0.79, "val_ranking_accuracy_1.4": 0.79, "val_ranking_accuracy_1.5": 0.8, "val_ranking_accuracy_1.6": 0.8, "val_ranking_accuracy_1.7": 0.81, "val_ranking_accuracy_1.8": 0.82, "val_ranking_accuracy_1.9": 0.81, "val_ranking_accuracy_2.0": 0.8, "val_mean_loss": 1.1784490857261438, "val_sum_loss": 368.854563832283, "timestamp": 1712666547, "checkpoint_dir_name": null, "done": true, "training_iteration": 5, "trial_id": "848ba810", "date": "2024-04-09_14-42-27", "time_this_iter_s": 1331.9131157398224, "time_total_s": 6764.227956295013, "pid": 2228187, "hostname": "jyn", "node_ip": "131.130.125.89", "config": {"model": {"hidden_dimension": 256, "modules": {"1": {"times": 10, "parameter": {"dropout": 0.2}}}}, "optimizer": {"base_learning_rate": 1e-05}}, "time_since_restore": 6764.227956295013, "iterations_since_restore": 5}
