{"train_mae": 3.9800000190734863, "train_r2": -19.1, "train_spearmanr": 0.09, "train_mse": 17.440000534057617, "train_rmse": 4.179999828338623, "train_mean_loss": 3.9818299962924075, "train_sum_loss": 1242.3309588432312, "val_mae": 3.940000057220459, "val_r2": -17.72, "val_spearmanr": 0.04, "val_mse": 17.190000534057617, "val_rmse": 4.150000095367432, "val_ranking_accuracy_0.1": 0.51, "val_ranking_accuracy_0.2": 0.51, "val_ranking_accuracy_0.3": 0.51, "val_ranking_accuracy_0.4": 0.51, "val_ranking_accuracy_0.5": 0.51, "val_ranking_accuracy_0.6": 0.51, "val_ranking_accuracy_0.7": 0.52, "val_ranking_accuracy_0.8": 0.52, "val_ranking_accuracy_0.9": 0.52, "val_ranking_accuracy_1.0": 0.52, "val_ranking_accuracy_1.1": 0.52, "val_ranking_accuracy_1.2": 0.52, "val_ranking_accuracy_1.3": 0.52, "val_ranking_accuracy_1.4": 0.52, "val_ranking_accuracy_1.5": 0.52, "val_ranking_accuracy_1.6": 0.51, "val_ranking_accuracy_1.7": 0.51, "val_ranking_accuracy_1.8": 0.52, "val_ranking_accuracy_1.9": 0.51, "val_ranking_accuracy_2.0": 0.51, "val_mean_loss": 3.9362740859436913, "val_sum_loss": 1232.0537889003754, "timestamp": 1712675750, "checkpoint_dir_name": null, "done": false, "training_iteration": 1, "trial_id": "57285ad6", "date": "2024-04-09_17-15-50", "time_this_iter_s": 648.1316647529602, "time_total_s": 648.1316647529602, "pid": 2236891, "hostname": "jyn", "node_ip": "131.130.125.89", "config": {"model": {"hidden_dimension": 128, "modules": {"1": {"times": 3, "parameter": {"dropout": 0.0}}}}, "optimizer": {"base_learning_rate": 0.001}}, "time_since_restore": 648.1316647529602, "iterations_since_restore": 1}
{"train_mae": 0.9100000262260437, "train_r2": -0.83, "train_spearmanr": 0.47, "train_mse": 1.590000033378601, "train_rmse": 1.2599999904632568, "train_mean_loss": 0.9096314537410553, "train_sum_loss": 283.80501356720924, "val_mae": 0.6100000143051147, "val_r2": 0.23, "val_spearmanr": 0.67, "val_mse": 0.699999988079071, "val_rmse": 0.8399999737739563, "val_ranking_accuracy_0.1": 0.74, "val_ranking_accuracy_0.2": 0.76, "val_ranking_accuracy_0.3": 0.77, "val_ranking_accuracy_0.4": 0.79, "val_ranking_accuracy_0.5": 0.8, "val_ranking_accuracy_0.6": 0.82, "val_ranking_accuracy_0.7": 0.83, "val_ranking_accuracy_0.8": 0.84, "val_ranking_accuracy_0.9": 0.85, "val_ranking_accuracy_1.0": 0.86, "val_ranking_accuracy_1.1": 0.87, "val_ranking_accuracy_1.2": 0.87, "val_ranking_accuracy_1.3": 0.88, "val_ranking_accuracy_1.4": 0.89, "val_ranking_accuracy_1.5": 0.9, "val_ranking_accuracy_1.6": 0.9, "val_ranking_accuracy_1.7": 0.9, "val_ranking_accuracy_1.8": 0.91, "val_ranking_accuracy_1.9": 0.92, "val_ranking_accuracy_2.0": 0.92, "val_mean_loss": 0.6127109675171276, "val_sum_loss": 191.77853283286095, "timestamp": 1712676192, "checkpoint_dir_name": null, "done": false, "training_iteration": 2, "trial_id": "57285ad6", "date": "2024-04-09_17-23-12", "time_this_iter_s": 442.2512881755829, "time_total_s": 1090.382952928543, "pid": 2236891, "hostname": "jyn", "node_ip": "131.130.125.89", "config": {"model": {"hidden_dimension": 128, "modules": {"1": {"times": 3, "parameter": {"dropout": 0.0}}}}, "optimizer": {"base_learning_rate": 0.001}}, "time_since_restore": 1090.382952928543, "iterations_since_restore": 2}
{"train_mae": 0.6499999761581421, "train_r2": 0.14, "train_spearmanr": 0.62, "train_mse": 0.75, "train_rmse": 0.8700000047683716, "train_mean_loss": 0.6543203663940613, "train_sum_loss": 204.14795431494713, "val_mae": 0.6299999952316284, "val_r2": 0.22, "val_spearmanr": 0.61, "val_mse": 0.7099999785423279, "val_rmse": 0.8500000238418579, "val_ranking_accuracy_0.1": 0.73, "val_ranking_accuracy_0.2": 0.74, "val_ranking_accuracy_0.3": 0.75, "val_ranking_accuracy_0.4": 0.76, "val_ranking_accuracy_0.5": 0.77, "val_ranking_accuracy_0.6": 0.79, "val_ranking_accuracy_0.7": 0.8, "val_ranking_accuracy_0.8": 0.81, "val_ranking_accuracy_0.9": 0.82, "val_ranking_accuracy_1.0": 0.83, "val_ranking_accuracy_1.1": 0.84, "val_ranking_accuracy_1.2": 0.85, "val_ranking_accuracy_1.3": 0.86, "val_ranking_accuracy_1.4": 0.87, "val_ranking_accuracy_1.5": 0.87, "val_ranking_accuracy_1.6": 0.88, "val_ranking_accuracy_1.7": 0.88, "val_ranking_accuracy_1.8": 0.88, "val_ranking_accuracy_1.9": 0.88, "val_ranking_accuracy_2.0": 0.89, "val_mean_loss": 0.6344819577357259, "val_sum_loss": 198.5928527712822, "timestamp": 1712676630, "checkpoint_dir_name": null, "done": false, "training_iteration": 3, "trial_id": "57285ad6", "date": "2024-04-09_17-30-30", "time_this_iter_s": 438.1054689884186, "time_total_s": 1528.4884219169617, "pid": 2236891, "hostname": "jyn", "node_ip": "131.130.125.89", "config": {"model": {"hidden_dimension": 128, "modules": {"1": {"times": 3, "parameter": {"dropout": 0.0}}}}, "optimizer": {"base_learning_rate": 0.001}}, "time_since_restore": 1528.4884219169617, "iterations_since_restore": 3}
{"train_mae": 0.6299999952316284, "train_r2": 0.21, "train_spearmanr": 0.65, "train_mse": 0.6899999976158142, "train_rmse": 0.8299999833106995, "train_mean_loss": 0.6274467722918743, "train_sum_loss": 195.76339295506477, "val_mae": 0.6399999856948853, "val_r2": 0.14, "val_spearmanr": 0.6, "val_mse": 0.7900000214576721, "val_rmse": 0.8899999856948853, "val_ranking_accuracy_0.1": 0.71, "val_ranking_accuracy_0.2": 0.73, "val_ranking_accuracy_0.3": 0.74, "val_ranking_accuracy_0.4": 0.76, "val_ranking_accuracy_0.5": 0.78, "val_ranking_accuracy_0.6": 0.79, "val_ranking_accuracy_0.7": 0.8, "val_ranking_accuracy_0.8": 0.81, "val_ranking_accuracy_0.9": 0.82, "val_ranking_accuracy_1.0": 0.84, "val_ranking_accuracy_1.1": 0.84, "val_ranking_accuracy_1.2": 0.85, "val_ranking_accuracy_1.3": 0.86, "val_ranking_accuracy_1.4": 0.87, "val_ranking_accuracy_1.5": 0.88, "val_ranking_accuracy_1.6": 0.88, "val_ranking_accuracy_1.7": 0.89, "val_ranking_accuracy_1.8": 0.89, "val_ranking_accuracy_1.9": 0.9, "val_ranking_accuracy_2.0": 0.91, "val_mean_loss": 0.6441435093125596, "val_sum_loss": 201.61691841483116, "timestamp": 1712677058, "checkpoint_dir_name": null, "done": false, "training_iteration": 4, "trial_id": "57285ad6", "date": "2024-04-09_17-37-38", "time_this_iter_s": 428.50354743003845, "time_total_s": 1956.9919693470001, "pid": 2236891, "hostname": "jyn", "node_ip": "131.130.125.89", "config": {"model": {"hidden_dimension": 128, "modules": {"1": {"times": 3, "parameter": {"dropout": 0.0}}}}, "optimizer": {"base_learning_rate": 0.001}}, "time_since_restore": 1956.9919693470001, "iterations_since_restore": 4}
{"train_mae": 0.5899999737739563, "train_r2": 0.3, "train_spearmanr": 0.68, "train_mse": 0.6100000143051147, "train_rmse": 0.7799999713897705, "train_mean_loss": 0.5894436700603901, "train_sum_loss": 183.9064250588417, "val_mae": 0.47999998927116394, "val_r2": 0.51, "val_spearmanr": 0.78, "val_mse": 0.44999998807907104, "val_rmse": 0.6700000166893005, "val_ranking_accuracy_0.1": 0.79, "val_ranking_accuracy_0.2": 0.81, "val_ranking_accuracy_0.3": 0.83, "val_ranking_accuracy_0.4": 0.84, "val_ranking_accuracy_0.5": 0.86, "val_ranking_accuracy_0.6": 0.87, "val_ranking_accuracy_0.7": 0.88, "val_ranking_accuracy_0.8": 0.89, "val_ranking_accuracy_0.9": 0.9, "val_ranking_accuracy_1.0": 0.91, "val_ranking_accuracy_1.1": 0.92, "val_ranking_accuracy_1.2": 0.94, "val_ranking_accuracy_1.3": 0.94, "val_ranking_accuracy_1.4": 0.94, "val_ranking_accuracy_1.5": 0.94, "val_ranking_accuracy_1.6": 0.95, "val_ranking_accuracy_1.7": 0.95, "val_ranking_accuracy_1.8": 0.95, "val_ranking_accuracy_1.9": 0.95, "val_ranking_accuracy_2.0": 0.95, "val_mean_loss": 0.483346789980087, "val_sum_loss": 151.28754526376724, "timestamp": 1712677525, "checkpoint_dir_name": null, "done": false, "training_iteration": 5, "trial_id": "57285ad6", "date": "2024-04-09_17-45-25", "time_this_iter_s": 466.61075496673584, "time_total_s": 2423.602724313736, "pid": 2236891, "hostname": "jyn", "node_ip": "131.130.125.89", "config": {"model": {"hidden_dimension": 128, "modules": {"1": {"times": 3, "parameter": {"dropout": 0.0}}}}, "optimizer": {"base_learning_rate": 0.001}}, "time_since_restore": 2423.602724313736, "iterations_since_restore": 5}
{"train_mae": 0.550000011920929, "train_r2": 0.39, "train_spearmanr": 0.71, "train_mse": 0.5299999713897705, "train_rmse": 0.7300000190734863, "train_mean_loss": 0.5483586922861062, "train_sum_loss": 171.08791199326515, "val_mae": 0.550000011920929, "val_r2": 0.42, "val_spearmanr": 0.77, "val_mse": 0.5299999713897705, "val_rmse": 0.7300000190734863, "val_ranking_accuracy_0.1": 0.8, "val_ranking_accuracy_0.2": 0.82, "val_ranking_accuracy_0.3": 0.84, "val_ranking_accuracy_0.4": 0.85, "val_ranking_accuracy_0.5": 0.86, "val_ranking_accuracy_0.6": 0.88, "val_ranking_accuracy_0.7": 0.89, "val_ranking_accuracy_0.8": 0.9, "val_ranking_accuracy_0.9": 0.91, "val_ranking_accuracy_1.0": 0.91, "val_ranking_accuracy_1.1": 0.92, "val_ranking_accuracy_1.2": 0.93, "val_ranking_accuracy_1.3": 0.93, "val_ranking_accuracy_1.4": 0.94, "val_ranking_accuracy_1.5": 0.95, "val_ranking_accuracy_1.6": 0.95, "val_ranking_accuracy_1.7": 0.95, "val_ranking_accuracy_1.8": 0.96, "val_ranking_accuracy_1.9": 0.96, "val_ranking_accuracy_2.0": 0.96, "val_mean_loss": 0.549011302356141, "val_sum_loss": 171.84053763747215, "timestamp": 1712677931, "checkpoint_dir_name": null, "done": false, "training_iteration": 6, "trial_id": "57285ad6", "date": "2024-04-09_17-52-11", "time_this_iter_s": 406.2106988430023, "time_total_s": 2829.8134231567383, "pid": 2236891, "hostname": "jyn", "node_ip": "131.130.125.89", "config": {"model": {"hidden_dimension": 128, "modules": {"1": {"times": 3, "parameter": {"dropout": 0.0}}}}, "optimizer": {"base_learning_rate": 0.001}}, "time_since_restore": 2829.8134231567383, "iterations_since_restore": 6}
{"train_mae": 0.5299999713897705, "train_r2": 0.44, "train_spearmanr": 0.72, "train_mse": 0.49000000953674316, "train_rmse": 0.699999988079071, "train_mean_loss": 0.5302965434697958, "train_sum_loss": 165.4525215625763, "val_mae": 0.5099999904632568, "val_r2": 0.49, "val_spearmanr": 0.79, "val_mse": 0.4699999988079071, "val_rmse": 0.6800000071525574, "val_ranking_accuracy_0.1": 0.81, "val_ranking_accuracy_0.2": 0.83, "val_ranking_accuracy_0.3": 0.84, "val_ranking_accuracy_0.4": 0.86, "val_ranking_accuracy_0.5": 0.87, "val_ranking_accuracy_0.6": 0.89, "val_ranking_accuracy_0.7": 0.9, "val_ranking_accuracy_0.8": 0.91, "val_ranking_accuracy_0.9": 0.92, "val_ranking_accuracy_1.0": 0.93, "val_ranking_accuracy_1.1": 0.93, "val_ranking_accuracy_1.2": 0.94, "val_ranking_accuracy_1.3": 0.94, "val_ranking_accuracy_1.4": 0.95, "val_ranking_accuracy_1.5": 0.95, "val_ranking_accuracy_1.6": 0.95, "val_ranking_accuracy_1.7": 0.95, "val_ranking_accuracy_1.8": 0.96, "val_ranking_accuracy_1.9": 0.96, "val_ranking_accuracy_2.0": 0.96, "val_mean_loss": 0.5077810306518603, "val_sum_loss": 158.9354625940323, "timestamp": 1712678379, "checkpoint_dir_name": null, "done": false, "training_iteration": 7, "trial_id": "57285ad6", "date": "2024-04-09_17-59-39", "time_this_iter_s": 447.6158390045166, "time_total_s": 3277.429262161255, "pid": 2236891, "hostname": "jyn", "node_ip": "131.130.125.89", "config": {"model": {"hidden_dimension": 128, "modules": {"1": {"times": 3, "parameter": {"dropout": 0.0}}}}, "optimizer": {"base_learning_rate": 0.001}}, "time_since_restore": 3277.429262161255, "iterations_since_restore": 7}
{"train_mae": 0.47999998927116394, "train_r2": 0.54, "train_spearmanr": 0.77, "train_mse": 0.4000000059604645, "train_rmse": 0.6299999952316284, "train_mean_loss": 0.4781074851560287, "train_sum_loss": 149.16953536868095, "val_mae": 0.4099999964237213, "val_r2": 0.63, "val_spearmanr": 0.83, "val_mse": 0.3400000035762787, "val_rmse": 0.5799999833106995, "val_ranking_accuracy_0.1": 0.82, "val_ranking_accuracy_0.2": 0.84, "val_ranking_accuracy_0.3": 0.86, "val_ranking_accuracy_0.4": 0.87, "val_ranking_accuracy_0.5": 0.89, "val_ranking_accuracy_0.6": 0.9, "val_ranking_accuracy_0.7": 0.91, "val_ranking_accuracy_0.8": 0.92, "val_ranking_accuracy_0.9": 0.93, "val_ranking_accuracy_1.0": 0.94, "val_ranking_accuracy_1.1": 0.95, "val_ranking_accuracy_1.2": 0.96, "val_ranking_accuracy_1.3": 0.96, "val_ranking_accuracy_1.4": 0.96, "val_ranking_accuracy_1.5": 0.97, "val_ranking_accuracy_1.6": 0.97, "val_ranking_accuracy_1.7": 0.97, "val_ranking_accuracy_1.8": 0.97, "val_ranking_accuracy_1.9": 0.97, "val_ranking_accuracy_2.0": 0.97, "val_mean_loss": 0.4088093176626931, "val_sum_loss": 127.95731642842293, "timestamp": 1712678842, "checkpoint_dir_name": null, "done": false, "training_iteration": 8, "trial_id": "57285ad6", "date": "2024-04-09_18-07-22", "time_this_iter_s": 463.2419431209564, "time_total_s": 3740.6712052822113, "pid": 2236891, "hostname": "jyn", "node_ip": "131.130.125.89", "config": {"model": {"hidden_dimension": 128, "modules": {"1": {"times": 3, "parameter": {"dropout": 0.0}}}}, "optimizer": {"base_learning_rate": 0.001}}, "time_since_restore": 3740.6712052822113, "iterations_since_restore": 8}
{"train_mae": 0.47999998927116394, "train_r2": 0.53, "train_spearmanr": 0.76, "train_mse": 0.4099999964237213, "train_rmse": 0.6399999856948853, "train_mean_loss": 0.48401272277801466, "train_sum_loss": 151.01196950674057, "val_mae": 0.49000000953674316, "val_r2": 0.48, "val_spearmanr": 0.83, "val_mse": 0.47999998927116394, "val_rmse": 0.6899999976158142, "val_ranking_accuracy_0.1": 0.83, "val_ranking_accuracy_0.2": 0.85, "val_ranking_accuracy_0.3": 0.86, "val_ranking_accuracy_0.4": 0.88, "val_ranking_accuracy_0.5": 0.89, "val_ranking_accuracy_0.6": 0.9, "val_ranking_accuracy_0.7": 0.91, "val_ranking_accuracy_0.8": 0.92, "val_ranking_accuracy_0.9": 0.94, "val_ranking_accuracy_1.0": 0.94, "val_ranking_accuracy_1.1": 0.95, "val_ranking_accuracy_1.2": 0.96, "val_ranking_accuracy_1.3": 0.96, "val_ranking_accuracy_1.4": 0.97, "val_ranking_accuracy_1.5": 0.96, "val_ranking_accuracy_1.6": 0.97, "val_ranking_accuracy_1.7": 0.97, "val_ranking_accuracy_1.8": 0.97, "val_ranking_accuracy_1.9": 0.97, "val_ranking_accuracy_2.0": 0.97, "val_mean_loss": 0.4896489594119806, "val_sum_loss": 153.26012429594994, "timestamp": 1712679245, "checkpoint_dir_name": null, "done": false, "training_iteration": 9, "trial_id": "57285ad6", "date": "2024-04-09_18-14-05", "time_this_iter_s": 402.96700263023376, "time_total_s": 4143.638207912445, "pid": 2236891, "hostname": "jyn", "node_ip": "131.130.125.89", "config": {"model": {"hidden_dimension": 128, "modules": {"1": {"times": 3, "parameter": {"dropout": 0.0}}}}, "optimizer": {"base_learning_rate": 0.001}}, "time_since_restore": 4143.638207912445, "iterations_since_restore": 9}
{"train_mae": 0.46000000834465027, "train_r2": 0.57, "train_spearmanr": 0.78, "train_mse": 0.3700000047683716, "train_rmse": 0.6100000143051147, "train_mean_loss": 0.45780296337146026, "train_sum_loss": 142.8345245718956, "val_mae": 0.4399999976158142, "val_r2": 0.59, "val_spearmanr": 0.82, "val_mse": 0.3799999952316284, "val_rmse": 0.6100000143051147, "val_ranking_accuracy_0.1": 0.83, "val_ranking_accuracy_0.2": 0.85, "val_ranking_accuracy_0.3": 0.87, "val_ranking_accuracy_0.4": 0.89, "val_ranking_accuracy_0.5": 0.9, "val_ranking_accuracy_0.6": 0.91, "val_ranking_accuracy_0.7": 0.92, "val_ranking_accuracy_0.8": 0.93, "val_ranking_accuracy_0.9": 0.94, "val_ranking_accuracy_1.0": 0.94, "val_ranking_accuracy_1.1": 0.95, "val_ranking_accuracy_1.2": 0.95, "val_ranking_accuracy_1.3": 0.95, "val_ranking_accuracy_1.4": 0.96, "val_ranking_accuracy_1.5": 0.96, "val_ranking_accuracy_1.6": 0.96, "val_ranking_accuracy_1.7": 0.97, "val_ranking_accuracy_1.8": 0.97, "val_ranking_accuracy_1.9": 0.96, "val_ranking_accuracy_2.0": 0.96, "val_mean_loss": 0.442733305997361, "val_sum_loss": 138.575524777174, "timestamp": 1712679677, "checkpoint_dir_name": null, "done": false, "training_iteration": 10, "trial_id": "57285ad6", "date": "2024-04-09_18-21-17", "time_this_iter_s": 432.07240986824036, "time_total_s": 4575.710617780685, "pid": 2236891, "hostname": "jyn", "node_ip": "131.130.125.89", "config": {"model": {"hidden_dimension": 128, "modules": {"1": {"times": 3, "parameter": {"dropout": 0.0}}}}, "optimizer": {"base_learning_rate": 0.001}}, "time_since_restore": 4575.710617780685, "iterations_since_restore": 10}
{"train_mae": 0.47999998927116394, "train_r2": 0.53, "train_spearmanr": 0.76, "train_mse": 0.4099999964237213, "train_rmse": 0.6399999856948853, "train_mean_loss": 0.48355078706756616, "train_sum_loss": 150.86784556508064, "val_mae": 0.4699999988079071, "val_r2": 0.51, "val_spearmanr": 0.83, "val_mse": 0.44999998807907104, "val_rmse": 0.6700000166893005, "val_ranking_accuracy_0.1": 0.83, "val_ranking_accuracy_0.2": 0.85, "val_ranking_accuracy_0.3": 0.86, "val_ranking_accuracy_0.4": 0.88, "val_ranking_accuracy_0.5": 0.89, "val_ranking_accuracy_0.6": 0.91, "val_ranking_accuracy_0.7": 0.91, "val_ranking_accuracy_0.8": 0.92, "val_ranking_accuracy_0.9": 0.93, "val_ranking_accuracy_1.0": 0.94, "val_ranking_accuracy_1.1": 0.94, "val_ranking_accuracy_1.2": 0.95, "val_ranking_accuracy_1.3": 0.95, "val_ranking_accuracy_1.4": 0.96, "val_ranking_accuracy_1.5": 0.96, "val_ranking_accuracy_1.6": 0.96, "val_ranking_accuracy_1.7": 0.96, "val_ranking_accuracy_1.8": 0.96, "val_ranking_accuracy_1.9": 0.96, "val_ranking_accuracy_2.0": 0.96, "val_mean_loss": 0.47256294587930553, "val_sum_loss": 147.91220206022263, "timestamp": 1712680163, "checkpoint_dir_name": null, "done": false, "training_iteration": 11, "trial_id": "57285ad6", "date": "2024-04-09_18-29-23", "time_this_iter_s": 485.5134575366974, "time_total_s": 5061.224075317383, "pid": 2236891, "hostname": "jyn", "node_ip": "131.130.125.89", "config": {"model": {"hidden_dimension": 128, "modules": {"1": {"times": 3, "parameter": {"dropout": 0.0}}}}, "optimizer": {"base_learning_rate": 0.001}}, "time_since_restore": 5061.224075317383, "iterations_since_restore": 11}
{"train_mae": 0.46000000834465027, "train_r2": 0.57, "train_spearmanr": 0.78, "train_mse": 0.3700000047683716, "train_rmse": 0.6100000143051147, "train_mean_loss": 0.45823886503393835, "train_sum_loss": 142.97052589058876, "val_mae": 0.9399999976158142, "val_r2": -0.54, "val_spearmanr": 0.7, "val_mse": 1.4199999570846558, "val_rmse": 1.190000057220459, "val_ranking_accuracy_0.1": 0.76, "val_ranking_accuracy_0.2": 0.78, "val_ranking_accuracy_0.3": 0.79, "val_ranking_accuracy_0.4": 0.8, "val_ranking_accuracy_0.5": 0.82, "val_ranking_accuracy_0.6": 0.83, "val_ranking_accuracy_0.7": 0.84, "val_ranking_accuracy_0.8": 0.85, "val_ranking_accuracy_0.9": 0.87, "val_ranking_accuracy_1.0": 0.87, "val_ranking_accuracy_1.1": 0.88, "val_ranking_accuracy_1.2": 0.89, "val_ranking_accuracy_1.3": 0.91, "val_ranking_accuracy_1.4": 0.91, "val_ranking_accuracy_1.5": 0.92, "val_ranking_accuracy_1.6": 0.93, "val_ranking_accuracy_1.7": 0.93, "val_ranking_accuracy_1.8": 0.93, "val_ranking_accuracy_1.9": 0.93, "val_ranking_accuracy_2.0": 0.94, "val_mean_loss": 0.9449835213990257, "val_sum_loss": 295.77984219789505, "timestamp": 1712680562, "checkpoint_dir_name": null, "done": false, "training_iteration": 12, "trial_id": "57285ad6", "date": "2024-04-09_18-36-02", "time_this_iter_s": 399.15902733802795, "time_total_s": 5460.383102655411, "pid": 2236891, "hostname": "jyn", "node_ip": "131.130.125.89", "config": {"model": {"hidden_dimension": 128, "modules": {"1": {"times": 3, "parameter": {"dropout": 0.0}}}}, "optimizer": {"base_learning_rate": 0.001}}, "time_since_restore": 5460.383102655411, "iterations_since_restore": 12}
{"train_mae": 0.4399999976158142, "train_r2": 0.61, "train_spearmanr": 0.8, "train_mse": 0.3400000035762787, "train_rmse": 0.5799999833106995, "train_mean_loss": 0.43905602290462226, "train_sum_loss": 136.98547914624214, "val_mae": 0.4000000059604645, "val_r2": 0.64, "val_spearmanr": 0.84, "val_mse": 0.33000001311302185, "val_rmse": 0.5799999833106995, "val_ranking_accuracy_0.1": 0.84, "val_ranking_accuracy_0.2": 0.86, "val_ranking_accuracy_0.3": 0.88, "val_ranking_accuracy_0.4": 0.89, "val_ranking_accuracy_0.5": 0.91, "val_ranking_accuracy_0.6": 0.92, "val_ranking_accuracy_0.7": 0.92, "val_ranking_accuracy_0.8": 0.93, "val_ranking_accuracy_0.9": 0.94, "val_ranking_accuracy_1.0": 0.95, "val_ranking_accuracy_1.1": 0.95, "val_ranking_accuracy_1.2": 0.96, "val_ranking_accuracy_1.3": 0.96, "val_ranking_accuracy_1.4": 0.96, "val_ranking_accuracy_1.5": 0.96, "val_ranking_accuracy_1.6": 0.96, "val_ranking_accuracy_1.7": 0.96, "val_ranking_accuracy_1.8": 0.96, "val_ranking_accuracy_1.9": 0.96, "val_ranking_accuracy_2.0": 0.95, "val_mean_loss": 0.40387589158341525, "val_sum_loss": 126.41315406560898, "timestamp": 1712681018, "checkpoint_dir_name": null, "done": false, "training_iteration": 13, "trial_id": "57285ad6", "date": "2024-04-09_18-43-38", "time_this_iter_s": 455.5026969909668, "time_total_s": 5915.885799646378, "pid": 2236891, "hostname": "jyn", "node_ip": "131.130.125.89", "config": {"model": {"hidden_dimension": 128, "modules": {"1": {"times": 3, "parameter": {"dropout": 0.0}}}}, "optimizer": {"base_learning_rate": 0.001}}, "time_since_restore": 5915.885799646378, "iterations_since_restore": 13}
{"train_mae": 0.4300000071525574, "train_r2": 0.61, "train_spearmanr": 0.8, "train_mse": 0.33000001311302185, "train_rmse": 0.5799999833106995, "train_mean_loss": 0.4317641347551193, "train_sum_loss": 134.71041004359722, "val_mae": 0.38999998569488525, "val_r2": 0.66, "val_spearmanr": 0.85, "val_mse": 0.3199999928474426, "val_rmse": 0.5600000023841858, "val_ranking_accuracy_0.1": 0.84, "val_ranking_accuracy_0.2": 0.86, "val_ranking_accuracy_0.3": 0.88, "val_ranking_accuracy_0.4": 0.89, "val_ranking_accuracy_0.5": 0.91, "val_ranking_accuracy_0.6": 0.92, "val_ranking_accuracy_0.7": 0.93, "val_ranking_accuracy_0.8": 0.94, "val_ranking_accuracy_0.9": 0.95, "val_ranking_accuracy_1.0": 0.96, "val_ranking_accuracy_1.1": 0.96, "val_ranking_accuracy_1.2": 0.96, "val_ranking_accuracy_1.3": 0.97, "val_ranking_accuracy_1.4": 0.97, "val_ranking_accuracy_1.5": 0.97, "val_ranking_accuracy_1.6": 0.97, "val_ranking_accuracy_1.7": 0.97, "val_ranking_accuracy_1.8": 0.97, "val_ranking_accuracy_1.9": 0.97, "val_ranking_accuracy_2.0": 0.97, "val_mean_loss": 0.39193639959009313, "val_sum_loss": 122.67609307169914, "timestamp": 1712681496, "checkpoint_dir_name": null, "done": false, "training_iteration": 14, "trial_id": "57285ad6", "date": "2024-04-09_18-51-36", "time_this_iter_s": 478.26939964294434, "time_total_s": 6394.155199289322, "pid": 2236891, "hostname": "jyn", "node_ip": "131.130.125.89", "config": {"model": {"hidden_dimension": 128, "modules": {"1": {"times": 3, "parameter": {"dropout": 0.0}}}}, "optimizer": {"base_learning_rate": 0.001}}, "time_since_restore": 6394.155199289322, "iterations_since_restore": 14}
{"train_mae": 0.4399999976158142, "train_r2": 0.59, "train_spearmanr": 0.79, "train_mse": 0.3499999940395355, "train_rmse": 0.5899999737739563, "train_mean_loss": 0.44168622963703597, "train_sum_loss": 137.80610364675522, "val_mae": 0.5400000214576721, "val_r2": 0.39, "val_spearmanr": 0.84, "val_mse": 0.5600000023841858, "val_rmse": 0.75, "val_ranking_accuracy_0.1": 0.85, "val_ranking_accuracy_0.2": 0.87, "val_ranking_accuracy_0.3": 0.89, "val_ranking_accuracy_0.4": 0.9, "val_ranking_accuracy_0.5": 0.91, "val_ranking_accuracy_0.6": 0.92, "val_ranking_accuracy_0.7": 0.93, "val_ranking_accuracy_0.8": 0.94, "val_ranking_accuracy_0.9": 0.94, "val_ranking_accuracy_1.0": 0.95, "val_ranking_accuracy_1.1": 0.95, "val_ranking_accuracy_1.2": 0.96, "val_ranking_accuracy_1.3": 0.96, "val_ranking_accuracy_1.4": 0.96, "val_ranking_accuracy_1.5": 0.96, "val_ranking_accuracy_1.6": 0.96, "val_ranking_accuracy_1.7": 0.96, "val_ranking_accuracy_1.8": 0.96, "val_ranking_accuracy_1.9": 0.96, "val_ranking_accuracy_2.0": 0.96, "val_mean_loss": 0.540734384482661, "val_sum_loss": 169.2498623430729, "timestamp": 1712681906, "checkpoint_dir_name": null, "done": false, "training_iteration": 15, "trial_id": "57285ad6", "date": "2024-04-09_18-58-26", "time_this_iter_s": 410.5714249610901, "time_total_s": 6804.726624250412, "pid": 2236891, "hostname": "jyn", "node_ip": "131.130.125.89", "config": {"model": {"hidden_dimension": 128, "modules": {"1": {"times": 3, "parameter": {"dropout": 0.0}}}}, "optimizer": {"base_learning_rate": 0.001}}, "time_since_restore": 6804.726624250412, "iterations_since_restore": 15}
{"train_mae": 0.41999998688697815, "train_r2": 0.63, "train_spearmanr": 0.81, "train_mse": 0.3199999928474426, "train_rmse": 0.5600000023841858, "train_mean_loss": 0.42106567858121335, "train_sum_loss": 131.37249171733856, "val_mae": 0.550000011920929, "val_r2": 0.4, "val_spearmanr": 0.86, "val_mse": 0.550000011920929, "val_rmse": 0.7400000095367432, "val_ranking_accuracy_0.1": 0.85, "val_ranking_accuracy_0.2": 0.87, "val_ranking_accuracy_0.3": 0.89, "val_ranking_accuracy_0.4": 0.9, "val_ranking_accuracy_0.5": 0.91, "val_ranking_accuracy_0.6": 0.93, "val_ranking_accuracy_0.7": 0.93, "val_ranking_accuracy_0.8": 0.94, "val_ranking_accuracy_0.9": 0.95, "val_ranking_accuracy_1.0": 0.96, "val_ranking_accuracy_1.1": 0.96, "val_ranking_accuracy_1.2": 0.96, "val_ranking_accuracy_1.3": 0.97, "val_ranking_accuracy_1.4": 0.97, "val_ranking_accuracy_1.5": 0.97, "val_ranking_accuracy_1.6": 0.97, "val_ranking_accuracy_1.7": 0.97, "val_ranking_accuracy_1.8": 0.97, "val_ranking_accuracy_1.9": 0.97, "val_ranking_accuracy_2.0": 0.97, "val_mean_loss": 0.5507564856983221, "val_sum_loss": 172.38678002357483, "timestamp": 1712682373, "checkpoint_dir_name": null, "done": false, "training_iteration": 16, "trial_id": "57285ad6", "date": "2024-04-09_19-06-13", "time_this_iter_s": 467.0230255126953, "time_total_s": 7271.749649763107, "pid": 2236891, "hostname": "jyn", "node_ip": "131.130.125.89", "config": {"model": {"hidden_dimension": 128, "modules": {"1": {"times": 3, "parameter": {"dropout": 0.0}}}}, "optimizer": {"base_learning_rate": 0.001}}, "time_since_restore": 7271.749649763107, "iterations_since_restore": 16}
{"train_mae": 0.4099999964237213, "train_r2": 0.64, "train_spearmanr": 0.82, "train_mse": 0.3100000023841858, "train_rmse": 0.5600000023841858, "train_mean_loss": 0.4132690003667122, "train_sum_loss": 128.93992811441422, "val_mae": 0.550000011920929, "val_r2": 0.47, "val_spearmanr": 0.84, "val_mse": 0.47999998927116394, "val_rmse": 0.6899999976158142, "val_ranking_accuracy_0.1": 0.83, "val_ranking_accuracy_0.2": 0.85, "val_ranking_accuracy_0.3": 0.86, "val_ranking_accuracy_0.4": 0.88, "val_ranking_accuracy_0.5": 0.9, "val_ranking_accuracy_0.6": 0.91, "val_ranking_accuracy_0.7": 0.92, "val_ranking_accuracy_0.8": 0.93, "val_ranking_accuracy_0.9": 0.94, "val_ranking_accuracy_1.0": 0.94, "val_ranking_accuracy_1.1": 0.95, "val_ranking_accuracy_1.2": 0.95, "val_ranking_accuracy_1.3": 0.95, "val_ranking_accuracy_1.4": 0.96, "val_ranking_accuracy_1.5": 0.96, "val_ranking_accuracy_1.6": 0.96, "val_ranking_accuracy_1.7": 0.97, "val_ranking_accuracy_1.8": 0.97, "val_ranking_accuracy_1.9": 0.97, "val_ranking_accuracy_2.0": 0.98, "val_mean_loss": 0.5471706003807604, "val_sum_loss": 171.264397919178, "timestamp": 1712682854, "checkpoint_dir_name": null, "done": false, "training_iteration": 17, "trial_id": "57285ad6", "date": "2024-04-09_19-14-14", "time_this_iter_s": 480.0439336299896, "time_total_s": 7751.793583393097, "pid": 2236891, "hostname": "jyn", "node_ip": "131.130.125.89", "config": {"model": {"hidden_dimension": 128, "modules": {"1": {"times": 3, "parameter": {"dropout": 0.0}}}}, "optimizer": {"base_learning_rate": 0.001}}, "time_since_restore": 7751.793583393097, "iterations_since_restore": 17}
{"train_mae": 0.4099999964237213, "train_r2": 0.65, "train_spearmanr": 0.82, "train_mse": 0.30000001192092896, "train_rmse": 0.550000011920929, "train_mean_loss": 0.4101458191871643, "train_sum_loss": 127.96549558639526, "val_mae": 0.46000000834465027, "val_r2": 0.51, "val_spearmanr": 0.84, "val_mse": 0.44999998807907104, "val_rmse": 0.6700000166893005, "val_ranking_accuracy_0.1": 0.84, "val_ranking_accuracy_0.2": 0.86, "val_ranking_accuracy_0.3": 0.87, "val_ranking_accuracy_0.4": 0.89, "val_ranking_accuracy_0.5": 0.9, "val_ranking_accuracy_0.6": 0.92, "val_ranking_accuracy_0.7": 0.93, "val_ranking_accuracy_0.8": 0.94, "val_ranking_accuracy_0.9": 0.95, "val_ranking_accuracy_1.0": 0.95, "val_ranking_accuracy_1.1": 0.96, "val_ranking_accuracy_1.2": 0.96, "val_ranking_accuracy_1.3": 0.96, "val_ranking_accuracy_1.4": 0.96, "val_ranking_accuracy_1.5": 0.96, "val_ranking_accuracy_1.6": 0.96, "val_ranking_accuracy_1.7": 0.96, "val_ranking_accuracy_1.8": 0.96, "val_ranking_accuracy_1.9": 0.96, "val_ranking_accuracy_2.0": 0.96, "val_mean_loss": 0.4597250993449848, "val_sum_loss": 143.89395609498024, "timestamp": 1712683199, "checkpoint_dir_name": null, "done": false, "training_iteration": 18, "trial_id": "57285ad6", "date": "2024-04-09_19-19-59", "time_this_iter_s": 345.43314814567566, "time_total_s": 8097.226731538773, "pid": 2236891, "hostname": "jyn", "node_ip": "131.130.125.89", "config": {"model": {"hidden_dimension": 128, "modules": {"1": {"times": 3, "parameter": {"dropout": 0.0}}}}, "optimizer": {"base_learning_rate": 0.001}}, "time_since_restore": 8097.226731538773, "iterations_since_restore": 18}
{"train_mae": 0.4099999964237213, "train_r2": 0.65, "train_spearmanr": 0.82, "train_mse": 0.30000001192092896, "train_rmse": 0.550000011920929, "train_mean_loss": 0.40742321121386993, "train_sum_loss": 127.11604189872742, "val_mae": 0.4099999964237213, "val_r2": 0.65, "val_spearmanr": 0.86, "val_mse": 0.3199999928474426, "val_rmse": 0.5699999928474426, "val_ranking_accuracy_0.1": 0.85, "val_ranking_accuracy_0.2": 0.87, "val_ranking_accuracy_0.3": 0.89, "val_ranking_accuracy_0.4": 0.9, "val_ranking_accuracy_0.5": 0.92, "val_ranking_accuracy_0.6": 0.93, "val_ranking_accuracy_0.7": 0.94, "val_ranking_accuracy_0.8": 0.95, "val_ranking_accuracy_0.9": 0.96, "val_ranking_accuracy_1.0": 0.96, "val_ranking_accuracy_1.1": 0.97, "val_ranking_accuracy_1.2": 0.97, "val_ranking_accuracy_1.3": 0.97, "val_ranking_accuracy_1.4": 0.97, "val_ranking_accuracy_1.5": 0.98, "val_ranking_accuracy_1.6": 0.98, "val_ranking_accuracy_1.7": 0.98, "val_ranking_accuracy_1.8": 0.98, "val_ranking_accuracy_1.9": 0.98, "val_ranking_accuracy_2.0": 0.97, "val_mean_loss": 0.4072682369060029, "val_sum_loss": 127.4749581515789, "timestamp": 1712683658, "checkpoint_dir_name": null, "done": false, "training_iteration": 19, "trial_id": "57285ad6", "date": "2024-04-09_19-27-38", "time_this_iter_s": 458.7625448703766, "time_total_s": 8555.98927640915, "pid": 2236891, "hostname": "jyn", "node_ip": "131.130.125.89", "config": {"model": {"hidden_dimension": 128, "modules": {"1": {"times": 3, "parameter": {"dropout": 0.0}}}}, "optimizer": {"base_learning_rate": 0.001}}, "time_since_restore": 8555.98927640915, "iterations_since_restore": 19}
{"train_mae": 0.4000000059604645, "train_r2": 0.67, "train_spearmanr": 0.83, "train_mse": 0.28999999165534973, "train_rmse": 0.5400000214576721, "train_mean_loss": 0.4029343098593064, "train_sum_loss": 125.71550467610359, "val_mae": 0.949999988079071, "val_r2": -0.34, "val_spearmanr": 0.83, "val_mse": 1.2300000190734863, "val_rmse": 1.1100000143051147, "val_ranking_accuracy_0.1": 0.83, "val_ranking_accuracy_0.2": 0.85, "val_ranking_accuracy_0.3": 0.86, "val_ranking_accuracy_0.4": 0.89, "val_ranking_accuracy_0.5": 0.9, "val_ranking_accuracy_0.6": 0.92, "val_ranking_accuracy_0.7": 0.93, "val_ranking_accuracy_0.8": 0.94, "val_ranking_accuracy_0.9": 0.95, "val_ranking_accuracy_1.0": 0.95, "val_ranking_accuracy_1.1": 0.96, "val_ranking_accuracy_1.2": 0.96, "val_ranking_accuracy_1.3": 0.97, "val_ranking_accuracy_1.4": 0.97, "val_ranking_accuracy_1.5": 0.97, "val_ranking_accuracy_1.6": 0.97, "val_ranking_accuracy_1.7": 0.97, "val_ranking_accuracy_1.8": 0.97, "val_ranking_accuracy_1.9": 0.97, "val_ranking_accuracy_2.0": 0.97, "val_mean_loss": 0.9536581292700844, "val_sum_loss": 298.4949944615364, "timestamp": 1712684126, "checkpoint_dir_name": null, "done": false, "training_iteration": 20, "trial_id": "57285ad6", "date": "2024-04-09_19-35-26", "time_this_iter_s": 468.2920367717743, "time_total_s": 9024.281313180923, "pid": 2236891, "hostname": "jyn", "node_ip": "131.130.125.89", "config": {"model": {"hidden_dimension": 128, "modules": {"1": {"times": 3, "parameter": {"dropout": 0.0}}}}, "optimizer": {"base_learning_rate": 0.001}}, "time_since_restore": 9024.281313180923, "iterations_since_restore": 20}
{"train_mae": 0.4099999964237213, "train_r2": 0.65, "train_spearmanr": 0.82, "train_mse": 0.3100000023841858, "train_rmse": 0.550000011920929, "train_mean_loss": 0.41157258340181446, "train_sum_loss": 128.41064602136612, "val_mae": 0.3700000047683716, "val_r2": 0.68, "val_spearmanr": 0.86, "val_mse": 0.30000001192092896, "val_rmse": 0.550000011920929, "val_ranking_accuracy_0.1": 0.85, "val_ranking_accuracy_0.2": 0.87, "val_ranking_accuracy_0.3": 0.89, "val_ranking_accuracy_0.4": 0.9, "val_ranking_accuracy_0.5": 0.91, "val_ranking_accuracy_0.6": 0.92, "val_ranking_accuracy_0.7": 0.93, "val_ranking_accuracy_0.8": 0.95, "val_ranking_accuracy_0.9": 0.95, "val_ranking_accuracy_1.0": 0.96, "val_ranking_accuracy_1.1": 0.96, "val_ranking_accuracy_1.2": 0.97, "val_ranking_accuracy_1.3": 0.97, "val_ranking_accuracy_1.4": 0.97, "val_ranking_accuracy_1.5": 0.97, "val_ranking_accuracy_1.6": 0.97, "val_ranking_accuracy_1.7": 0.97, "val_ranking_accuracy_1.8": 0.97, "val_ranking_accuracy_1.9": 0.97, "val_ranking_accuracy_2.0": 0.98, "val_mean_loss": 0.3730591237068938, "val_sum_loss": 116.76750572025776, "timestamp": 1712684541, "checkpoint_dir_name": null, "done": false, "training_iteration": 21, "trial_id": "57285ad6", "date": "2024-04-09_19-42-21", "time_this_iter_s": 414.51861095428467, "time_total_s": 9438.799924135208, "pid": 2236891, "hostname": "jyn", "node_ip": "131.130.125.89", "config": {"model": {"hidden_dimension": 128, "modules": {"1": {"times": 3, "parameter": {"dropout": 0.0}}}}, "optimizer": {"base_learning_rate": 0.001}}, "time_since_restore": 9438.799924135208, "iterations_since_restore": 21}
{"train_mae": 0.4099999964237213, "train_r2": 0.66, "train_spearmanr": 0.82, "train_mse": 0.30000001192092896, "train_rmse": 0.5400000214576721, "train_mean_loss": 0.40698482191715485, "train_sum_loss": 126.97926443815231, "val_mae": 0.3799999952316284, "val_r2": 0.66, "val_spearmanr": 0.85, "val_mse": 0.3100000023841858, "val_rmse": 0.5600000023841858, "val_ranking_accuracy_0.1": 0.84, "val_ranking_accuracy_0.2": 0.86, "val_ranking_accuracy_0.3": 0.88, "val_ranking_accuracy_0.4": 0.9, "val_ranking_accuracy_0.5": 0.91, "val_ranking_accuracy_0.6": 0.92, "val_ranking_accuracy_0.7": 0.93, "val_ranking_accuracy_0.8": 0.94, "val_ranking_accuracy_0.9": 0.95, "val_ranking_accuracy_1.0": 0.95, "val_ranking_accuracy_1.1": 0.96, "val_ranking_accuracy_1.2": 0.96, "val_ranking_accuracy_1.3": 0.97, "val_ranking_accuracy_1.4": 0.96, "val_ranking_accuracy_1.5": 0.96, "val_ranking_accuracy_1.6": 0.96, "val_ranking_accuracy_1.7": 0.96, "val_ranking_accuracy_1.8": 0.96, "val_ranking_accuracy_1.9": 0.96, "val_ranking_accuracy_2.0": 0.96, "val_mean_loss": 0.38199457016806254, "val_sum_loss": 119.56430046260357, "timestamp": 1712684989, "checkpoint_dir_name": null, "done": false, "training_iteration": 22, "trial_id": "57285ad6", "date": "2024-04-09_19-49-49", "time_this_iter_s": 448.0746147632599, "time_total_s": 9886.874538898468, "pid": 2236891, "hostname": "jyn", "node_ip": "131.130.125.89", "config": {"model": {"hidden_dimension": 128, "modules": {"1": {"times": 3, "parameter": {"dropout": 0.0}}}}, "optimizer": {"base_learning_rate": 0.001}}, "time_since_restore": 9886.874538898468, "iterations_since_restore": 22}
{"train_mae": 0.38999998569488525, "train_r2": 0.68, "train_spearmanr": 0.83, "train_mse": 0.27000001072883606, "train_rmse": 0.5199999809265137, "train_mean_loss": 0.39014790856685394, "train_sum_loss": 121.72614747285843, "val_mae": 0.3799999952316284, "val_r2": 0.65, "val_spearmanr": 0.86, "val_mse": 0.3199999928474426, "val_rmse": 0.5699999928474426, "val_ranking_accuracy_0.1": 0.86, "val_ranking_accuracy_0.2": 0.88, "val_ranking_accuracy_0.3": 0.9, "val_ranking_accuracy_0.4": 0.91, "val_ranking_accuracy_0.5": 0.93, "val_ranking_accuracy_0.6": 0.94, "val_ranking_accuracy_0.7": 0.95, "val_ranking_accuracy_0.8": 0.96, "val_ranking_accuracy_0.9": 0.96, "val_ranking_accuracy_1.0": 0.97, "val_ranking_accuracy_1.1": 0.97, "val_ranking_accuracy_1.2": 0.97, "val_ranking_accuracy_1.3": 0.97, "val_ranking_accuracy_1.4": 0.97, "val_ranking_accuracy_1.5": 0.97, "val_ranking_accuracy_1.6": 0.98, "val_ranking_accuracy_1.7": 0.98, "val_ranking_accuracy_1.8": 0.98, "val_ranking_accuracy_1.9": 0.98, "val_ranking_accuracy_2.0": 0.98, "val_mean_loss": 0.38286212534188463, "val_sum_loss": 119.83584523200989, "timestamp": 1712685483, "checkpoint_dir_name": null, "done": false, "training_iteration": 23, "trial_id": "57285ad6", "date": "2024-04-09_19-58-03", "time_this_iter_s": 493.8480520248413, "time_total_s": 10380.72259092331, "pid": 2236891, "hostname": "jyn", "node_ip": "131.130.125.89", "config": {"model": {"hidden_dimension": 128, "modules": {"1": {"times": 3, "parameter": {"dropout": 0.0}}}}, "optimizer": {"base_learning_rate": 0.001}}, "time_since_restore": 10380.72259092331, "iterations_since_restore": 23}
{"train_mae": 0.3799999952316284, "train_r2": 0.69, "train_spearmanr": 0.84, "train_mse": 0.27000001072883606, "train_rmse": 0.5199999809265137, "train_mean_loss": 0.38386491609689516, "train_sum_loss": 119.76585382223129, "val_mae": 0.4699999988079071, "val_r2": 0.58, "val_spearmanr": 0.86, "val_mse": 0.3799999952316284, "val_rmse": 0.6200000047683716, "val_ranking_accuracy_0.1": 0.84, "val_ranking_accuracy_0.2": 0.87, "val_ranking_accuracy_0.3": 0.88, "val_ranking_accuracy_0.4": 0.9, "val_ranking_accuracy_0.5": 0.91, "val_ranking_accuracy_0.6": 0.92, "val_ranking_accuracy_0.7": 0.93, "val_ranking_accuracy_0.8": 0.94, "val_ranking_accuracy_0.9": 0.95, "val_ranking_accuracy_1.0": 0.95, "val_ranking_accuracy_1.1": 0.96, "val_ranking_accuracy_1.2": 0.97, "val_ranking_accuracy_1.3": 0.97, "val_ranking_accuracy_1.4": 0.97, "val_ranking_accuracy_1.5": 0.97, "val_ranking_accuracy_1.6": 0.97, "val_ranking_accuracy_1.7": 0.97, "val_ranking_accuracy_1.8": 0.97, "val_ranking_accuracy_1.9": 0.97, "val_ranking_accuracy_2.0": 0.96, "val_mean_loss": 0.47289981276463394, "val_sum_loss": 148.01764139533043, "timestamp": 1712685834, "checkpoint_dir_name": null, "done": false, "training_iteration": 24, "trial_id": "57285ad6", "date": "2024-04-09_20-03-54", "time_this_iter_s": 351.2239179611206, "time_total_s": 10731.94650888443, "pid": 2236891, "hostname": "jyn", "node_ip": "131.130.125.89", "config": {"model": {"hidden_dimension": 128, "modules": {"1": {"times": 3, "parameter": {"dropout": 0.0}}}}, "optimizer": {"base_learning_rate": 0.001}}, "time_since_restore": 10731.94650888443, "iterations_since_restore": 24}
{"train_mae": 0.3799999952316284, "train_r2": 0.69, "train_spearmanr": 0.84, "train_mse": 0.25999999046325684, "train_rmse": 0.5099999904632568, "train_mean_loss": 0.38300262577831745, "train_sum_loss": 119.49681924283504, "val_mae": 0.3700000047683716, "val_r2": 0.7, "val_spearmanr": 0.87, "val_mse": 0.2800000011920929, "val_rmse": 0.5299999713897705, "val_ranking_accuracy_0.1": 0.85, "val_ranking_accuracy_0.2": 0.87, "val_ranking_accuracy_0.3": 0.89, "val_ranking_accuracy_0.4": 0.9, "val_ranking_accuracy_0.5": 0.92, "val_ranking_accuracy_0.6": 0.93, "val_ranking_accuracy_0.7": 0.94, "val_ranking_accuracy_0.8": 0.95, "val_ranking_accuracy_0.9": 0.96, "val_ranking_accuracy_1.0": 0.96, "val_ranking_accuracy_1.1": 0.96, "val_ranking_accuracy_1.2": 0.96, "val_ranking_accuracy_1.3": 0.97, "val_ranking_accuracy_1.4": 0.97, "val_ranking_accuracy_1.5": 0.97, "val_ranking_accuracy_1.6": 0.98, "val_ranking_accuracy_1.7": 0.98, "val_ranking_accuracy_1.8": 0.98, "val_ranking_accuracy_1.9": 0.98, "val_ranking_accuracy_2.0": 0.98, "val_mean_loss": 0.36633029551551743, "val_sum_loss": 114.66138249635696, "timestamp": 1712686318, "checkpoint_dir_name": null, "done": false, "training_iteration": 25, "trial_id": "57285ad6", "date": "2024-04-09_20-11-58", "time_this_iter_s": 484.51184344291687, "time_total_s": 11216.458352327347, "pid": 2236891, "hostname": "jyn", "node_ip": "131.130.125.89", "config": {"model": {"hidden_dimension": 128, "modules": {"1": {"times": 3, "parameter": {"dropout": 0.0}}}}, "optimizer": {"base_learning_rate": 0.001}}, "time_since_restore": 11216.458352327347, "iterations_since_restore": 25}
{"train_mae": 0.3799999952316284, "train_r2": 0.69, "train_spearmanr": 0.84, "train_mse": 0.27000001072883606, "train_rmse": 0.5199999809265137, "train_mean_loss": 0.382672384667855, "train_sum_loss": 119.39378401637077, "val_mae": 0.5, "val_r2": 0.57, "val_spearmanr": 0.87, "val_mse": 0.38999998569488525, "val_rmse": 0.6299999952316284, "val_ranking_accuracy_0.1": 0.85, "val_ranking_accuracy_0.2": 0.87, "val_ranking_accuracy_0.3": 0.89, "val_ranking_accuracy_0.4": 0.9, "val_ranking_accuracy_0.5": 0.91, "val_ranking_accuracy_0.6": 0.93, "val_ranking_accuracy_0.7": 0.94, "val_ranking_accuracy_0.8": 0.95, "val_ranking_accuracy_0.9": 0.96, "val_ranking_accuracy_1.0": 0.96, "val_ranking_accuracy_1.1": 0.97, "val_ranking_accuracy_1.2": 0.97, "val_ranking_accuracy_1.3": 0.97, "val_ranking_accuracy_1.4": 0.97, "val_ranking_accuracy_1.5": 0.97, "val_ranking_accuracy_1.6": 0.98, "val_ranking_accuracy_1.7": 0.98, "val_ranking_accuracy_1.8": 0.98, "val_ranking_accuracy_1.9": 0.98, "val_ranking_accuracy_2.0": 0.98, "val_mean_loss": 0.4953368242365864, "val_sum_loss": 155.04042598605156, "timestamp": 1712686779, "checkpoint_dir_name": null, "done": false, "training_iteration": 26, "trial_id": "57285ad6", "date": "2024-04-09_20-19-39", "time_this_iter_s": 460.7903723716736, "time_total_s": 11677.24872469902, "pid": 2236891, "hostname": "jyn", "node_ip": "131.130.125.89", "config": {"model": {"hidden_dimension": 128, "modules": {"1": {"times": 3, "parameter": {"dropout": 0.0}}}}, "optimizer": {"base_learning_rate": 0.001}}, "time_since_restore": 11677.24872469902, "iterations_since_restore": 26}
{"train_mae": 0.3700000047683716, "train_r2": 0.72, "train_spearmanr": 0.85, "train_mse": 0.25, "train_rmse": 0.5, "train_mean_loss": 0.36700056278361726, "train_sum_loss": 114.50417558848858, "val_mae": 0.3499999940395355, "val_r2": 0.7, "val_spearmanr": 0.87, "val_mse": 0.27000001072883606, "val_rmse": 0.5199999809265137, "val_ranking_accuracy_0.1": 0.85, "val_ranking_accuracy_0.2": 0.87, "val_ranking_accuracy_0.3": 0.88, "val_ranking_accuracy_0.4": 0.9, "val_ranking_accuracy_0.5": 0.91, "val_ranking_accuracy_0.6": 0.93, "val_ranking_accuracy_0.7": 0.93, "val_ranking_accuracy_0.8": 0.94, "val_ranking_accuracy_0.9": 0.95, "val_ranking_accuracy_1.0": 0.96, "val_ranking_accuracy_1.1": 0.96, "val_ranking_accuracy_1.2": 0.97, "val_ranking_accuracy_1.3": 0.97, "val_ranking_accuracy_1.4": 0.97, "val_ranking_accuracy_1.5": 0.97, "val_ranking_accuracy_1.6": 0.97, "val_ranking_accuracy_1.7": 0.97, "val_ranking_accuracy_1.8": 0.97, "val_ranking_accuracy_1.9": 0.97, "val_ranking_accuracy_2.0": 0.97, "val_mean_loss": 0.35407298355818556, "val_sum_loss": 110.82484385371208, "timestamp": 1712687181, "checkpoint_dir_name": null, "done": false, "training_iteration": 27, "trial_id": "57285ad6", "date": "2024-04-09_20-26-21", "time_this_iter_s": 401.67420506477356, "time_total_s": 12078.922929763794, "pid": 2236891, "hostname": "jyn", "node_ip": "131.130.125.89", "config": {"model": {"hidden_dimension": 128, "modules": {"1": {"times": 3, "parameter": {"dropout": 0.0}}}}, "optimizer": {"base_learning_rate": 0.001}}, "time_since_restore": 12078.922929763794, "iterations_since_restore": 27}
{"train_mae": 0.3799999952316284, "train_r2": 0.7, "train_spearmanr": 0.85, "train_mse": 0.25999999046325684, "train_rmse": 0.5099999904632568, "train_mean_loss": 0.37804523549782926, "train_sum_loss": 117.95011347532272, "val_mae": 0.5199999809265137, "val_r2": 0.52, "val_spearmanr": 0.86, "val_mse": 0.4399999976158142, "val_rmse": 0.6600000262260437, "val_ranking_accuracy_0.1": 0.85, "val_ranking_accuracy_0.2": 0.87, "val_ranking_accuracy_0.3": 0.88, "val_ranking_accuracy_0.4": 0.9, "val_ranking_accuracy_0.5": 0.91, "val_ranking_accuracy_0.6": 0.92, "val_ranking_accuracy_0.7": 0.93, "val_ranking_accuracy_0.8": 0.94, "val_ranking_accuracy_0.9": 0.95, "val_ranking_accuracy_1.0": 0.96, "val_ranking_accuracy_1.1": 0.96, "val_ranking_accuracy_1.2": 0.96, "val_ranking_accuracy_1.3": 0.97, "val_ranking_accuracy_1.4": 0.97, "val_ranking_accuracy_1.5": 0.97, "val_ranking_accuracy_1.6": 0.97, "val_ranking_accuracy_1.7": 0.98, "val_ranking_accuracy_1.8": 0.97, "val_ranking_accuracy_1.9": 0.97, "val_ranking_accuracy_2.0": 0.97, "val_mean_loss": 0.5172954738711397, "val_sum_loss": 161.91348332166672, "timestamp": 1712687640, "checkpoint_dir_name": null, "done": false, "training_iteration": 28, "trial_id": "57285ad6", "date": "2024-04-09_20-34-00", "time_this_iter_s": 458.7773563861847, "time_total_s": 12537.700286149979, "pid": 2236891, "hostname": "jyn", "node_ip": "131.130.125.89", "config": {"model": {"hidden_dimension": 128, "modules": {"1": {"times": 3, "parameter": {"dropout": 0.0}}}}, "optimizer": {"base_learning_rate": 0.001}}, "time_since_restore": 12537.700286149979, "iterations_since_restore": 28}
{"train_mae": 0.3700000047683716, "train_r2": 0.71, "train_spearmanr": 0.85, "train_mse": 0.25, "train_rmse": 0.5, "train_mean_loss": 0.37263972054307276, "train_sum_loss": 116.2635928094387, "val_mae": 0.3499999940395355, "val_r2": 0.72, "val_spearmanr": 0.87, "val_mse": 0.25999999046325684, "val_rmse": 0.5099999904632568, "val_ranking_accuracy_0.1": 0.85, "val_ranking_accuracy_0.2": 0.87, "val_ranking_accuracy_0.3": 0.89, "val_ranking_accuracy_0.4": 0.91, "val_ranking_accuracy_0.5": 0.92, "val_ranking_accuracy_0.6": 0.93, "val_ranking_accuracy_0.7": 0.94, "val_ranking_accuracy_0.8": 0.95, "val_ranking_accuracy_0.9": 0.96, "val_ranking_accuracy_1.0": 0.96, "val_ranking_accuracy_1.1": 0.97, "val_ranking_accuracy_1.2": 0.97, "val_ranking_accuracy_1.3": 0.97, "val_ranking_accuracy_1.4": 0.97, "val_ranking_accuracy_1.5": 0.97, "val_ranking_accuracy_1.6": 0.98, "val_ranking_accuracy_1.7": 0.98, "val_ranking_accuracy_1.8": 0.98, "val_ranking_accuracy_1.9": 0.97, "val_ranking_accuracy_2.0": 0.97, "val_mean_loss": 0.3482669795187898, "val_sum_loss": 109.00756458938122, "timestamp": 1712688111, "checkpoint_dir_name": null, "done": false, "training_iteration": 29, "trial_id": "57285ad6", "date": "2024-04-09_20-41-51", "time_this_iter_s": 471.7539110183716, "time_total_s": 13009.45419716835, "pid": 2236891, "hostname": "jyn", "node_ip": "131.130.125.89", "config": {"model": {"hidden_dimension": 128, "modules": {"1": {"times": 3, "parameter": {"dropout": 0.0}}}}, "optimizer": {"base_learning_rate": 0.001}}, "time_since_restore": 13009.45419716835, "iterations_since_restore": 29}
{"train_mae": 0.3700000047683716, "train_r2": 0.71, "train_spearmanr": 0.85, "train_mse": 0.25, "train_rmse": 0.5, "train_mean_loss": 0.36624584996547455, "train_sum_loss": 114.26870518922806, "val_mae": 0.4099999964237213, "val_r2": 0.63, "val_spearmanr": 0.87, "val_mse": 0.3400000035762787, "val_rmse": 0.5799999833106995, "val_ranking_accuracy_0.1": 0.86, "val_ranking_accuracy_0.2": 0.88, "val_ranking_accuracy_0.3": 0.9, "val_ranking_accuracy_0.4": 0.91, "val_ranking_accuracy_0.5": 0.92, "val_ranking_accuracy_0.6": 0.94, "val_ranking_accuracy_0.7": 0.95, "val_ranking_accuracy_0.8": 0.96, "val_ranking_accuracy_0.9": 0.96, "val_ranking_accuracy_1.0": 0.97, "val_ranking_accuracy_1.1": 0.97, "val_ranking_accuracy_1.2": 0.97, "val_ranking_accuracy_1.3": 0.97, "val_ranking_accuracy_1.4": 0.97, "val_ranking_accuracy_1.5": 0.97, "val_ranking_accuracy_1.6": 0.97, "val_ranking_accuracy_1.7": 0.97, "val_ranking_accuracy_1.8": 0.97, "val_ranking_accuracy_1.9": 0.97, "val_ranking_accuracy_2.0": 0.97, "val_mean_loss": 0.4058579671592377, "val_sum_loss": 127.03354372084141, "timestamp": 1712688478, "checkpoint_dir_name": null, "done": true, "training_iteration": 30, "trial_id": "57285ad6", "date": "2024-04-09_20-47-58", "time_this_iter_s": 366.84301495552063, "time_total_s": 13376.29721212387, "pid": 2236891, "hostname": "jyn", "node_ip": "131.130.125.89", "config": {"model": {"hidden_dimension": 128, "modules": {"1": {"times": 3, "parameter": {"dropout": 0.0}}}}, "optimizer": {"base_learning_rate": 0.001}}, "time_since_restore": 13376.29721212387, "iterations_since_restore": 30}
