{"train_mae": 3.9800000190734863, "train_r2": -19.1, "train_spearmanr": 0.09, "train_mse": 17.450000762939453, "train_rmse": 4.179999828338623, "train_mean_loss": 3.982143291296103, "train_sum_loss": 1242.4287068843842, "val_mae": 3.940000057220459, "val_r2": -17.73, "val_spearmanr": 0.04, "val_mse": 17.190000534057617, "val_rmse": 4.150000095367432, "val_ranking_accuracy_0.1": 0.51, "val_ranking_accuracy_0.2": 0.51, "val_ranking_accuracy_0.3": 0.51, "val_ranking_accuracy_0.4": 0.51, "val_ranking_accuracy_0.5": 0.51, "val_ranking_accuracy_0.6": 0.51, "val_ranking_accuracy_0.7": 0.52, "val_ranking_accuracy_0.8": 0.52, "val_ranking_accuracy_0.9": 0.52, "val_ranking_accuracy_1.0": 0.52, "val_ranking_accuracy_1.1": 0.52, "val_ranking_accuracy_1.2": 0.52, "val_ranking_accuracy_1.3": 0.52, "val_ranking_accuracy_1.4": 0.52, "val_ranking_accuracy_1.5": 0.52, "val_ranking_accuracy_1.6": 0.51, "val_ranking_accuracy_1.7": 0.51, "val_ranking_accuracy_1.8": 0.52, "val_ranking_accuracy_1.9": 0.51, "val_ranking_accuracy_2.0": 0.51, "val_mean_loss": 3.936903060053865, "val_sum_loss": 1232.2506577968597, "timestamp": 1712690799, "checkpoint_dir_name": null, "done": false, "training_iteration": 1, "trial_id": "f7e9ec0b", "date": "2024-04-09_21-26-39", "time_this_iter_s": 591.4441869258881, "time_total_s": 591.4441869258881, "pid": 2247166, "hostname": "jyn", "node_ip": "131.130.125.89", "config": {"model": {"hidden_dimension": 64, "modules": {"1": {"times": 3, "parameter": {"dropout": 0.0}}}}, "optimizer": {"base_learning_rate": 0.0001}}, "time_since_restore": 591.4441869258881, "iterations_since_restore": 1}
{"train_mae": 1.440000057220459, "train_r2": -3.11, "train_spearmanr": 0.28, "train_mse": 3.569999933242798, "train_rmse": 1.8899999856948853, "train_mean_loss": 1.4408287786138363, "train_sum_loss": 449.53857892751694, "val_mae": 0.8299999833106995, "val_r2": -0.35, "val_spearmanr": 0.48, "val_mse": 1.2400000095367432, "val_rmse": 1.1100000143051147, "val_ranking_accuracy_0.1": 0.67, "val_ranking_accuracy_0.2": 0.68, "val_ranking_accuracy_0.3": 0.69, "val_ranking_accuracy_0.4": 0.7, "val_ranking_accuracy_0.5": 0.71, "val_ranking_accuracy_0.6": 0.72, "val_ranking_accuracy_0.7": 0.72, "val_ranking_accuracy_0.8": 0.73, "val_ranking_accuracy_0.9": 0.74, "val_ranking_accuracy_1.0": 0.75, "val_ranking_accuracy_1.1": 0.76, "val_ranking_accuracy_1.2": 0.77, "val_ranking_accuracy_1.3": 0.78, "val_ranking_accuracy_1.4": 0.79, "val_ranking_accuracy_1.5": 0.8, "val_ranking_accuracy_1.6": 0.8, "val_ranking_accuracy_1.7": 0.81, "val_ranking_accuracy_1.8": 0.82, "val_ranking_accuracy_1.9": 0.83, "val_ranking_accuracy_2.0": 0.83, "val_mean_loss": 0.8285254824656648, "val_sum_loss": 259.3284760117531, "timestamp": 1712691263, "checkpoint_dir_name": null, "done": false, "training_iteration": 2, "trial_id": "f7e9ec0b", "date": "2024-04-09_21-34-23", "time_this_iter_s": 463.53550481796265, "time_total_s": 1054.9796917438507, "pid": 2247166, "hostname": "jyn", "node_ip": "131.130.125.89", "config": {"model": {"hidden_dimension": 64, "modules": {"1": {"times": 3, "parameter": {"dropout": 0.0}}}}, "optimizer": {"base_learning_rate": 0.0001}}, "time_since_restore": 1054.9796917438507, "iterations_since_restore": 2}
{"train_mae": 0.7599999904632568, "train_r2": -0.19, "train_spearmanr": 0.53, "train_mse": 1.0299999713897705, "train_rmse": 1.0199999809265137, "train_mean_loss": 0.7622570478572295, "train_sum_loss": 237.8241989314556, "val_mae": 0.6200000047683716, "val_r2": 0.24, "val_spearmanr": 0.67, "val_mse": 0.699999988079071, "val_rmse": 0.8399999737739563, "val_ranking_accuracy_0.1": 0.76, "val_ranking_accuracy_0.2": 0.77, "val_ranking_accuracy_0.3": 0.78, "val_ranking_accuracy_0.4": 0.79, "val_ranking_accuracy_0.5": 0.81, "val_ranking_accuracy_0.6": 0.82, "val_ranking_accuracy_0.7": 0.83, "val_ranking_accuracy_0.8": 0.84, "val_ranking_accuracy_0.9": 0.85, "val_ranking_accuracy_1.0": 0.86, "val_ranking_accuracy_1.1": 0.87, "val_ranking_accuracy_1.2": 0.88, "val_ranking_accuracy_1.3": 0.88, "val_ranking_accuracy_1.4": 0.89, "val_ranking_accuracy_1.5": 0.9, "val_ranking_accuracy_1.6": 0.91, "val_ranking_accuracy_1.7": 0.91, "val_ranking_accuracy_1.8": 0.92, "val_ranking_accuracy_1.9": 0.92, "val_ranking_accuracy_2.0": 0.92, "val_mean_loss": 0.6198158927809316, "val_sum_loss": 194.0023744404316, "timestamp": 1712691709, "checkpoint_dir_name": null, "done": false, "training_iteration": 3, "trial_id": "f7e9ec0b", "date": "2024-04-09_21-41-49", "time_this_iter_s": 445.9111063480377, "time_total_s": 1500.8907980918884, "pid": 2247166, "hostname": "jyn", "node_ip": "131.130.125.89", "config": {"model": {"hidden_dimension": 64, "modules": {"1": {"times": 3, "parameter": {"dropout": 0.0}}}}, "optimizer": {"base_learning_rate": 0.0001}}, "time_since_restore": 1500.8907980918884, "iterations_since_restore": 3}
{"train_mae": 0.6600000262260437, "train_r2": 0.11, "train_spearmanr": 0.61, "train_mse": 0.7799999713897705, "train_rmse": 0.8799999952316284, "train_mean_loss": 0.6633887108510885, "train_sum_loss": 206.97727778553963, "val_mae": 0.5699999928474426, "val_r2": 0.34, "val_spearmanr": 0.68, "val_mse": 0.6000000238418579, "val_rmse": 0.7799999713897705, "val_ranking_accuracy_0.1": 0.76, "val_ranking_accuracy_0.2": 0.77, "val_ranking_accuracy_0.3": 0.79, "val_ranking_accuracy_0.4": 0.8, "val_ranking_accuracy_0.5": 0.81, "val_ranking_accuracy_0.6": 0.83, "val_ranking_accuracy_0.7": 0.84, "val_ranking_accuracy_0.8": 0.85, "val_ranking_accuracy_0.9": 0.86, "val_ranking_accuracy_1.0": 0.87, "val_ranking_accuracy_1.1": 0.87, "val_ranking_accuracy_1.2": 0.88, "val_ranking_accuracy_1.3": 0.88, "val_ranking_accuracy_1.4": 0.89, "val_ranking_accuracy_1.5": 0.9, "val_ranking_accuracy_1.6": 0.91, "val_ranking_accuracy_1.7": 0.92, "val_ranking_accuracy_1.8": 0.91, "val_ranking_accuracy_1.9": 0.91, "val_ranking_accuracy_2.0": 0.91, "val_mean_loss": 0.567226166827991, "val_sum_loss": 177.54179021716118, "timestamp": 1712692154, "checkpoint_dir_name": null, "done": false, "training_iteration": 4, "trial_id": "f7e9ec0b", "date": "2024-04-09_21-49-14", "time_this_iter_s": 445.1227385997772, "time_total_s": 1946.0135366916656, "pid": 2247166, "hostname": "jyn", "node_ip": "131.130.125.89", "config": {"model": {"hidden_dimension": 64, "modules": {"1": {"times": 3, "parameter": {"dropout": 0.0}}}}, "optimizer": {"base_learning_rate": 0.0001}}, "time_since_restore": 1946.0135366916656, "iterations_since_restore": 4}
{"train_mae": 0.5899999737739563, "train_r2": 0.29, "train_spearmanr": 0.66, "train_mse": 0.6200000047683716, "train_rmse": 0.7900000214576721, "train_mean_loss": 0.5923000817688612, "train_sum_loss": 184.7976255118847, "val_mae": 0.5299999713897705, "val_r2": 0.42, "val_spearmanr": 0.72, "val_mse": 0.5299999713897705, "val_rmse": 0.7300000190734863, "val_ranking_accuracy_0.1": 0.77, "val_ranking_accuracy_0.2": 0.78, "val_ranking_accuracy_0.3": 0.8, "val_ranking_accuracy_0.4": 0.81, "val_ranking_accuracy_0.5": 0.83, "val_ranking_accuracy_0.6": 0.84, "val_ranking_accuracy_0.7": 0.85, "val_ranking_accuracy_0.8": 0.86, "val_ranking_accuracy_0.9": 0.87, "val_ranking_accuracy_1.0": 0.88, "val_ranking_accuracy_1.1": 0.89, "val_ranking_accuracy_1.2": 0.9, "val_ranking_accuracy_1.3": 0.92, "val_ranking_accuracy_1.4": 0.92, "val_ranking_accuracy_1.5": 0.92, "val_ranking_accuracy_1.6": 0.93, "val_ranking_accuracy_1.7": 0.94, "val_ranking_accuracy_1.8": 0.94, "val_ranking_accuracy_1.9": 0.94, "val_ranking_accuracy_2.0": 0.94, "val_mean_loss": 0.5307280890667401, "val_sum_loss": 166.11789187788963, "timestamp": 1712692542, "checkpoint_dir_name": null, "done": true, "training_iteration": 5, "trial_id": "f7e9ec0b", "date": "2024-04-09_21-55-42", "time_this_iter_s": 388.56383085250854, "time_total_s": 2334.577367544174, "pid": 2247166, "hostname": "jyn", "node_ip": "131.130.125.89", "config": {"model": {"hidden_dimension": 64, "modules": {"1": {"times": 3, "parameter": {"dropout": 0.0}}}}, "optimizer": {"base_learning_rate": 0.0001}}, "time_since_restore": 2334.577367544174, "iterations_since_restore": 5}
