{"train_mae": 5.190000057220459, "train_r2": -31.18, "train_spearmanr": 0.05, "train_mse": 27.93000030517578, "train_rmse": 5.28000020980835, "train_mean_loss": 5.185678801475427, "train_sum_loss": 1617.9317860603333, "val_mae": 4.380000114440918, "val_r2": -21.11, "val_spearmanr": -0.07, "val_mse": 20.290000915527344, "val_rmse": 4.5, "val_ranking_accuracy_0.1": 0.48, "val_ranking_accuracy_0.2": 0.48, "val_ranking_accuracy_0.3": 0.48, "val_ranking_accuracy_0.4": 0.48, "val_ranking_accuracy_0.5": 0.48, "val_ranking_accuracy_0.6": 0.47, "val_ranking_accuracy_0.7": 0.47, "val_ranking_accuracy_0.8": 0.46, "val_ranking_accuracy_0.9": 0.46, "val_ranking_accuracy_1.0": 0.46, "val_ranking_accuracy_1.1": 0.46, "val_ranking_accuracy_1.2": 0.45, "val_ranking_accuracy_1.3": 0.45, "val_ranking_accuracy_1.4": 0.44, "val_ranking_accuracy_1.5": 0.44, "val_ranking_accuracy_1.6": 0.44, "val_ranking_accuracy_1.7": 0.44, "val_ranking_accuracy_1.8": 0.43, "val_ranking_accuracy_1.9": 0.42, "val_ranking_accuracy_2.0": 0.42, "val_mean_loss": 4.384028203952046, "val_sum_loss": 1372.2008278369904, "timestamp": 1712687077, "checkpoint_dir_name": null, "done": false, "training_iteration": 1, "trial_id": "9b5b2652", "date": "2024-04-09_20-24-37", "time_this_iter_s": 1493.0483071804047, "time_total_s": 1493.0483071804047, "pid": 2246183, "hostname": "jyn", "node_ip": "131.130.125.89", "config": {"model": {"hidden_dimension": 64, "modules": {"1": {"times": 10, "parameter": {"dropout": 0.5}}}}, "optimizer": {"base_learning_rate": 1e-05}}, "time_since_restore": 1493.0483071804047, "iterations_since_restore": 1}
{"train_mae": 4.920000076293945, "train_r2": -28.29, "train_spearmanr": -0.01, "train_mse": 25.40999984741211, "train_rmse": 5.039999961853027, "train_mean_loss": 4.9175029916641035, "train_sum_loss": 1534.2609333992004, "val_mae": 3.609999895095825, "val_r2": -15.02, "val_spearmanr": -0.06, "val_mse": 14.699999809265137, "val_rmse": 3.8299999237060547, "val_ranking_accuracy_0.1": 0.48, "val_ranking_accuracy_0.2": 0.47, "val_ranking_accuracy_0.3": 0.47, "val_ranking_accuracy_0.4": 0.48, "val_ranking_accuracy_0.5": 0.48, "val_ranking_accuracy_0.6": 0.47, "val_ranking_accuracy_0.7": 0.47, "val_ranking_accuracy_0.8": 0.47, "val_ranking_accuracy_0.9": 0.47, "val_ranking_accuracy_1.0": 0.47, "val_ranking_accuracy_1.1": 0.47, "val_ranking_accuracy_1.2": 0.46, "val_ranking_accuracy_1.3": 0.45, "val_ranking_accuracy_1.4": 0.45, "val_ranking_accuracy_1.5": 0.44, "val_ranking_accuracy_1.6": 0.44, "val_ranking_accuracy_1.7": 0.44, "val_ranking_accuracy_1.8": 0.44, "val_ranking_accuracy_1.9": 0.41, "val_ranking_accuracy_2.0": 0.39, "val_mean_loss": 3.6070711376568, "val_sum_loss": 1129.0132660865784, "timestamp": 1712688373, "checkpoint_dir_name": null, "done": false, "training_iteration": 2, "trial_id": "9b5b2652", "date": "2024-04-09_20-46-13", "time_this_iter_s": 1296.0984201431274, "time_total_s": 2789.146727323532, "pid": 2246183, "hostname": "jyn", "node_ip": "131.130.125.89", "config": {"model": {"hidden_dimension": 64, "modules": {"1": {"times": 10, "parameter": {"dropout": 0.5}}}}, "optimizer": {"base_learning_rate": 1e-05}}, "time_since_restore": 2789.146727323532, "iterations_since_restore": 2}
{"train_mae": 3.4800000190734863, "train_r2": -15.85, "train_spearmanr": 0.0, "train_mse": 14.59000015258789, "train_rmse": 3.819999933242798, "train_mean_loss": 3.482029046767797, "train_sum_loss": 1086.3930625915527, "val_mae": 2.559999942779541, "val_r2": -9.66, "val_spearmanr": -0.01, "val_mse": 9.789999961853027, "val_rmse": 3.130000114440918, "val_ranking_accuracy_0.1": 0.5, "val_ranking_accuracy_0.2": 0.5, "val_ranking_accuracy_0.3": 0.5, "val_ranking_accuracy_0.4": 0.5, "val_ranking_accuracy_0.5": 0.5, "val_ranking_accuracy_0.6": 0.5, "val_ranking_accuracy_0.7": 0.49, "val_ranking_accuracy_0.8": 0.49, "val_ranking_accuracy_0.9": 0.49, "val_ranking_accuracy_1.0": 0.49, "val_ranking_accuracy_1.1": 0.49, "val_ranking_accuracy_1.2": 0.49, "val_ranking_accuracy_1.3": 0.49, "val_ranking_accuracy_1.4": 0.5, "val_ranking_accuracy_1.5": 0.49, "val_ranking_accuracy_1.6": 0.49, "val_ranking_accuracy_1.7": 0.48, "val_ranking_accuracy_1.8": 0.48, "val_ranking_accuracy_1.9": 0.48, "val_ranking_accuracy_2.0": 0.47, "val_mean_loss": 2.555249288820992, "val_sum_loss": 799.7930274009705, "timestamp": 1712689664, "checkpoint_dir_name": null, "done": false, "training_iteration": 3, "trial_id": "9b5b2652", "date": "2024-04-09_21-07-44", "time_this_iter_s": 1291.196264743805, "time_total_s": 4080.342992067337, "pid": 2246183, "hostname": "jyn", "node_ip": "131.130.125.89", "config": {"model": {"hidden_dimension": 64, "modules": {"1": {"times": 10, "parameter": {"dropout": 0.5}}}}, "optimizer": {"base_learning_rate": 1e-05}}, "time_since_restore": 4080.342992067337, "iterations_since_restore": 3}
{"train_mae": 2.0199999809265137, "train_r2": -6.61, "train_spearmanr": 0.13, "train_mse": 6.610000133514404, "train_rmse": 2.569999933242798, "train_mean_loss": 2.0177279668740735, "train_sum_loss": 629.531125664711, "val_mae": 3.130000114440918, "val_r2": -13.95, "val_spearmanr": 0.15, "val_mse": 13.720000267028809, "val_rmse": 3.700000047683716, "val_ranking_accuracy_0.1": 0.55, "val_ranking_accuracy_0.2": 0.55, "val_ranking_accuracy_0.3": 0.56, "val_ranking_accuracy_0.4": 0.56, "val_ranking_accuracy_0.5": 0.56, "val_ranking_accuracy_0.6": 0.57, "val_ranking_accuracy_0.7": 0.57, "val_ranking_accuracy_0.8": 0.57, "val_ranking_accuracy_0.9": 0.57, "val_ranking_accuracy_1.0": 0.57, "val_ranking_accuracy_1.1": 0.58, "val_ranking_accuracy_1.2": 0.58, "val_ranking_accuracy_1.3": 0.59, "val_ranking_accuracy_1.4": 0.59, "val_ranking_accuracy_1.5": 0.59, "val_ranking_accuracy_1.6": 0.6, "val_ranking_accuracy_1.7": 0.61, "val_ranking_accuracy_1.8": 0.6, "val_ranking_accuracy_1.9": 0.61, "val_ranking_accuracy_2.0": 0.61, "val_mean_loss": 3.126189365173681, "val_sum_loss": 978.4972712993622, "timestamp": 1712690921, "checkpoint_dir_name": null, "done": false, "training_iteration": 4, "trial_id": "9b5b2652", "date": "2024-04-09_21-28-41", "time_this_iter_s": 1256.4264824390411, "time_total_s": 5336.769474506378, "pid": 2246183, "hostname": "jyn", "node_ip": "131.130.125.89", "config": {"model": {"hidden_dimension": 64, "modules": {"1": {"times": 10, "parameter": {"dropout": 0.5}}}}, "optimizer": {"base_learning_rate": 1e-05}}, "time_since_restore": 5336.769474506378, "iterations_since_restore": 4}
{"train_mae": 1.6100000143051147, "train_r2": -4.1, "train_spearmanr": 0.27, "train_mse": 4.420000076293945, "train_rmse": 2.0999999046325684, "train_mean_loss": 1.614205580873367, "train_sum_loss": 503.63214123249054, "val_mae": 2.7699999809265137, "val_r2": -11.03, "val_spearmanr": 0.26, "val_mse": 11.039999961853027, "val_rmse": 3.319999933242798, "val_ranking_accuracy_0.1": 0.58, "val_ranking_accuracy_0.2": 0.59, "val_ranking_accuracy_0.3": 0.6, "val_ranking_accuracy_0.4": 0.6, "val_ranking_accuracy_0.5": 0.61, "val_ranking_accuracy_0.6": 0.61, "val_ranking_accuracy_0.7": 0.62, "val_ranking_accuracy_0.8": 0.63, "val_ranking_accuracy_0.9": 0.63, "val_ranking_accuracy_1.0": 0.64, "val_ranking_accuracy_1.1": 0.64, "val_ranking_accuracy_1.2": 0.65, "val_ranking_accuracy_1.3": 0.65, "val_ranking_accuracy_1.4": 0.65, "val_ranking_accuracy_1.5": 0.65, "val_ranking_accuracy_1.6": 0.65, "val_ranking_accuracy_1.7": 0.66, "val_ranking_accuracy_1.8": 0.66, "val_ranking_accuracy_1.9": 0.67, "val_ranking_accuracy_2.0": 0.67, "val_mean_loss": 2.7716539648775096, "val_sum_loss": 867.5276910066605, "timestamp": 1712692249, "checkpoint_dir_name": null, "done": true, "training_iteration": 5, "trial_id": "9b5b2652", "date": "2024-04-09_21-50-49", "time_this_iter_s": 1328.0283331871033, "time_total_s": 6664.797807693481, "pid": 2246183, "hostname": "jyn", "node_ip": "131.130.125.89", "config": {"model": {"hidden_dimension": 64, "modules": {"1": {"times": 10, "parameter": {"dropout": 0.5}}}}, "optimizer": {"base_learning_rate": 1e-05}}, "time_since_restore": 6664.797807693481, "iterations_since_restore": 5}
