{"train_mae": 6.320000171661377, "train_r2": -49.34, "train_spearmanr": -0.13, "train_mse": 43.689998626708984, "train_rmse": 6.610000133514404, "train_mean_loss": 6.319908308677184, "train_sum_loss": 1971.8113923072815, "val_mae": 6.300000190734863, "val_r2": -46.43, "val_spearmanr": -0.14, "val_mse": 43.529998779296875, "val_rmse": 6.599999904632568, "val_ranking_accuracy_0.1": 0.46, "val_ranking_accuracy_0.2": 0.45, "val_ranking_accuracy_0.3": 0.45, "val_ranking_accuracy_0.4": 0.44, "val_ranking_accuracy_0.5": 0.44, "val_ranking_accuracy_0.6": 0.43, "val_ranking_accuracy_0.7": 0.43, "val_ranking_accuracy_0.8": 0.43, "val_ranking_accuracy_0.9": 0.43, "val_ranking_accuracy_1.0": 0.43, "val_ranking_accuracy_1.1": 0.42, "val_ranking_accuracy_1.2": 0.42, "val_ranking_accuracy_1.3": 0.42, "val_ranking_accuracy_1.4": 0.42, "val_ranking_accuracy_1.5": 0.42, "val_ranking_accuracy_1.6": 0.42, "val_ranking_accuracy_1.7": 0.41, "val_ranking_accuracy_1.8": 0.41, "val_ranking_accuracy_1.9": 0.42, "val_ranking_accuracy_2.0": 0.42, "val_mean_loss": 6.29562161905697, "val_sum_loss": 1970.5295667648315, "timestamp": 1712688361, "checkpoint_dir_name": null, "done": false, "training_iteration": 1, "trial_id": "65b32704", "date": "2024-04-09_20-46-01", "time_this_iter_s": 974.2422540187836, "time_total_s": 974.2422540187836, "pid": 2246572, "hostname": "jyn", "node_ip": "131.130.125.89", "config": {"model": {"hidden_dimension": 128, "modules": {"1": {"times": 6, "parameter": {"dropout": 0.0}}}}, "optimizer": {"base_learning_rate": 0.001}}, "time_since_restore": 974.2422540187836, "iterations_since_restore": 1}
{"train_mae": 0.9399999976158142, "train_r2": -1.22, "train_spearmanr": 0.47, "train_mse": 1.9299999475479126, "train_rmse": 1.3899999856948853, "train_mean_loss": 0.9441584560733575, "train_sum_loss": 294.57743829488754, "val_mae": 0.5699999928474426, "val_r2": 0.34, "val_spearmanr": 0.74, "val_mse": 0.6100000143051147, "val_rmse": 0.7799999713897705, "val_ranking_accuracy_0.1": 0.79, "val_ranking_accuracy_0.2": 0.81, "val_ranking_accuracy_0.3": 0.82, "val_ranking_accuracy_0.4": 0.84, "val_ranking_accuracy_0.5": 0.85, "val_ranking_accuracy_0.6": 0.86, "val_ranking_accuracy_0.7": 0.87, "val_ranking_accuracy_0.8": 0.88, "val_ranking_accuracy_0.9": 0.89, "val_ranking_accuracy_1.0": 0.9, "val_ranking_accuracy_1.1": 0.91, "val_ranking_accuracy_1.2": 0.92, "val_ranking_accuracy_1.3": 0.92, "val_ranking_accuracy_1.4": 0.93, "val_ranking_accuracy_1.5": 0.93, "val_ranking_accuracy_1.6": 0.93, "val_ranking_accuracy_1.7": 0.93, "val_ranking_accuracy_1.8": 0.93, "val_ranking_accuracy_1.9": 0.93, "val_ranking_accuracy_2.0": 0.93, "val_mean_loss": 0.5723618389889836, "val_sum_loss": 179.14925560355186, "timestamp": 1712689180, "checkpoint_dir_name": null, "done": false, "training_iteration": 2, "trial_id": "65b32704", "date": "2024-04-09_20-59-40", "time_this_iter_s": 819.2694058418274, "time_total_s": 1793.511659860611, "pid": 2246572, "hostname": "jyn", "node_ip": "131.130.125.89", "config": {"model": {"hidden_dimension": 128, "modules": {"1": {"times": 6, "parameter": {"dropout": 0.0}}}}, "optimizer": {"base_learning_rate": 0.001}}, "time_since_restore": 1793.511659860611, "iterations_since_restore": 2}
{"train_mae": 0.6700000166893005, "train_r2": 0.12, "train_spearmanr": 0.61, "train_mse": 0.7699999809265137, "train_rmse": 0.8700000047683716, "train_mean_loss": 0.6658008083319052, "train_sum_loss": 207.72985219955444, "val_mae": 0.6000000238418579, "val_r2": 0.22, "val_spearmanr": 0.63, "val_mse": 0.7200000286102295, "val_rmse": 0.8500000238418579, "val_ranking_accuracy_0.1": 0.74, "val_ranking_accuracy_0.2": 0.76, "val_ranking_accuracy_0.3": 0.77, "val_ranking_accuracy_0.4": 0.78, "val_ranking_accuracy_0.5": 0.79, "val_ranking_accuracy_0.6": 0.8, "val_ranking_accuracy_0.7": 0.81, "val_ranking_accuracy_0.8": 0.82, "val_ranking_accuracy_0.9": 0.83, "val_ranking_accuracy_1.0": 0.84, "val_ranking_accuracy_1.1": 0.84, "val_ranking_accuracy_1.2": 0.85, "val_ranking_accuracy_1.3": 0.85, "val_ranking_accuracy_1.4": 0.86, "val_ranking_accuracy_1.5": 0.86, "val_ranking_accuracy_1.6": 0.86, "val_ranking_accuracy_1.7": 0.87, "val_ranking_accuracy_1.8": 0.88, "val_ranking_accuracy_1.9": 0.88, "val_ranking_accuracy_2.0": 0.89, "val_mean_loss": 0.6035075805629023, "val_sum_loss": 188.89787271618843, "timestamp": 1712689989, "checkpoint_dir_name": null, "done": false, "training_iteration": 3, "trial_id": "65b32704", "date": "2024-04-09_21-13-09", "time_this_iter_s": 809.299474477768, "time_total_s": 2602.811134338379, "pid": 2246572, "hostname": "jyn", "node_ip": "131.130.125.89", "config": {"model": {"hidden_dimension": 128, "modules": {"1": {"times": 6, "parameter": {"dropout": 0.0}}}}, "optimizer": {"base_learning_rate": 0.001}}, "time_since_restore": 2602.811134338379, "iterations_since_restore": 3}
{"train_mae": 0.6100000143051147, "train_r2": 0.24, "train_spearmanr": 0.66, "train_mse": 0.6600000262260437, "train_rmse": 0.8100000023841858, "train_mean_loss": 0.6121294444952255, "train_sum_loss": 190.98438668251038, "val_mae": 0.5400000214576721, "val_r2": 0.38, "val_spearmanr": 0.68, "val_mse": 0.5600000023841858, "val_rmse": 0.75, "val_ranking_accuracy_0.1": 0.76, "val_ranking_accuracy_0.2": 0.78, "val_ranking_accuracy_0.3": 0.79, "val_ranking_accuracy_0.4": 0.81, "val_ranking_accuracy_0.5": 0.82, "val_ranking_accuracy_0.6": 0.83, "val_ranking_accuracy_0.7": 0.84, "val_ranking_accuracy_0.8": 0.86, "val_ranking_accuracy_0.9": 0.87, "val_ranking_accuracy_1.0": 0.87, "val_ranking_accuracy_1.1": 0.88, "val_ranking_accuracy_1.2": 0.88, "val_ranking_accuracy_1.3": 0.89, "val_ranking_accuracy_1.4": 0.9, "val_ranking_accuracy_1.5": 0.9, "val_ranking_accuracy_1.6": 0.91, "val_ranking_accuracy_1.7": 0.92, "val_ranking_accuracy_1.8": 0.92, "val_ranking_accuracy_1.9": 0.92, "val_ranking_accuracy_2.0": 0.93, "val_mean_loss": 0.5448265694581662, "val_sum_loss": 170.53071624040604, "timestamp": 1712690782, "checkpoint_dir_name": null, "done": false, "training_iteration": 4, "trial_id": "65b32704", "date": "2024-04-09_21-26-22", "time_this_iter_s": 792.8187937736511, "time_total_s": 3395.62992811203, "pid": 2246572, "hostname": "jyn", "node_ip": "131.130.125.89", "config": {"model": {"hidden_dimension": 128, "modules": {"1": {"times": 6, "parameter": {"dropout": 0.0}}}}, "optimizer": {"base_learning_rate": 0.001}}, "time_since_restore": 3395.62992811203, "iterations_since_restore": 4}
{"train_mae": 0.6000000238418579, "train_r2": 0.28, "train_spearmanr": 0.67, "train_mse": 0.6299999952316284, "train_rmse": 0.7900000214576721, "train_mean_loss": 0.600735601133261, "train_sum_loss": 187.42950755357742, "val_mae": 0.5199999809265137, "val_r2": 0.46, "val_spearmanr": 0.73, "val_mse": 0.5, "val_rmse": 0.7099999785423279, "val_ranking_accuracy_0.1": 0.78, "val_ranking_accuracy_0.2": 0.8, "val_ranking_accuracy_0.3": 0.82, "val_ranking_accuracy_0.4": 0.83, "val_ranking_accuracy_0.5": 0.84, "val_ranking_accuracy_0.6": 0.85, "val_ranking_accuracy_0.7": 0.87, "val_ranking_accuracy_0.8": 0.88, "val_ranking_accuracy_0.9": 0.89, "val_ranking_accuracy_1.0": 0.9, "val_ranking_accuracy_1.1": 0.91, "val_ranking_accuracy_1.2": 0.92, "val_ranking_accuracy_1.3": 0.92, "val_ranking_accuracy_1.4": 0.93, "val_ranking_accuracy_1.5": 0.93, "val_ranking_accuracy_1.6": 0.94, "val_ranking_accuracy_1.7": 0.94, "val_ranking_accuracy_1.8": 0.94, "val_ranking_accuracy_1.9": 0.95, "val_ranking_accuracy_2.0": 0.94, "val_mean_loss": 0.5183324150193613, "val_sum_loss": 162.2380459010601, "timestamp": 1712691630, "checkpoint_dir_name": null, "done": false, "training_iteration": 5, "trial_id": "65b32704", "date": "2024-04-09_21-40-30", "time_this_iter_s": 848.2152183055878, "time_total_s": 4243.845146417618, "pid": 2246572, "hostname": "jyn", "node_ip": "131.130.125.89", "config": {"model": {"hidden_dimension": 128, "modules": {"1": {"times": 6, "parameter": {"dropout": 0.0}}}}, "optimizer": {"base_learning_rate": 0.001}}, "time_since_restore": 4243.845146417618, "iterations_since_restore": 5}
{"train_mae": 0.5799999833106995, "train_r2": 0.33, "train_spearmanr": 0.69, "train_mse": 0.5799999833106995, "train_rmse": 0.7599999904632568, "train_mean_loss": 0.5773331339542682, "train_sum_loss": 180.1279377937317, "val_mae": 0.5899999737739563, "val_r2": 0.35, "val_spearmanr": 0.78, "val_mse": 0.6000000238418579, "val_rmse": 0.7699999809265137, "val_ranking_accuracy_0.1": 0.81, "val_ranking_accuracy_0.2": 0.82, "val_ranking_accuracy_0.3": 0.84, "val_ranking_accuracy_0.4": 0.85, "val_ranking_accuracy_0.5": 0.87, "val_ranking_accuracy_0.6": 0.88, "val_ranking_accuracy_0.7": 0.89, "val_ranking_accuracy_0.8": 0.91, "val_ranking_accuracy_0.9": 0.92, "val_ranking_accuracy_1.0": 0.93, "val_ranking_accuracy_1.1": 0.93, "val_ranking_accuracy_1.2": 0.94, "val_ranking_accuracy_1.3": 0.95, "val_ranking_accuracy_1.4": 0.95, "val_ranking_accuracy_1.5": 0.96, "val_ranking_accuracy_1.6": 0.96, "val_ranking_accuracy_1.7": 0.96, "val_ranking_accuracy_1.8": 0.97, "val_ranking_accuracy_1.9": 0.97, "val_ranking_accuracy_2.0": 0.97, "val_mean_loss": 0.5895477472402798, "val_sum_loss": 184.52844488620758, "timestamp": 1712692400, "checkpoint_dir_name": null, "done": false, "training_iteration": 6, "trial_id": "65b32704", "date": "2024-04-09_21-53-20", "time_this_iter_s": 770.0321354866028, "time_total_s": 5013.877281904221, "pid": 2246572, "hostname": "jyn", "node_ip": "131.130.125.89", "config": {"model": {"hidden_dimension": 128, "modules": {"1": {"times": 6, "parameter": {"dropout": 0.0}}}}, "optimizer": {"base_learning_rate": 0.001}}, "time_since_restore": 5013.877281904221, "iterations_since_restore": 6}
