{"train_mae": 6.179999828338623, "train_r2": -46.36, "train_spearmanr": -0.14, "train_mse": 41.099998474121094, "train_rmse": 6.409999847412109, "train_mean_loss": 6.175483289437416, "train_sum_loss": 1926.7507863044739, "val_mae": 6.349999904632568, "val_r2": -46.61, "val_spearmanr": -0.18, "val_mse": 43.70000076293945, "val_rmse": 6.610000133514404, "val_ranking_accuracy_0.1": 0.44, "val_ranking_accuracy_0.2": 0.44, "val_ranking_accuracy_0.3": 0.43, "val_ranking_accuracy_0.4": 0.42, "val_ranking_accuracy_0.5": 0.42, "val_ranking_accuracy_0.6": 0.42, "val_ranking_accuracy_0.7": 0.41, "val_ranking_accuracy_0.8": 0.41, "val_ranking_accuracy_0.9": 0.41, "val_ranking_accuracy_1.0": 0.41, "val_ranking_accuracy_1.1": 0.4, "val_ranking_accuracy_1.2": 0.4, "val_ranking_accuracy_1.3": 0.4, "val_ranking_accuracy_1.4": 0.4, "val_ranking_accuracy_1.5": 0.39, "val_ranking_accuracy_1.6": 0.4, "val_ranking_accuracy_1.7": 0.38, "val_ranking_accuracy_1.8": 0.39, "val_ranking_accuracy_1.9": 0.39, "val_ranking_accuracy_2.0": 0.39, "val_mean_loss": 6.350839648383875, "val_sum_loss": 1987.8128099441528, "timestamp": 1712689384, "checkpoint_dir_name": null, "done": false, "training_iteration": 1, "trial_id": "b9725c9c", "date": "2024-04-09_21-03-04", "time_this_iter_s": 1008.8799874782562, "time_total_s": 1008.8799874782562, "pid": 2246778, "hostname": "jyn", "node_ip": "131.130.125.89", "config": {"model": {"hidden_dimension": 256, "modules": {"1": {"times": 6, "parameter": {"dropout": 0.2}}}}, "optimizer": {"base_learning_rate": 0.001}}, "time_since_restore": 1008.8799874782562, "iterations_since_restore": 1}
{"train_mae": 1.0, "train_r2": -1.46, "train_spearmanr": 0.45, "train_mse": 2.140000104904175, "train_rmse": 1.4600000381469727, "train_mean_loss": 0.997313180890603, "train_sum_loss": 311.1617124378681, "val_mae": 0.7300000190734863, "val_r2": -0.08, "val_spearmanr": 0.69, "val_mse": 0.9900000095367432, "val_rmse": 1.0, "val_ranking_accuracy_0.1": 0.75, "val_ranking_accuracy_0.2": 0.77, "val_ranking_accuracy_0.3": 0.78, "val_ranking_accuracy_0.4": 0.8, "val_ranking_accuracy_0.5": 0.81, "val_ranking_accuracy_0.6": 0.82, "val_ranking_accuracy_0.7": 0.84, "val_ranking_accuracy_0.8": 0.85, "val_ranking_accuracy_0.9": 0.86, "val_ranking_accuracy_1.0": 0.87, "val_ranking_accuracy_1.1": 0.88, "val_ranking_accuracy_1.2": 0.88, "val_ranking_accuracy_1.3": 0.89, "val_ranking_accuracy_1.4": 0.89, "val_ranking_accuracy_1.5": 0.89, "val_ranking_accuracy_1.6": 0.9, "val_ranking_accuracy_1.7": 0.9, "val_ranking_accuracy_1.8": 0.91, "val_ranking_accuracy_1.9": 0.91, "val_ranking_accuracy_2.0": 0.91, "val_mean_loss": 0.7338084511863537, "val_sum_loss": 229.68204522132874, "timestamp": 1712690207, "checkpoint_dir_name": null, "done": false, "training_iteration": 2, "trial_id": "b9725c9c", "date": "2024-04-09_21-16-47", "time_this_iter_s": 823.09801197052, "time_total_s": 1831.9779994487762, "pid": 2246778, "hostname": "jyn", "node_ip": "131.130.125.89", "config": {"model": {"hidden_dimension": 256, "modules": {"1": {"times": 6, "parameter": {"dropout": 0.2}}}}, "optimizer": {"base_learning_rate": 0.001}}, "time_since_restore": 1831.9779994487762, "iterations_since_restore": 2}
{"train_mae": 0.6800000071525574, "train_r2": 0.08, "train_spearmanr": 0.6, "train_mse": 0.800000011920929, "train_rmse": 0.8899999856948853, "train_mean_loss": 0.6805538879946257, "train_sum_loss": 212.3328130543232, "val_mae": 0.7599999904632568, "val_r2": -0.06, "val_spearmanr": 0.61, "val_mse": 0.9800000190734863, "val_rmse": 0.9900000095367432, "val_ranking_accuracy_0.1": 0.74, "val_ranking_accuracy_0.2": 0.75, "val_ranking_accuracy_0.3": 0.76, "val_ranking_accuracy_0.4": 0.77, "val_ranking_accuracy_0.5": 0.78, "val_ranking_accuracy_0.6": 0.79, "val_ranking_accuracy_0.7": 0.81, "val_ranking_accuracy_0.8": 0.82, "val_ranking_accuracy_0.9": 0.83, "val_ranking_accuracy_1.0": 0.84, "val_ranking_accuracy_1.1": 0.85, "val_ranking_accuracy_1.2": 0.85, "val_ranking_accuracy_1.3": 0.85, "val_ranking_accuracy_1.4": 0.86, "val_ranking_accuracy_1.5": 0.87, "val_ranking_accuracy_1.6": 0.87, "val_ranking_accuracy_1.7": 0.87, "val_ranking_accuracy_1.8": 0.89, "val_ranking_accuracy_1.9": 0.89, "val_ranking_accuracy_2.0": 0.89, "val_mean_loss": 0.7567138964185318, "val_sum_loss": 236.85144957900047, "timestamp": 1712690982, "checkpoint_dir_name": null, "done": false, "training_iteration": 3, "trial_id": "b9725c9c", "date": "2024-04-09_21-29-42", "time_this_iter_s": 775.3763091564178, "time_total_s": 2607.354308605194, "pid": 2246778, "hostname": "jyn", "node_ip": "131.130.125.89", "config": {"model": {"hidden_dimension": 256, "modules": {"1": {"times": 6, "parameter": {"dropout": 0.2}}}}, "optimizer": {"base_learning_rate": 0.001}}, "time_since_restore": 2607.354308605194, "iterations_since_restore": 3}
{"train_mae": 0.6399999856948853, "train_r2": 0.17, "train_spearmanr": 0.63, "train_mse": 0.7200000286102295, "train_rmse": 0.8500000238418579, "train_mean_loss": 0.640662786956781, "train_sum_loss": 199.88678953051567, "val_mae": 0.8399999737739563, "val_r2": -0.32, "val_spearmanr": 0.62, "val_mse": 1.2100000381469727, "val_rmse": 1.100000023841858, "val_ranking_accuracy_0.1": 0.73, "val_ranking_accuracy_0.2": 0.75, "val_ranking_accuracy_0.3": 0.76, "val_ranking_accuracy_0.4": 0.77, "val_ranking_accuracy_0.5": 0.79, "val_ranking_accuracy_0.6": 0.8, "val_ranking_accuracy_0.7": 0.81, "val_ranking_accuracy_0.8": 0.82, "val_ranking_accuracy_0.9": 0.83, "val_ranking_accuracy_1.0": 0.85, "val_ranking_accuracy_1.1": 0.85, "val_ranking_accuracy_1.2": 0.86, "val_ranking_accuracy_1.3": 0.87, "val_ranking_accuracy_1.4": 0.87, "val_ranking_accuracy_1.5": 0.88, "val_ranking_accuracy_1.6": 0.89, "val_ranking_accuracy_1.7": 0.9, "val_ranking_accuracy_1.8": 0.9, "val_ranking_accuracy_1.9": 0.91, "val_ranking_accuracy_2.0": 0.91, "val_mean_loss": 0.8361607898538486, "val_sum_loss": 261.7183272242546, "timestamp": 1712691825, "checkpoint_dir_name": null, "done": false, "training_iteration": 4, "trial_id": "b9725c9c", "date": "2024-04-09_21-43-45", "time_this_iter_s": 842.7015800476074, "time_total_s": 3450.0558886528015, "pid": 2246778, "hostname": "jyn", "node_ip": "131.130.125.89", "config": {"model": {"hidden_dimension": 256, "modules": {"1": {"times": 6, "parameter": {"dropout": 0.2}}}}, "optimizer": {"base_learning_rate": 0.001}}, "time_since_restore": 3450.0558886528015, "iterations_since_restore": 4}
{"train_mae": 0.6200000047683716, "train_r2": 0.23, "train_spearmanr": 0.65, "train_mse": 0.6700000166893005, "train_rmse": 0.8199999928474426, "train_mean_loss": 0.6197995491898977, "train_sum_loss": 193.37745934724808, "val_mae": 0.5400000214576721, "val_r2": 0.41, "val_spearmanr": 0.76, "val_mse": 0.5400000214576721, "val_rmse": 0.7400000095367432, "val_ranking_accuracy_0.1": 0.79, "val_ranking_accuracy_0.2": 0.81, "val_ranking_accuracy_0.3": 0.82, "val_ranking_accuracy_0.4": 0.84, "val_ranking_accuracy_0.5": 0.85, "val_ranking_accuracy_0.6": 0.87, "val_ranking_accuracy_0.7": 0.88, "val_ranking_accuracy_0.8": 0.89, "val_ranking_accuracy_0.9": 0.9, "val_ranking_accuracy_1.0": 0.91, "val_ranking_accuracy_1.1": 0.92, "val_ranking_accuracy_1.2": 0.93, "val_ranking_accuracy_1.3": 0.93, "val_ranking_accuracy_1.4": 0.94, "val_ranking_accuracy_1.5": 0.94, "val_ranking_accuracy_1.6": 0.95, "val_ranking_accuracy_1.7": 0.95, "val_ranking_accuracy_1.8": 0.96, "val_ranking_accuracy_1.9": 0.96, "val_ranking_accuracy_2.0": 0.96, "val_mean_loss": 0.5426897917883083, "val_sum_loss": 169.86190482974052, "timestamp": 1712692572, "checkpoint_dir_name": null, "done": false, "training_iteration": 5, "trial_id": "b9725c9c", "date": "2024-04-09_21-56-12", "time_this_iter_s": 747.2119438648224, "time_total_s": 4197.267832517624, "pid": 2246778, "hostname": "jyn", "node_ip": "131.130.125.89", "config": {"model": {"hidden_dimension": 256, "modules": {"1": {"times": 6, "parameter": {"dropout": 0.2}}}}, "optimizer": {"base_learning_rate": 0.001}}, "time_since_restore": 4197.267832517624, "iterations_since_restore": 5}
