{"train_mae": 3.9800000190734863, "train_r2": -19.1, "train_spearmanr": 0.09, "train_mse": 17.450000762939453, "train_rmse": 4.179999828338623, "train_mean_loss": 3.982143305051021, "train_sum_loss": 1242.4287111759186, "val_mae": 3.940000057220459, "val_r2": -17.73, "val_spearmanr": 0.04, "val_mse": 17.190000534057617, "val_rmse": 4.150000095367432, "val_ranking_accuracy_0.1": 0.51, "val_ranking_accuracy_0.2": 0.51, "val_ranking_accuracy_0.3": 0.51, "val_ranking_accuracy_0.4": 0.51, "val_ranking_accuracy_0.5": 0.51, "val_ranking_accuracy_0.6": 0.51, "val_ranking_accuracy_0.7": 0.52, "val_ranking_accuracy_0.8": 0.52, "val_ranking_accuracy_0.9": 0.52, "val_ranking_accuracy_1.0": 0.52, "val_ranking_accuracy_1.1": 0.52, "val_ranking_accuracy_1.2": 0.52, "val_ranking_accuracy_1.3": 0.52, "val_ranking_accuracy_1.4": 0.52, "val_ranking_accuracy_1.5": 0.52, "val_ranking_accuracy_1.6": 0.51, "val_ranking_accuracy_1.7": 0.51, "val_ranking_accuracy_1.8": 0.52, "val_ranking_accuracy_1.9": 0.51, "val_ranking_accuracy_2.0": 0.51, "val_mean_loss": 3.936903050913217, "val_sum_loss": 1232.2506549358368, "timestamp": 1712689148, "checkpoint_dir_name": null, "done": false, "training_iteration": 1, "trial_id": "c5f1b9d1", "date": "2024-04-09_20-59-08", "time_this_iter_s": 663.2362561225891, "time_total_s": 663.2362561225891, "pid": 2246872, "hostname": "jyn", "node_ip": "131.130.125.89", "config": {"model": {"hidden_dimension": 64, "modules": {"1": {"times": 3, "parameter": {"dropout": 0.0}}}}, "optimizer": {"base_learning_rate": 0.0001}}, "time_since_restore": 663.2362561225891, "iterations_since_restore": 1}
{"train_mae": 1.440000057220459, "train_r2": -3.12, "train_spearmanr": 0.28, "train_mse": 3.569999933242798, "train_rmse": 1.8899999856948853, "train_mean_loss": 1.4409809349439082, "train_sum_loss": 449.5860517024994, "val_mae": 0.8299999833106995, "val_r2": -0.35, "val_spearmanr": 0.48, "val_mse": 1.2400000095367432, "val_rmse": 1.1100000143051147, "val_ranking_accuracy_0.1": 0.67, "val_ranking_accuracy_0.2": 0.68, "val_ranking_accuracy_0.3": 0.69, "val_ranking_accuracy_0.4": 0.7, "val_ranking_accuracy_0.5": 0.71, "val_ranking_accuracy_0.6": 0.72, "val_ranking_accuracy_0.7": 0.72, "val_ranking_accuracy_0.8": 0.73, "val_ranking_accuracy_0.9": 0.74, "val_ranking_accuracy_1.0": 0.75, "val_ranking_accuracy_1.1": 0.76, "val_ranking_accuracy_1.2": 0.77, "val_ranking_accuracy_1.3": 0.77, "val_ranking_accuracy_1.4": 0.79, "val_ranking_accuracy_1.5": 0.8, "val_ranking_accuracy_1.6": 0.8, "val_ranking_accuracy_1.7": 0.81, "val_ranking_accuracy_1.8": 0.81, "val_ranking_accuracy_1.9": 0.82, "val_ranking_accuracy_2.0": 0.83, "val_mean_loss": 0.8288876442863538, "val_sum_loss": 259.4418326616287, "timestamp": 1712689558, "checkpoint_dir_name": null, "done": false, "training_iteration": 2, "trial_id": "c5f1b9d1", "date": "2024-04-09_21-05-58", "time_this_iter_s": 410.45112776756287, "time_total_s": 1073.687383890152, "pid": 2246872, "hostname": "jyn", "node_ip": "131.130.125.89", "config": {"model": {"hidden_dimension": 64, "modules": {"1": {"times": 3, "parameter": {"dropout": 0.0}}}}, "optimizer": {"base_learning_rate": 0.0001}}, "time_since_restore": 1073.687383890152, "iterations_since_restore": 2}
{"train_mae": 0.7599999904632568, "train_r2": -0.19, "train_spearmanr": 0.53, "train_mse": 1.0299999713897705, "train_rmse": 1.0199999809265137, "train_mean_loss": 0.762115307056751, "train_sum_loss": 237.7799758017063, "val_mae": 0.6100000143051147, "val_r2": 0.27, "val_spearmanr": 0.68, "val_mse": 0.6700000166893005, "val_rmse": 0.8199999928474426, "val_ranking_accuracy_0.1": 0.76, "val_ranking_accuracy_0.2": 0.77, "val_ranking_accuracy_0.3": 0.79, "val_ranking_accuracy_0.4": 0.8, "val_ranking_accuracy_0.5": 0.81, "val_ranking_accuracy_0.6": 0.83, "val_ranking_accuracy_0.7": 0.84, "val_ranking_accuracy_0.8": 0.84, "val_ranking_accuracy_0.9": 0.86, "val_ranking_accuracy_1.0": 0.87, "val_ranking_accuracy_1.1": 0.88, "val_ranking_accuracy_1.2": 0.89, "val_ranking_accuracy_1.3": 0.89, "val_ranking_accuracy_1.4": 0.9, "val_ranking_accuracy_1.5": 0.9, "val_ranking_accuracy_1.6": 0.91, "val_ranking_accuracy_1.7": 0.92, "val_ranking_accuracy_1.8": 0.93, "val_ranking_accuracy_1.9": 0.93, "val_ranking_accuracy_2.0": 0.93, "val_mean_loss": 0.606075259252859, "val_sum_loss": 189.70155614614487, "timestamp": 1712690011, "checkpoint_dir_name": null, "done": false, "training_iteration": 3, "trial_id": "c5f1b9d1", "date": "2024-04-09_21-13-31", "time_this_iter_s": 452.4247682094574, "time_total_s": 1526.1121520996094, "pid": 2246872, "hostname": "jyn", "node_ip": "131.130.125.89", "config": {"model": {"hidden_dimension": 64, "modules": {"1": {"times": 3, "parameter": {"dropout": 0.0}}}}, "optimizer": {"base_learning_rate": 0.0001}}, "time_since_restore": 1526.1121520996094, "iterations_since_restore": 3}
{"train_mae": 0.6700000166893005, "train_r2": 0.1, "train_spearmanr": 0.6, "train_mse": 0.7799999713897705, "train_rmse": 0.8799999952316284, "train_mean_loss": 0.6654085435737402, "train_sum_loss": 207.60746559500694, "val_mae": 0.550000011920929, "val_r2": 0.39, "val_spearmanr": 0.7, "val_mse": 0.5600000023841858, "val_rmse": 0.75, "val_ranking_accuracy_0.1": 0.76, "val_ranking_accuracy_0.2": 0.78, "val_ranking_accuracy_0.3": 0.79, "val_ranking_accuracy_0.4": 0.81, "val_ranking_accuracy_0.5": 0.82, "val_ranking_accuracy_0.6": 0.83, "val_ranking_accuracy_0.7": 0.84, "val_ranking_accuracy_0.8": 0.86, "val_ranking_accuracy_0.9": 0.86, "val_ranking_accuracy_1.0": 0.87, "val_ranking_accuracy_1.1": 0.88, "val_ranking_accuracy_1.2": 0.89, "val_ranking_accuracy_1.3": 0.89, "val_ranking_accuracy_1.4": 0.9, "val_ranking_accuracy_1.5": 0.91, "val_ranking_accuracy_1.6": 0.91, "val_ranking_accuracy_1.7": 0.92, "val_ranking_accuracy_1.8": 0.92, "val_ranking_accuracy_1.9": 0.92, "val_ranking_accuracy_2.0": 0.91, "val_mean_loss": 0.5483584302111556, "val_sum_loss": 171.6361886560917, "timestamp": 1712690457, "checkpoint_dir_name": null, "done": false, "training_iteration": 4, "trial_id": "c5f1b9d1", "date": "2024-04-09_21-20-57", "time_this_iter_s": 445.71884298324585, "time_total_s": 1971.8309950828552, "pid": 2246872, "hostname": "jyn", "node_ip": "131.130.125.89", "config": {"model": {"hidden_dimension": 64, "modules": {"1": {"times": 3, "parameter": {"dropout": 0.0}}}}, "optimizer": {"base_learning_rate": 0.0001}}, "time_since_restore": 1971.8309950828552, "iterations_since_restore": 4}
{"train_mae": 0.5899999737739563, "train_r2": 0.3, "train_spearmanr": 0.67, "train_mse": 0.6100000143051147, "train_rmse": 0.7799999713897705, "train_mean_loss": 0.5885867746785666, "train_sum_loss": 183.63907369971275, "val_mae": 0.5199999809265137, "val_r2": 0.45, "val_spearmanr": 0.73, "val_mse": 0.5, "val_rmse": 0.7099999785423279, "val_ranking_accuracy_0.1": 0.78, "val_ranking_accuracy_0.2": 0.79, "val_ranking_accuracy_0.3": 0.81, "val_ranking_accuracy_0.4": 0.82, "val_ranking_accuracy_0.5": 0.83, "val_ranking_accuracy_0.6": 0.85, "val_ranking_accuracy_0.7": 0.86, "val_ranking_accuracy_0.8": 0.87, "val_ranking_accuracy_0.9": 0.88, "val_ranking_accuracy_1.0": 0.89, "val_ranking_accuracy_1.1": 0.9, "val_ranking_accuracy_1.2": 0.91, "val_ranking_accuracy_1.3": 0.92, "val_ranking_accuracy_1.4": 0.93, "val_ranking_accuracy_1.5": 0.93, "val_ranking_accuracy_1.6": 0.94, "val_ranking_accuracy_1.7": 0.94, "val_ranking_accuracy_1.8": 0.94, "val_ranking_accuracy_1.9": 0.95, "val_ranking_accuracy_2.0": 0.95, "val_mean_loss": 0.5213603875317132, "val_sum_loss": 163.18580129742622, "timestamp": 1712690858, "checkpoint_dir_name": null, "done": false, "training_iteration": 5, "trial_id": "c5f1b9d1", "date": "2024-04-09_21-27-38", "time_this_iter_s": 401.88328671455383, "time_total_s": 2373.714281797409, "pid": 2246872, "hostname": "jyn", "node_ip": "131.130.125.89", "config": {"model": {"hidden_dimension": 64, "modules": {"1": {"times": 3, "parameter": {"dropout": 0.0}}}}, "optimizer": {"base_learning_rate": 0.0001}}, "time_since_restore": 2373.714281797409, "iterations_since_restore": 5}
{"train_mae": 0.5600000023841858, "train_r2": 0.36, "train_spearmanr": 0.69, "train_mse": 0.5600000023841858, "train_rmse": 0.75, "train_mean_loss": 0.5580837996915365, "train_sum_loss": 174.12214550375938, "val_mae": 0.5199999809265137, "val_r2": 0.42, "val_spearmanr": 0.74, "val_mse": 0.5299999713897705, "val_rmse": 0.7300000190734863, "val_ranking_accuracy_0.1": 0.79, "val_ranking_accuracy_0.2": 0.8, "val_ranking_accuracy_0.3": 0.82, "val_ranking_accuracy_0.4": 0.83, "val_ranking_accuracy_0.5": 0.85, "val_ranking_accuracy_0.6": 0.86, "val_ranking_accuracy_0.7": 0.88, "val_ranking_accuracy_0.8": 0.88, "val_ranking_accuracy_0.9": 0.89, "val_ranking_accuracy_1.0": 0.9, "val_ranking_accuracy_1.1": 0.91, "val_ranking_accuracy_1.2": 0.92, "val_ranking_accuracy_1.3": 0.92, "val_ranking_accuracy_1.4": 0.93, "val_ranking_accuracy_1.5": 0.93, "val_ranking_accuracy_1.6": 0.93, "val_ranking_accuracy_1.7": 0.94, "val_ranking_accuracy_1.8": 0.94, "val_ranking_accuracy_1.9": 0.94, "val_ranking_accuracy_2.0": 0.94, "val_mean_loss": 0.5228841099114464, "val_sum_loss": 163.66272640228271, "timestamp": 1712691338, "checkpoint_dir_name": null, "done": false, "training_iteration": 6, "trial_id": "c5f1b9d1", "date": "2024-04-09_21-35-38", "time_this_iter_s": 479.34083676338196, "time_total_s": 2853.055118560791, "pid": 2246872, "hostname": "jyn", "node_ip": "131.130.125.89", "config": {"model": {"hidden_dimension": 64, "modules": {"1": {"times": 3, "parameter": {"dropout": 0.0}}}}, "optimizer": {"base_learning_rate": 0.0001}}, "time_since_restore": 2853.055118560791, "iterations_since_restore": 6}
{"train_mae": 0.5400000214576721, "train_r2": 0.4, "train_spearmanr": 0.71, "train_mse": 0.5199999809265137, "train_rmse": 0.7200000286102295, "train_mean_loss": 0.5352717365782994, "train_sum_loss": 167.00478181242943, "val_mae": 0.47999998927116394, "val_r2": 0.53, "val_spearmanr": 0.79, "val_mse": 0.4300000071525574, "val_rmse": 0.6499999761581421, "val_ranking_accuracy_0.1": 0.81, "val_ranking_accuracy_0.2": 0.83, "val_ranking_accuracy_0.3": 0.84, "val_ranking_accuracy_0.4": 0.86, "val_ranking_accuracy_0.5": 0.87, "val_ranking_accuracy_0.6": 0.88, "val_ranking_accuracy_0.7": 0.9, "val_ranking_accuracy_0.8": 0.91, "val_ranking_accuracy_0.9": 0.92, "val_ranking_accuracy_1.0": 0.92, "val_ranking_accuracy_1.1": 0.93, "val_ranking_accuracy_1.2": 0.93, "val_ranking_accuracy_1.3": 0.94, "val_ranking_accuracy_1.4": 0.94, "val_ranking_accuracy_1.5": 0.94, "val_ranking_accuracy_1.6": 0.94, "val_ranking_accuracy_1.7": 0.95, "val_ranking_accuracy_1.8": 0.95, "val_ranking_accuracy_1.9": 0.96, "val_ranking_accuracy_2.0": 0.95, "val_mean_loss": 0.4783413607281999, "val_sum_loss": 149.72084590792656, "timestamp": 1712691776, "checkpoint_dir_name": null, "done": false, "training_iteration": 7, "trial_id": "c5f1b9d1", "date": "2024-04-09_21-42-56", "time_this_iter_s": 438.3098261356354, "time_total_s": 3291.3649446964264, "pid": 2246872, "hostname": "jyn", "node_ip": "131.130.125.89", "config": {"model": {"hidden_dimension": 64, "modules": {"1": {"times": 3, "parameter": {"dropout": 0.0}}}}, "optimizer": {"base_learning_rate": 0.0001}}, "time_since_restore": 3291.3649446964264, "iterations_since_restore": 7}
{"train_mae": 0.5099999904632568, "train_r2": 0.46, "train_spearmanr": 0.74, "train_mse": 0.4699999988079071, "train_rmse": 0.6800000071525574, "train_mean_loss": 0.5102077919321183, "train_sum_loss": 159.1848310828209, "val_mae": 0.46000000834465027, "val_r2": 0.55, "val_spearmanr": 0.79, "val_mse": 0.41999998688697815, "val_rmse": 0.6399999856948853, "val_ranking_accuracy_0.1": 0.8, "val_ranking_accuracy_0.2": 0.82, "val_ranking_accuracy_0.3": 0.83, "val_ranking_accuracy_0.4": 0.85, "val_ranking_accuracy_0.5": 0.86, "val_ranking_accuracy_0.6": 0.88, "val_ranking_accuracy_0.7": 0.9, "val_ranking_accuracy_0.8": 0.9, "val_ranking_accuracy_0.9": 0.91, "val_ranking_accuracy_1.0": 0.92, "val_ranking_accuracy_1.1": 0.92, "val_ranking_accuracy_1.2": 0.92, "val_ranking_accuracy_1.3": 0.93, "val_ranking_accuracy_1.4": 0.94, "val_ranking_accuracy_1.5": 0.94, "val_ranking_accuracy_1.6": 0.94, "val_ranking_accuracy_1.7": 0.94, "val_ranking_accuracy_1.8": 0.94, "val_ranking_accuracy_1.9": 0.94, "val_ranking_accuracy_2.0": 0.94, "val_mean_loss": 0.4585898143414872, "val_sum_loss": 143.5386118888855, "timestamp": 1712692213, "checkpoint_dir_name": null, "done": false, "training_iteration": 8, "trial_id": "c5f1b9d1", "date": "2024-04-09_21-50-13", "time_this_iter_s": 437.0354428291321, "time_total_s": 3728.4003875255585, "pid": 2246872, "hostname": "jyn", "node_ip": "131.130.125.89", "config": {"model": {"hidden_dimension": 64, "modules": {"1": {"times": 3, "parameter": {"dropout": 0.0}}}}, "optimizer": {"base_learning_rate": 0.0001}}, "time_since_restore": 3728.4003875255585, "iterations_since_restore": 8}
{"train_mae": 0.5, "train_r2": 0.48, "train_spearmanr": 0.74, "train_mse": 0.44999998807907104, "train_rmse": 0.6700000166893005, "train_mean_loss": 0.5013512939405746, "train_sum_loss": 156.4216037094593, "val_mae": 0.49000000953674316, "val_r2": 0.51, "val_spearmanr": 0.8, "val_mse": 0.44999998807907104, "val_rmse": 0.6700000166893005, "val_ranking_accuracy_0.1": 0.81, "val_ranking_accuracy_0.2": 0.83, "val_ranking_accuracy_0.3": 0.85, "val_ranking_accuracy_0.4": 0.86, "val_ranking_accuracy_0.5": 0.87, "val_ranking_accuracy_0.6": 0.88, "val_ranking_accuracy_0.7": 0.9, "val_ranking_accuracy_0.8": 0.91, "val_ranking_accuracy_0.9": 0.92, "val_ranking_accuracy_1.0": 0.93, "val_ranking_accuracy_1.1": 0.93, "val_ranking_accuracy_1.2": 0.94, "val_ranking_accuracy_1.3": 0.94, "val_ranking_accuracy_1.4": 0.95, "val_ranking_accuracy_1.5": 0.95, "val_ranking_accuracy_1.6": 0.95, "val_ranking_accuracy_1.7": 0.95, "val_ranking_accuracy_1.8": 0.95, "val_ranking_accuracy_1.9": 0.96, "val_ranking_accuracy_2.0": 0.96, "val_mean_loss": 0.4908957226207843, "val_sum_loss": 153.65036118030548, "timestamp": 1712692600, "checkpoint_dir_name": null, "done": false, "training_iteration": 9, "trial_id": "c5f1b9d1", "date": "2024-04-09_21-56-40", "time_this_iter_s": 387.28896141052246, "time_total_s": 4115.689348936081, "pid": 2246872, "hostname": "jyn", "node_ip": "131.130.125.89", "config": {"model": {"hidden_dimension": 64, "modules": {"1": {"times": 3, "parameter": {"dropout": 0.0}}}}, "optimizer": {"base_learning_rate": 0.0001}}, "time_since_restore": 4115.689348936081, "iterations_since_restore": 9}
