{"train_mae": 5.849999904632568, "train_r2": -40.46, "train_spearmanr": -0.14, "train_mse": 35.97999954223633, "train_rmse": 6.0, "train_mean_loss": 5.851553936799367, "train_sum_loss": 1825.6848282814026, "val_mae": 6.050000190734863, "val_r2": -41.11, "val_spearmanr": -0.22, "val_mse": 38.650001525878906, "val_rmse": 6.21999979019165, "val_ranking_accuracy_0.1": 0.42, "val_ranking_accuracy_0.2": 0.42, "val_ranking_accuracy_0.3": 0.41, "val_ranking_accuracy_0.4": 0.41, "val_ranking_accuracy_0.5": 0.4, "val_ranking_accuracy_0.6": 0.4, "val_ranking_accuracy_0.7": 0.4, "val_ranking_accuracy_0.8": 0.39, "val_ranking_accuracy_0.9": 0.39, "val_ranking_accuracy_1.0": 0.38, "val_ranking_accuracy_1.1": 0.38, "val_ranking_accuracy_1.2": 0.37, "val_ranking_accuracy_1.3": 0.38, "val_ranking_accuracy_1.4": 0.38, "val_ranking_accuracy_1.5": 0.38, "val_ranking_accuracy_1.6": 0.39, "val_ranking_accuracy_1.7": 0.37, "val_ranking_accuracy_1.8": 0.38, "val_ranking_accuracy_1.9": 0.38, "val_ranking_accuracy_2.0": 0.38, "val_mean_loss": 6.0512064805807775, "val_sum_loss": 1894.0276284217834, "timestamp": 1712686969, "checkpoint_dir_name": null, "done": false, "training_iteration": 1, "trial_id": "1fb4bf25", "date": "2024-04-09_20-22-49", "time_this_iter_s": 993.7990832328796, "time_total_s": 993.7990832328796, "pid": 2246313, "hostname": "jyn", "node_ip": "131.130.125.89", "config": {"model": {"hidden_dimension": 256, "modules": {"1": {"times": 6, "parameter": {"dropout": 0.5}}}}, "optimizer": {"base_learning_rate": 1e-05}}, "time_since_restore": 993.7990832328796, "iterations_since_restore": 1}
{"train_mae": 5.400000095367432, "train_r2": -34.93, "train_spearmanr": -0.08, "train_mse": 31.170000076293945, "train_rmse": 5.579999923706055, "train_mean_loss": 5.40152400579208, "train_sum_loss": 1685.275489807129, "val_mae": 4.949999809265137, "val_r2": -28.67, "val_spearmanr": -0.11, "val_mse": 27.229999542236328, "val_rmse": 5.21999979019165, "val_ranking_accuracy_0.1": 0.46, "val_ranking_accuracy_0.2": 0.46, "val_ranking_accuracy_0.3": 0.46, "val_ranking_accuracy_0.4": 0.46, "val_ranking_accuracy_0.5": 0.46, "val_ranking_accuracy_0.6": 0.45, "val_ranking_accuracy_0.7": 0.45, "val_ranking_accuracy_0.8": 0.44, "val_ranking_accuracy_0.9": 0.44, "val_ranking_accuracy_1.0": 0.44, "val_ranking_accuracy_1.1": 0.44, "val_ranking_accuracy_1.2": 0.44, "val_ranking_accuracy_1.3": 0.45, "val_ranking_accuracy_1.4": 0.45, "val_ranking_accuracy_1.5": 0.45, "val_ranking_accuracy_1.6": 0.45, "val_ranking_accuracy_1.7": 0.45, "val_ranking_accuracy_1.8": 0.44, "val_ranking_accuracy_1.9": 0.43, "val_ranking_accuracy_2.0": 0.44, "val_mean_loss": 4.9515779345942, "val_sum_loss": 1549.8438935279846, "timestamp": 1712687810, "checkpoint_dir_name": null, "done": false, "training_iteration": 2, "trial_id": "1fb4bf25", "date": "2024-04-09_20-36-50", "time_this_iter_s": 841.0962555408478, "time_total_s": 1834.8953387737274, "pid": 2246313, "hostname": "jyn", "node_ip": "131.130.125.89", "config": {"model": {"hidden_dimension": 256, "modules": {"1": {"times": 6, "parameter": {"dropout": 0.5}}}}, "optimizer": {"base_learning_rate": 1e-05}}, "time_since_restore": 1834.8953387737274, "iterations_since_restore": 2}
{"train_mae": 4.150000095367432, "train_r2": -21.74, "train_spearmanr": 0.1, "train_mse": 19.700000762939453, "train_rmse": 4.440000057220459, "train_mean_loss": 4.145803539416729, "train_sum_loss": 1293.4907042980194, "val_mae": 2.930000066757202, "val_r2": -10.12, "val_spearmanr": 0.24, "val_mse": 10.210000038146973, "val_rmse": 3.190000057220459, "val_ranking_accuracy_0.1": 0.59, "val_ranking_accuracy_0.2": 0.59, "val_ranking_accuracy_0.3": 0.6, "val_ranking_accuracy_0.4": 0.61, "val_ranking_accuracy_0.5": 0.61, "val_ranking_accuracy_0.6": 0.62, "val_ranking_accuracy_0.7": 0.62, "val_ranking_accuracy_0.8": 0.62, "val_ranking_accuracy_0.9": 0.63, "val_ranking_accuracy_1.0": 0.63, "val_ranking_accuracy_1.1": 0.63, "val_ranking_accuracy_1.2": 0.64, "val_ranking_accuracy_1.3": 0.64, "val_ranking_accuracy_1.4": 0.65, "val_ranking_accuracy_1.5": 0.64, "val_ranking_accuracy_1.6": 0.64, "val_ranking_accuracy_1.7": 0.65, "val_ranking_accuracy_1.8": 0.66, "val_ranking_accuracy_1.9": 0.66, "val_ranking_accuracy_2.0": 0.66, "val_mean_loss": 2.930200781685095, "val_sum_loss": 917.1528446674347, "timestamp": 1712688542, "checkpoint_dir_name": null, "done": false, "training_iteration": 3, "trial_id": "1fb4bf25", "date": "2024-04-09_20-49-02", "time_this_iter_s": 732.1205830574036, "time_total_s": 2567.015921831131, "pid": 2246313, "hostname": "jyn", "node_ip": "131.130.125.89", "config": {"model": {"hidden_dimension": 256, "modules": {"1": {"times": 6, "parameter": {"dropout": 0.5}}}}, "optimizer": {"base_learning_rate": 1e-05}}, "time_since_restore": 2567.015921831131, "iterations_since_restore": 3}
{"train_mae": 2.359999895095825, "train_r2": -8.13, "train_spearmanr": 0.22, "train_mse": 7.929999828338623, "train_rmse": 2.819999933242798, "train_mean_loss": 2.357005808597956, "train_sum_loss": 735.3858122825623, "val_mae": 2.0399999618530273, "val_r2": -5.78, "val_spearmanr": 0.22, "val_mse": 6.21999979019165, "val_rmse": 2.490000009536743, "val_ranking_accuracy_0.1": 0.58, "val_ranking_accuracy_0.2": 0.58, "val_ranking_accuracy_0.3": 0.58, "val_ranking_accuracy_0.4": 0.58, "val_ranking_accuracy_0.5": 0.59, "val_ranking_accuracy_0.6": 0.59, "val_ranking_accuracy_0.7": 0.6, "val_ranking_accuracy_0.8": 0.6, "val_ranking_accuracy_0.9": 0.61, "val_ranking_accuracy_1.0": 0.61, "val_ranking_accuracy_1.1": 0.61, "val_ranking_accuracy_1.2": 0.62, "val_ranking_accuracy_1.3": 0.62, "val_ranking_accuracy_1.4": 0.62, "val_ranking_accuracy_1.5": 0.63, "val_ranking_accuracy_1.6": 0.63, "val_ranking_accuracy_1.7": 0.64, "val_ranking_accuracy_1.8": 0.63, "val_ranking_accuracy_1.9": 0.63, "val_ranking_accuracy_2.0": 0.63, "val_mean_loss": 2.0435436826925306, "val_sum_loss": 639.6291726827621, "timestamp": 1712689378, "checkpoint_dir_name": null, "done": false, "training_iteration": 4, "trial_id": "1fb4bf25", "date": "2024-04-09_21-02-58", "time_this_iter_s": 836.3297121524811, "time_total_s": 3403.345633983612, "pid": 2246313, "hostname": "jyn", "node_ip": "131.130.125.89", "config": {"model": {"hidden_dimension": 256, "modules": {"1": {"times": 6, "parameter": {"dropout": 0.5}}}}, "optimizer": {"base_learning_rate": 1e-05}}, "time_since_restore": 3403.345633983612, "iterations_since_restore": 4}
{"train_mae": 1.600000023841858, "train_r2": -4.05, "train_spearmanr": 0.3, "train_mse": 4.380000114440918, "train_rmse": 2.0899999141693115, "train_mean_loss": 1.603150250055851, "train_sum_loss": 500.18287801742554, "val_mae": 1.809999942779541, "val_r2": -4.27, "val_spearmanr": 0.28, "val_mse": 4.840000152587891, "val_rmse": 2.200000047683716, "val_ranking_accuracy_0.1": 0.6, "val_ranking_accuracy_0.2": 0.61, "val_ranking_accuracy_0.3": 0.61, "val_ranking_accuracy_0.4": 0.62, "val_ranking_accuracy_0.5": 0.63, "val_ranking_accuracy_0.6": 0.63, "val_ranking_accuracy_0.7": 0.64, "val_ranking_accuracy_0.8": 0.64, "val_ranking_accuracy_0.9": 0.65, "val_ranking_accuracy_1.0": 0.65, "val_ranking_accuracy_1.1": 0.65, "val_ranking_accuracy_1.2": 0.65, "val_ranking_accuracy_1.3": 0.65, "val_ranking_accuracy_1.4": 0.66, "val_ranking_accuracy_1.5": 0.66, "val_ranking_accuracy_1.6": 0.67, "val_ranking_accuracy_1.7": 0.67, "val_ranking_accuracy_1.8": 0.66, "val_ranking_accuracy_1.9": 0.67, "val_ranking_accuracy_2.0": 0.66, "val_mean_loss": 1.814441828682019, "val_sum_loss": 567.9202923774719, "timestamp": 1712690202, "checkpoint_dir_name": null, "done": true, "training_iteration": 5, "trial_id": "1fb4bf25", "date": "2024-04-09_21-16-42", "time_this_iter_s": 823.2323696613312, "time_total_s": 4226.578003644943, "pid": 2246313, "hostname": "jyn", "node_ip": "131.130.125.89", "config": {"model": {"hidden_dimension": 256, "modules": {"1": {"times": 6, "parameter": {"dropout": 0.5}}}}, "optimizer": {"base_learning_rate": 1e-05}}, "time_since_restore": 4226.578003644943, "iterations_since_restore": 5}
