{"train_mae": 5.190000057220459, "train_r2": -31.18, "train_spearmanr": 0.05, "train_mse": 27.93000030517578, "train_rmse": 5.28000020980835, "train_mean_loss": 5.185678072464772, "train_sum_loss": 1617.9315586090088, "val_mae": 4.380000114440918, "val_r2": -21.11, "val_spearmanr": -0.07, "val_mse": 20.290000915527344, "val_rmse": 4.5, "val_ranking_accuracy_0.1": 0.48, "val_ranking_accuracy_0.2": 0.48, "val_ranking_accuracy_0.3": 0.48, "val_ranking_accuracy_0.4": 0.48, "val_ranking_accuracy_0.5": 0.48, "val_ranking_accuracy_0.6": 0.47, "val_ranking_accuracy_0.7": 0.47, "val_ranking_accuracy_0.8": 0.46, "val_ranking_accuracy_0.9": 0.46, "val_ranking_accuracy_1.0": 0.46, "val_ranking_accuracy_1.1": 0.46, "val_ranking_accuracy_1.2": 0.45, "val_ranking_accuracy_1.3": 0.45, "val_ranking_accuracy_1.4": 0.44, "val_ranking_accuracy_1.5": 0.44, "val_ranking_accuracy_1.6": 0.44, "val_ranking_accuracy_1.7": 0.44, "val_ranking_accuracy_1.8": 0.43, "val_ranking_accuracy_1.9": 0.42, "val_ranking_accuracy_2.0": 0.42, "val_mean_loss": 4.3840266401394485, "val_sum_loss": 1372.2003383636475, "timestamp": 1712657399, "checkpoint_dir_name": null, "done": false, "training_iteration": 1, "trial_id": "da154efa", "date": "2024-04-09_12-09-59", "time_this_iter_s": 1466.935674905777, "time_total_s": 1466.935674905777, "pid": 2227639, "hostname": "jyn", "node_ip": "131.130.125.89", "config": {"model": {"hidden_dimension": 256, "modules": {"1": {"times": 10, "parameter": {"dropout": 0.5}}}}, "optimizer": {"base_learning_rate": 0.0001}}, "time_since_restore": 1466.935674905777, "iterations_since_restore": 1}
{"train_mae": 2.490000009536743, "train_r2": -10.01, "train_spearmanr": 0.1, "train_mse": 9.550000190734863, "train_rmse": 3.0899999141693115, "train_mean_loss": 2.4949525185884576, "train_sum_loss": 778.4251857995987, "val_mae": 2.869999885559082, "val_r2": -11.86, "val_spearmanr": 0.25, "val_mse": 11.800000190734863, "val_rmse": 3.440000057220459, "val_ranking_accuracy_0.1": 0.57, "val_ranking_accuracy_0.2": 0.58, "val_ranking_accuracy_0.3": 0.58, "val_ranking_accuracy_0.4": 0.59, "val_ranking_accuracy_0.5": 0.6, "val_ranking_accuracy_0.6": 0.6, "val_ranking_accuracy_0.7": 0.61, "val_ranking_accuracy_0.8": 0.62, "val_ranking_accuracy_0.9": 0.62, "val_ranking_accuracy_1.0": 0.62, "val_ranking_accuracy_1.1": 0.63, "val_ranking_accuracy_1.2": 0.63, "val_ranking_accuracy_1.3": 0.63, "val_ranking_accuracy_1.4": 0.64, "val_ranking_accuracy_1.5": 0.63, "val_ranking_accuracy_1.6": 0.63, "val_ranking_accuracy_1.7": 0.63, "val_ranking_accuracy_1.8": 0.63, "val_ranking_accuracy_1.9": 0.62, "val_ranking_accuracy_2.0": 0.62, "val_mean_loss": 2.8741201109017807, "val_sum_loss": 899.5995947122574, "timestamp": 1712658717, "checkpoint_dir_name": null, "done": false, "training_iteration": 2, "trial_id": "da154efa", "date": "2024-04-09_12-31-57", "time_this_iter_s": 1317.6788685321808, "time_total_s": 2784.6145434379578, "pid": 2227639, "hostname": "jyn", "node_ip": "131.130.125.89", "config": {"model": {"hidden_dimension": 256, "modules": {"1": {"times": 10, "parameter": {"dropout": 0.5}}}}, "optimizer": {"base_learning_rate": 0.0001}}, "time_since_restore": 2784.6145434379578, "iterations_since_restore": 2}
{"train_mae": 1.2200000286102295, "train_r2": -2.01, "train_spearmanr": 0.33, "train_mse": 2.609999895095825, "train_rmse": 1.6100000143051147, "train_mean_loss": 1.2164278651277225, "train_sum_loss": 379.5254939198494, "val_mae": 2.5799999237060547, "val_r2": -8.09, "val_spearmanr": 0.41, "val_mse": 8.34000015258789, "val_rmse": 2.890000104904175, "val_ranking_accuracy_0.1": 0.65, "val_ranking_accuracy_0.2": 0.66, "val_ranking_accuracy_0.3": 0.67, "val_ranking_accuracy_0.4": 0.67, "val_ranking_accuracy_0.5": 0.68, "val_ranking_accuracy_0.6": 0.69, "val_ranking_accuracy_0.7": 0.69, "val_ranking_accuracy_0.8": 0.7, "val_ranking_accuracy_0.9": 0.71, "val_ranking_accuracy_1.0": 0.72, "val_ranking_accuracy_1.1": 0.72, "val_ranking_accuracy_1.2": 0.73, "val_ranking_accuracy_1.3": 0.73, "val_ranking_accuracy_1.4": 0.73, "val_ranking_accuracy_1.5": 0.74, "val_ranking_accuracy_1.6": 0.75, "val_ranking_accuracy_1.7": 0.75, "val_ranking_accuracy_1.8": 0.74, "val_ranking_accuracy_1.9": 0.74, "val_ranking_accuracy_2.0": 0.73, "val_mean_loss": 2.5809412162524823, "val_sum_loss": 807.834600687027, "timestamp": 1712659957, "checkpoint_dir_name": null, "done": false, "training_iteration": 3, "trial_id": "da154efa", "date": "2024-04-09_12-52-37", "time_this_iter_s": 1240.2001087665558, "time_total_s": 4024.8146522045135, "pid": 2227639, "hostname": "jyn", "node_ip": "131.130.125.89", "config": {"model": {"hidden_dimension": 256, "modules": {"1": {"times": 10, "parameter": {"dropout": 0.5}}}}, "optimizer": {"base_learning_rate": 0.0001}}, "time_since_restore": 4024.8146522045135, "iterations_since_restore": 3}
{"train_mae": 0.8999999761581421, "train_r2": -0.66, "train_spearmanr": 0.44, "train_mse": 1.440000057220459, "train_rmse": 1.2000000476837158, "train_mean_loss": 0.9038543380223788, "train_sum_loss": 282.0025534629822, "val_mae": 2.7100000381469727, "val_r2": -8.55, "val_spearmanr": 0.36, "val_mse": 8.770000457763672, "val_rmse": 2.9600000381469727, "val_ranking_accuracy_0.1": 0.63, "val_ranking_accuracy_0.2": 0.64, "val_ranking_accuracy_0.3": 0.65, "val_ranking_accuracy_0.4": 0.66, "val_ranking_accuracy_0.5": 0.66, "val_ranking_accuracy_0.6": 0.68, "val_ranking_accuracy_0.7": 0.68, "val_ranking_accuracy_0.8": 0.69, "val_ranking_accuracy_0.9": 0.7, "val_ranking_accuracy_1.0": 0.7, "val_ranking_accuracy_1.1": 0.71, "val_ranking_accuracy_1.2": 0.71, "val_ranking_accuracy_1.3": 0.72, "val_ranking_accuracy_1.4": 0.73, "val_ranking_accuracy_1.5": 0.73, "val_ranking_accuracy_1.6": 0.74, "val_ranking_accuracy_1.7": 0.74, "val_ranking_accuracy_1.8": 0.74, "val_ranking_accuracy_1.9": 0.75, "val_ranking_accuracy_2.0": 0.75, "val_mean_loss": 2.7082374042596298, "val_sum_loss": 847.6783075332642, "timestamp": 1712661270, "checkpoint_dir_name": null, "done": false, "training_iteration": 4, "trial_id": "da154efa", "date": "2024-04-09_13-14-30", "time_this_iter_s": 1313.2191524505615, "time_total_s": 5338.033804655075, "pid": 2227639, "hostname": "jyn", "node_ip": "131.130.125.89", "config": {"model": {"hidden_dimension": 256, "modules": {"1": {"times": 10, "parameter": {"dropout": 0.5}}}}, "optimizer": {"base_learning_rate": 0.0001}}, "time_since_restore": 5338.033804655075, "iterations_since_restore": 4}
{"train_mae": 0.7799999713897705, "train_r2": -0.24, "train_spearmanr": 0.52, "train_mse": 1.0800000429153442, "train_rmse": 1.0399999618530273, "train_mean_loss": 0.7808954736743218, "train_sum_loss": 243.6393877863884, "val_mae": 2.069999933242798, "val_r2": -4.72, "val_spearmanr": 0.53, "val_mse": 5.25, "val_rmse": 2.2899999618530273, "val_ranking_accuracy_0.1": 0.7, "val_ranking_accuracy_0.2": 0.72, "val_ranking_accuracy_0.3": 0.72, "val_ranking_accuracy_0.4": 0.74, "val_ranking_accuracy_0.5": 0.75, "val_ranking_accuracy_0.6": 0.75, "val_ranking_accuracy_0.7": 0.76, "val_ranking_accuracy_0.8": 0.77, "val_ranking_accuracy_0.9": 0.78, "val_ranking_accuracy_1.0": 0.79, "val_ranking_accuracy_1.1": 0.8, "val_ranking_accuracy_1.2": 0.8, "val_ranking_accuracy_1.3": 0.81, "val_ranking_accuracy_1.4": 0.81, "val_ranking_accuracy_1.5": 0.81, "val_ranking_accuracy_1.6": 0.82, "val_ranking_accuracy_1.7": 0.82, "val_ranking_accuracy_1.8": 0.82, "val_ranking_accuracy_1.9": 0.83, "val_ranking_accuracy_2.0": 0.82, "val_mean_loss": 2.067267781629349, "val_sum_loss": 647.0548156499863, "timestamp": 1712662603, "checkpoint_dir_name": null, "done": true, "training_iteration": 5, "trial_id": "da154efa", "date": "2024-04-09_13-36-43", "time_this_iter_s": 1332.9933087825775, "time_total_s": 6671.027113437653, "pid": 2227639, "hostname": "jyn", "node_ip": "131.130.125.89", "config": {"model": {"hidden_dimension": 256, "modules": {"1": {"times": 10, "parameter": {"dropout": 0.5}}}}, "optimizer": {"base_learning_rate": 0.0001}}, "time_since_restore": 6671.027113437653, "iterations_since_restore": 5}
