{"train_mae": 5.849999904632568, "train_r2": -40.46, "train_spearmanr": -0.14, "train_mse": 35.97999954223633, "train_rmse": 6.0, "train_mean_loss": 5.851417642373305, "train_sum_loss": 1825.6423044204712, "val_mae": 6.050000190734863, "val_r2": -41.11, "val_spearmanr": -0.22, "val_mse": 38.650001525878906, "val_rmse": 6.21999979019165, "val_ranking_accuracy_0.1": 0.42, "val_ranking_accuracy_0.2": 0.42, "val_ranking_accuracy_0.3": 0.41, "val_ranking_accuracy_0.4": 0.41, "val_ranking_accuracy_0.5": 0.4, "val_ranking_accuracy_0.6": 0.4, "val_ranking_accuracy_0.7": 0.4, "val_ranking_accuracy_0.8": 0.39, "val_ranking_accuracy_0.9": 0.39, "val_ranking_accuracy_1.0": 0.38, "val_ranking_accuracy_1.1": 0.38, "val_ranking_accuracy_1.2": 0.37, "val_ranking_accuracy_1.3": 0.38, "val_ranking_accuracy_1.4": 0.38, "val_ranking_accuracy_1.5": 0.38, "val_ranking_accuracy_1.6": 0.39, "val_ranking_accuracy_1.7": 0.37, "val_ranking_accuracy_1.8": 0.38, "val_ranking_accuracy_1.9": 0.38, "val_ranking_accuracy_2.0": 0.38, "val_mean_loss": 6.050888594727928, "val_sum_loss": 1893.9281301498413, "timestamp": 1712639766, "checkpoint_dir_name": null, "done": false, "training_iteration": 1, "trial_id": "8e5ec03f", "date": "2024-04-09_07-16-06", "time_this_iter_s": 1002.2926797866821, "time_total_s": 1002.2926797866821, "pid": 2224359, "hostname": "jyn", "node_ip": "131.130.125.89", "config": {"model": {"hidden_dimension": 256, "modules": {"1": {"times": 6, "parameter": {"dropout": 0.5}}}}, "optimizer": {"base_learning_rate": 0.001}}, "time_since_restore": 1002.2926797866821, "iterations_since_restore": 1}
{"train_mae": 1.25, "train_r2": -2.66, "train_spearmanr": 0.34, "train_mse": 3.180000066757202, "train_rmse": 1.7799999713897705, "train_mean_loss": 1.2510209784675868, "train_sum_loss": 390.31854528188705, "val_mae": 1.840000033378601, "val_r2": -3.69, "val_spearmanr": 0.53, "val_mse": 4.300000190734863, "val_rmse": 2.069999933242798, "val_ranking_accuracy_0.1": 0.7, "val_ranking_accuracy_0.2": 0.71, "val_ranking_accuracy_0.3": 0.72, "val_ranking_accuracy_0.4": 0.73, "val_ranking_accuracy_0.5": 0.74, "val_ranking_accuracy_0.6": 0.75, "val_ranking_accuracy_0.7": 0.76, "val_ranking_accuracy_0.8": 0.77, "val_ranking_accuracy_0.9": 0.78, "val_ranking_accuracy_1.0": 0.79, "val_ranking_accuracy_1.1": 0.8, "val_ranking_accuracy_1.2": 0.81, "val_ranking_accuracy_1.3": 0.81, "val_ranking_accuracy_1.4": 0.82, "val_ranking_accuracy_1.5": 0.82, "val_ranking_accuracy_1.6": 0.82, "val_ranking_accuracy_1.7": 0.82, "val_ranking_accuracy_1.8": 0.82, "val_ranking_accuracy_1.9": 0.82, "val_ranking_accuracy_2.0": 0.82, "val_mean_loss": 1.837553539976906, "val_sum_loss": 575.1542580127716, "timestamp": 1712640586, "checkpoint_dir_name": null, "done": false, "training_iteration": 2, "trial_id": "8e5ec03f", "date": "2024-04-09_07-29-46", "time_this_iter_s": 820.0882329940796, "time_total_s": 1822.3809127807617, "pid": 2224359, "hostname": "jyn", "node_ip": "131.130.125.89", "config": {"model": {"hidden_dimension": 256, "modules": {"1": {"times": 6, "parameter": {"dropout": 0.5}}}}, "optimizer": {"base_learning_rate": 0.001}}, "time_since_restore": 1822.3809127807617, "iterations_since_restore": 2}
{"train_mae": 0.75, "train_r2": -0.1, "train_spearmanr": 0.55, "train_mse": 0.949999988079071, "train_rmse": 0.9800000190734863, "train_mean_loss": 0.7450644608873588, "train_sum_loss": 232.46011179685593, "val_mae": 1.7799999713897705, "val_r2": -3.44, "val_spearmanr": 0.55, "val_mse": 4.070000171661377, "val_rmse": 2.0199999809265137, "val_ranking_accuracy_0.1": 0.71, "val_ranking_accuracy_0.2": 0.72, "val_ranking_accuracy_0.3": 0.73, "val_ranking_accuracy_0.4": 0.74, "val_ranking_accuracy_0.5": 0.76, "val_ranking_accuracy_0.6": 0.76, "val_ranking_accuracy_0.7": 0.77, "val_ranking_accuracy_0.8": 0.78, "val_ranking_accuracy_0.9": 0.79, "val_ranking_accuracy_1.0": 0.8, "val_ranking_accuracy_1.1": 0.81, "val_ranking_accuracy_1.2": 0.81, "val_ranking_accuracy_1.3": 0.82, "val_ranking_accuracy_1.4": 0.82, "val_ranking_accuracy_1.5": 0.83, "val_ranking_accuracy_1.6": 0.84, "val_ranking_accuracy_1.7": 0.84, "val_ranking_accuracy_1.8": 0.85, "val_ranking_accuracy_1.9": 0.85, "val_ranking_accuracy_2.0": 0.86, "val_mean_loss": 1.7783514744938371, "val_sum_loss": 556.624011516571, "timestamp": 1712641389, "checkpoint_dir_name": null, "done": false, "training_iteration": 3, "trial_id": "8e5ec03f", "date": "2024-04-09_07-43-09", "time_this_iter_s": 802.842104434967, "time_total_s": 2625.2230172157288, "pid": 2224359, "hostname": "jyn", "node_ip": "131.130.125.89", "config": {"model": {"hidden_dimension": 256, "modules": {"1": {"times": 6, "parameter": {"dropout": 0.5}}}}, "optimizer": {"base_learning_rate": 0.001}}, "time_since_restore": 2625.2230172157288, "iterations_since_restore": 3}
{"train_mae": 0.699999988079071, "train_r2": 0.01, "train_spearmanr": 0.58, "train_mse": 0.8600000143051147, "train_rmse": 0.9300000071525574, "train_mean_loss": 0.7030569214660388, "train_sum_loss": 219.3537594974041, "val_mae": 1.4600000381469727, "val_r2": -2.24, "val_spearmanr": 0.46, "val_mse": 2.9700000286102295, "val_rmse": 1.7200000286102295, "val_ranking_accuracy_0.1": 0.67, "val_ranking_accuracy_0.2": 0.68, "val_ranking_accuracy_0.3": 0.69, "val_ranking_accuracy_0.4": 0.7, "val_ranking_accuracy_0.5": 0.7, "val_ranking_accuracy_0.6": 0.71, "val_ranking_accuracy_0.7": 0.72, "val_ranking_accuracy_0.8": 0.73, "val_ranking_accuracy_0.9": 0.74, "val_ranking_accuracy_1.0": 0.75, "val_ranking_accuracy_1.1": 0.76, "val_ranking_accuracy_1.2": 0.77, "val_ranking_accuracy_1.3": 0.77, "val_ranking_accuracy_1.4": 0.78, "val_ranking_accuracy_1.5": 0.78, "val_ranking_accuracy_1.6": 0.79, "val_ranking_accuracy_1.7": 0.79, "val_ranking_accuracy_1.8": 0.79, "val_ranking_accuracy_1.9": 0.8, "val_ranking_accuracy_2.0": 0.81, "val_mean_loss": 1.4628701343323096, "val_sum_loss": 457.8783520460129, "timestamp": 1712642190, "checkpoint_dir_name": null, "done": false, "training_iteration": 4, "trial_id": "8e5ec03f", "date": "2024-04-09_07-56-30", "time_this_iter_s": 801.5608475208282, "time_total_s": 3426.783864736557, "pid": 2224359, "hostname": "jyn", "node_ip": "131.130.125.89", "config": {"model": {"hidden_dimension": 256, "modules": {"1": {"times": 6, "parameter": {"dropout": 0.5}}}}, "optimizer": {"base_learning_rate": 0.001}}, "time_since_restore": 3426.783864736557, "iterations_since_restore": 4}
{"train_mae": 0.6499999761581421, "train_r2": 0.17, "train_spearmanr": 0.62, "train_mse": 0.7200000286102295, "train_rmse": 0.8500000238418579, "train_mean_loss": 0.646982604972063, "train_sum_loss": 201.85857275128365, "val_mae": 0.75, "val_r2": -0.04, "val_spearmanr": 0.75, "val_mse": 0.9599999785423279, "val_rmse": 0.9800000190734863, "val_ranking_accuracy_0.1": 0.79, "val_ranking_accuracy_0.2": 0.8, "val_ranking_accuracy_0.3": 0.82, "val_ranking_accuracy_0.4": 0.83, "val_ranking_accuracy_0.5": 0.85, "val_ranking_accuracy_0.6": 0.86, "val_ranking_accuracy_0.7": 0.88, "val_ranking_accuracy_0.8": 0.88, "val_ranking_accuracy_0.9": 0.9, "val_ranking_accuracy_1.0": 0.91, "val_ranking_accuracy_1.1": 0.91, "val_ranking_accuracy_1.2": 0.92, "val_ranking_accuracy_1.3": 0.92, "val_ranking_accuracy_1.4": 0.93, "val_ranking_accuracy_1.5": 0.93, "val_ranking_accuracy_1.6": 0.93, "val_ranking_accuracy_1.7": 0.93, "val_ranking_accuracy_1.8": 0.94, "val_ranking_accuracy_1.9": 0.94, "val_ranking_accuracy_2.0": 0.94, "val_mean_loss": 0.7541283591867636, "val_sum_loss": 236.042176425457, "timestamp": 1712642994, "checkpoint_dir_name": null, "done": false, "training_iteration": 5, "trial_id": "8e5ec03f", "date": "2024-04-09_08-09-54", "time_this_iter_s": 803.6298513412476, "time_total_s": 4230.413716077805, "pid": 2224359, "hostname": "jyn", "node_ip": "131.130.125.89", "config": {"model": {"hidden_dimension": 256, "modules": {"1": {"times": 6, "parameter": {"dropout": 0.5}}}}, "optimizer": {"base_learning_rate": 0.001}}, "time_since_restore": 4230.413716077805, "iterations_since_restore": 5}
{"train_mae": 0.6200000047683716, "train_r2": 0.25, "train_spearmanr": 0.64, "train_mse": 0.6499999761581421, "train_rmse": 0.800000011920929, "train_mean_loss": 0.6164900117959732, "train_sum_loss": 192.34488368034363, "val_mae": 1.100000023841858, "val_r2": -1.01, "val_spearmanr": 0.73, "val_mse": 1.840000033378601, "val_rmse": 1.3600000143051147, "val_ranking_accuracy_0.1": 0.77, "val_ranking_accuracy_0.2": 0.79, "val_ranking_accuracy_0.3": 0.8, "val_ranking_accuracy_0.4": 0.82, "val_ranking_accuracy_0.5": 0.83, "val_ranking_accuracy_0.6": 0.84, "val_ranking_accuracy_0.7": 0.85, "val_ranking_accuracy_0.8": 0.87, "val_ranking_accuracy_0.9": 0.88, "val_ranking_accuracy_1.0": 0.88, "val_ranking_accuracy_1.1": 0.89, "val_ranking_accuracy_1.2": 0.9, "val_ranking_accuracy_1.3": 0.91, "val_ranking_accuracy_1.4": 0.91, "val_ranking_accuracy_1.5": 0.92, "val_ranking_accuracy_1.6": 0.92, "val_ranking_accuracy_1.7": 0.93, "val_ranking_accuracy_1.8": 0.94, "val_ranking_accuracy_1.9": 0.94, "val_ranking_accuracy_2.0": 0.94, "val_mean_loss": 1.1034754470895274, "val_sum_loss": 345.38781493902206, "timestamp": 1712643771, "checkpoint_dir_name": null, "done": false, "training_iteration": 6, "trial_id": "8e5ec03f", "date": "2024-04-09_08-22-51", "time_this_iter_s": 777.0364153385162, "time_total_s": 5007.450131416321, "pid": 2224359, "hostname": "jyn", "node_ip": "131.130.125.89", "config": {"model": {"hidden_dimension": 256, "modules": {"1": {"times": 6, "parameter": {"dropout": 0.5}}}}, "optimizer": {"base_learning_rate": 0.001}}, "time_since_restore": 5007.450131416321, "iterations_since_restore": 6}
{"train_mae": 0.6299999952316284, "train_r2": 0.22, "train_spearmanr": 0.64, "train_mse": 0.6700000166893005, "train_rmse": 0.8199999928474426, "train_mean_loss": 0.6280816666399821, "train_sum_loss": 195.96147999167442, "val_mae": 0.6499999761581421, "val_r2": 0.18, "val_spearmanr": 0.78, "val_mse": 0.75, "val_rmse": 0.8700000047683716, "val_ranking_accuracy_0.1": 0.8, "val_ranking_accuracy_0.2": 0.82, "val_ranking_accuracy_0.3": 0.83, "val_ranking_accuracy_0.4": 0.85, "val_ranking_accuracy_0.5": 0.86, "val_ranking_accuracy_0.6": 0.88, "val_ranking_accuracy_0.7": 0.89, "val_ranking_accuracy_0.8": 0.91, "val_ranking_accuracy_0.9": 0.91, "val_ranking_accuracy_1.0": 0.92, "val_ranking_accuracy_1.1": 0.93, "val_ranking_accuracy_1.2": 0.94, "val_ranking_accuracy_1.3": 0.94, "val_ranking_accuracy_1.4": 0.95, "val_ranking_accuracy_1.5": 0.95, "val_ranking_accuracy_1.6": 0.96, "val_ranking_accuracy_1.7": 0.96, "val_ranking_accuracy_1.8": 0.97, "val_ranking_accuracy_1.9": 0.96, "val_ranking_accuracy_2.0": 0.97, "val_mean_loss": 0.6498723768007261, "val_sum_loss": 203.41005393862724, "timestamp": 1712644577, "checkpoint_dir_name": null, "done": false, "training_iteration": 7, "trial_id": "8e5ec03f", "date": "2024-04-09_08-36-17", "time_this_iter_s": 805.8350446224213, "time_total_s": 5813.285176038742, "pid": 2224359, "hostname": "jyn", "node_ip": "131.130.125.89", "config": {"model": {"hidden_dimension": 256, "modules": {"1": {"times": 6, "parameter": {"dropout": 0.5}}}}, "optimizer": {"base_learning_rate": 0.001}}, "time_since_restore": 5813.285176038742, "iterations_since_restore": 7}
{"train_mae": 0.5899999737739563, "train_r2": 0.31, "train_spearmanr": 0.67, "train_mse": 0.6000000238418579, "train_rmse": 0.7699999809265137, "train_mean_loss": 0.5946161006696713, "train_sum_loss": 185.52022340893745, "val_mae": 1.0700000524520874, "val_r2": -0.96, "val_spearmanr": 0.64, "val_mse": 1.7999999523162842, "val_rmse": 1.340000033378601, "val_ranking_accuracy_0.1": 0.73, "val_ranking_accuracy_0.2": 0.74, "val_ranking_accuracy_0.3": 0.76, "val_ranking_accuracy_0.4": 0.77, "val_ranking_accuracy_0.5": 0.79, "val_ranking_accuracy_0.6": 0.8, "val_ranking_accuracy_0.7": 0.81, "val_ranking_accuracy_0.8": 0.83, "val_ranking_accuracy_0.9": 0.84, "val_ranking_accuracy_1.0": 0.84, "val_ranking_accuracy_1.1": 0.85, "val_ranking_accuracy_1.2": 0.86, "val_ranking_accuracy_1.3": 0.87, "val_ranking_accuracy_1.4": 0.88, "val_ranking_accuracy_1.5": 0.88, "val_ranking_accuracy_1.6": 0.89, "val_ranking_accuracy_1.7": 0.9, "val_ranking_accuracy_1.8": 0.9, "val_ranking_accuracy_1.9": 0.91, "val_ranking_accuracy_2.0": 0.91, "val_mean_loss": 1.0743060822304065, "val_sum_loss": 336.2578037381172, "timestamp": 1712645390, "checkpoint_dir_name": null, "done": false, "training_iteration": 8, "trial_id": "8e5ec03f", "date": "2024-04-09_08-49-50", "time_this_iter_s": 812.5615167617798, "time_total_s": 6625.846692800522, "pid": 2224359, "hostname": "jyn", "node_ip": "131.130.125.89", "config": {"model": {"hidden_dimension": 256, "modules": {"1": {"times": 6, "parameter": {"dropout": 0.5}}}}, "optimizer": {"base_learning_rate": 0.001}}, "time_since_restore": 6625.846692800522, "iterations_since_restore": 8}
{"train_mae": 0.6000000238418579, "train_r2": 0.28, "train_spearmanr": 0.65, "train_mse": 0.6200000047683716, "train_rmse": 0.7900000214576721, "train_mean_loss": 0.6048412024974823, "train_sum_loss": 188.71045517921448, "val_mae": 0.49000000953674316, "val_r2": 0.51, "val_spearmanr": 0.76, "val_mse": 0.44999998807907104, "val_rmse": 0.6700000166893005, "val_ranking_accuracy_0.1": 0.79, "val_ranking_accuracy_0.2": 0.81, "val_ranking_accuracy_0.3": 0.83, "val_ranking_accuracy_0.4": 0.84, "val_ranking_accuracy_0.5": 0.86, "val_ranking_accuracy_0.6": 0.87, "val_ranking_accuracy_0.7": 0.88, "val_ranking_accuracy_0.8": 0.89, "val_ranking_accuracy_0.9": 0.9, "val_ranking_accuracy_1.0": 0.91, "val_ranking_accuracy_1.1": 0.92, "val_ranking_accuracy_1.2": 0.93, "val_ranking_accuracy_1.3": 0.93, "val_ranking_accuracy_1.4": 0.94, "val_ranking_accuracy_1.5": 0.94, "val_ranking_accuracy_1.6": 0.94, "val_ranking_accuracy_1.7": 0.95, "val_ranking_accuracy_1.8": 0.95, "val_ranking_accuracy_1.9": 0.95, "val_ranking_accuracy_2.0": 0.95, "val_mean_loss": 0.4855351423303159, "val_sum_loss": 151.97249954938889, "timestamp": 1712646193, "checkpoint_dir_name": null, "done": false, "training_iteration": 9, "trial_id": "8e5ec03f", "date": "2024-04-09_09-03-13", "time_this_iter_s": 803.4295201301575, "time_total_s": 7429.276212930679, "pid": 2224359, "hostname": "jyn", "node_ip": "131.130.125.89", "config": {"model": {"hidden_dimension": 256, "modules": {"1": {"times": 6, "parameter": {"dropout": 0.5}}}}, "optimizer": {"base_learning_rate": 0.001}}, "time_since_restore": 7429.276212930679, "iterations_since_restore": 9}
{"train_mae": 0.5899999737739563, "train_r2": 0.32, "train_spearmanr": 0.68, "train_mse": 0.5799999833106995, "train_rmse": 0.7599999904632568, "train_mean_loss": 0.5858846087104235, "train_sum_loss": 182.79599791765213, "val_mae": 0.6200000047683716, "val_r2": 0.27, "val_spearmanr": 0.67, "val_mse": 0.6700000166893005, "val_rmse": 0.8199999928474426, "val_ranking_accuracy_0.1": 0.74, "val_ranking_accuracy_0.2": 0.75, "val_ranking_accuracy_0.3": 0.77, "val_ranking_accuracy_0.4": 0.78, "val_ranking_accuracy_0.5": 0.8, "val_ranking_accuracy_0.6": 0.81, "val_ranking_accuracy_0.7": 0.82, "val_ranking_accuracy_0.8": 0.84, "val_ranking_accuracy_0.9": 0.86, "val_ranking_accuracy_1.0": 0.87, "val_ranking_accuracy_1.1": 0.88, "val_ranking_accuracy_1.2": 0.88, "val_ranking_accuracy_1.3": 0.89, "val_ranking_accuracy_1.4": 0.9, "val_ranking_accuracy_1.5": 0.91, "val_ranking_accuracy_1.6": 0.92, "val_ranking_accuracy_1.7": 0.93, "val_ranking_accuracy_1.8": 0.94, "val_ranking_accuracy_1.9": 0.94, "val_ranking_accuracy_2.0": 0.95, "val_mean_loss": 0.6167493682509413, "val_sum_loss": 193.04255226254463, "timestamp": 1712646983, "checkpoint_dir_name": null, "done": false, "training_iteration": 10, "trial_id": "8e5ec03f", "date": "2024-04-09_09-16-23", "time_this_iter_s": 790.1833188533783, "time_total_s": 8219.459531784058, "pid": 2224359, "hostname": "jyn", "node_ip": "131.130.125.89", "config": {"model": {"hidden_dimension": 256, "modules": {"1": {"times": 6, "parameter": {"dropout": 0.5}}}}, "optimizer": {"base_learning_rate": 0.001}}, "time_since_restore": 8219.459531784058, "iterations_since_restore": 10}
{"train_mae": 0.5899999737739563, "train_r2": 0.32, "train_spearmanr": 0.67, "train_mse": 0.5899999737739563, "train_rmse": 0.7699999809265137, "train_mean_loss": 0.5863470967190388, "train_sum_loss": 182.9402941763401, "val_mae": 0.5, "val_r2": 0.47, "val_spearmanr": 0.75, "val_mse": 0.47999998927116394, "val_rmse": 0.699999988079071, "val_ranking_accuracy_0.1": 0.78, "val_ranking_accuracy_0.2": 0.8, "val_ranking_accuracy_0.3": 0.82, "val_ranking_accuracy_0.4": 0.83, "val_ranking_accuracy_0.5": 0.85, "val_ranking_accuracy_0.6": 0.86, "val_ranking_accuracy_0.7": 0.87, "val_ranking_accuracy_0.8": 0.89, "val_ranking_accuracy_0.9": 0.89, "val_ranking_accuracy_1.0": 0.9, "val_ranking_accuracy_1.1": 0.91, "val_ranking_accuracy_1.2": 0.92, "val_ranking_accuracy_1.3": 0.93, "val_ranking_accuracy_1.4": 0.93, "val_ranking_accuracy_1.5": 0.94, "val_ranking_accuracy_1.6": 0.94, "val_ranking_accuracy_1.7": 0.94, "val_ranking_accuracy_1.8": 0.95, "val_ranking_accuracy_1.9": 0.95, "val_ranking_accuracy_2.0": 0.94, "val_mean_loss": 0.4999810945683013, "val_sum_loss": 156.4940825998783, "timestamp": 1712647771, "checkpoint_dir_name": null, "done": false, "training_iteration": 11, "trial_id": "8e5ec03f", "date": "2024-04-09_09-29-31", "time_this_iter_s": 787.4701759815216, "time_total_s": 9006.92970776558, "pid": 2224359, "hostname": "jyn", "node_ip": "131.130.125.89", "config": {"model": {"hidden_dimension": 256, "modules": {"1": {"times": 6, "parameter": {"dropout": 0.5}}}}, "optimizer": {"base_learning_rate": 0.001}}, "time_since_restore": 9006.92970776558, "iterations_since_restore": 11}
{"train_mae": 0.5600000023841858, "train_r2": 0.38, "train_spearmanr": 0.69, "train_mse": 0.5400000214576721, "train_rmse": 0.7300000190734863, "train_mean_loss": 0.5573510318421401, "train_sum_loss": 173.8935219347477, "val_mae": 0.6899999976158142, "val_r2": 0.07, "val_spearmanr": 0.72, "val_mse": 0.8500000238418579, "val_rmse": 0.9200000166893005, "val_ranking_accuracy_0.1": 0.78, "val_ranking_accuracy_0.2": 0.79, "val_ranking_accuracy_0.3": 0.81, "val_ranking_accuracy_0.4": 0.82, "val_ranking_accuracy_0.5": 0.83, "val_ranking_accuracy_0.6": 0.85, "val_ranking_accuracy_0.7": 0.86, "val_ranking_accuracy_0.8": 0.87, "val_ranking_accuracy_0.9": 0.88, "val_ranking_accuracy_1.0": 0.88, "val_ranking_accuracy_1.1": 0.89, "val_ranking_accuracy_1.2": 0.9, "val_ranking_accuracy_1.3": 0.9, "val_ranking_accuracy_1.4": 0.91, "val_ranking_accuracy_1.5": 0.91, "val_ranking_accuracy_1.6": 0.91, "val_ranking_accuracy_1.7": 0.91, "val_ranking_accuracy_1.8": 0.91, "val_ranking_accuracy_1.9": 0.91, "val_ranking_accuracy_2.0": 0.91, "val_mean_loss": 0.6858867681064544, "val_sum_loss": 214.68255841732025, "timestamp": 1712648552, "checkpoint_dir_name": null, "done": false, "training_iteration": 12, "trial_id": "8e5ec03f", "date": "2024-04-09_09-42-32", "time_this_iter_s": 780.8064148426056, "time_total_s": 9787.736122608185, "pid": 2224359, "hostname": "jyn", "node_ip": "131.130.125.89", "config": {"model": {"hidden_dimension": 256, "modules": {"1": {"times": 6, "parameter": {"dropout": 0.5}}}}, "optimizer": {"base_learning_rate": 0.001}}, "time_since_restore": 9787.736122608185, "iterations_since_restore": 12}
{"train_mae": 0.5400000214576721, "train_r2": 0.42, "train_spearmanr": 0.71, "train_mse": 0.5, "train_rmse": 0.7099999785423279, "train_mean_loss": 0.5439193411133229, "train_sum_loss": 169.70283442735672, "val_mae": 0.7099999785423279, "val_r2": 0.11, "val_spearmanr": 0.8, "val_mse": 0.8199999928474426, "val_rmse": 0.9100000262260437, "val_ranking_accuracy_0.1": 0.81, "val_ranking_accuracy_0.2": 0.83, "val_ranking_accuracy_0.3": 0.85, "val_ranking_accuracy_0.4": 0.87, "val_ranking_accuracy_0.5": 0.88, "val_ranking_accuracy_0.6": 0.9, "val_ranking_accuracy_0.7": 0.91, "val_ranking_accuracy_0.8": 0.92, "val_ranking_accuracy_0.9": 0.93, "val_ranking_accuracy_1.0": 0.94, "val_ranking_accuracy_1.1": 0.95, "val_ranking_accuracy_1.2": 0.95, "val_ranking_accuracy_1.3": 0.96, "val_ranking_accuracy_1.4": 0.96, "val_ranking_accuracy_1.5": 0.96, "val_ranking_accuracy_1.6": 0.97, "val_ranking_accuracy_1.7": 0.97, "val_ranking_accuracy_1.8": 0.98, "val_ranking_accuracy_1.9": 0.98, "val_ranking_accuracy_2.0": 0.97, "val_mean_loss": 0.7133448765681575, "val_sum_loss": 223.27694636583328, "timestamp": 1712649359, "checkpoint_dir_name": null, "done": false, "training_iteration": 13, "trial_id": "8e5ec03f", "date": "2024-04-09_09-55-59", "time_this_iter_s": 807.0380079746246, "time_total_s": 10594.77413058281, "pid": 2224359, "hostname": "jyn", "node_ip": "131.130.125.89", "config": {"model": {"hidden_dimension": 256, "modules": {"1": {"times": 6, "parameter": {"dropout": 0.5}}}}, "optimizer": {"base_learning_rate": 0.001}}, "time_since_restore": 10594.77413058281, "iterations_since_restore": 13}
{"train_mae": 0.5199999809265137, "train_r2": 0.45, "train_spearmanr": 0.72, "train_mse": 0.4699999988079071, "train_rmse": 0.6899999976158142, "train_mean_loss": 0.524142226156516, "train_sum_loss": 163.53237456083298, "val_mae": 0.5400000214576721, "val_r2": 0.4, "val_spearmanr": 0.71, "val_mse": 0.550000011920929, "val_rmse": 0.7400000095367432, "val_ranking_accuracy_0.1": 0.76, "val_ranking_accuracy_0.2": 0.78, "val_ranking_accuracy_0.3": 0.79, "val_ranking_accuracy_0.4": 0.81, "val_ranking_accuracy_0.5": 0.83, "val_ranking_accuracy_0.6": 0.84, "val_ranking_accuracy_0.7": 0.86, "val_ranking_accuracy_0.8": 0.87, "val_ranking_accuracy_0.9": 0.87, "val_ranking_accuracy_1.0": 0.88, "val_ranking_accuracy_1.1": 0.89, "val_ranking_accuracy_1.2": 0.9, "val_ranking_accuracy_1.3": 0.91, "val_ranking_accuracy_1.4": 0.91, "val_ranking_accuracy_1.5": 0.92, "val_ranking_accuracy_1.6": 0.92, "val_ranking_accuracy_1.7": 0.93, "val_ranking_accuracy_1.8": 0.93, "val_ranking_accuracy_1.9": 0.93, "val_ranking_accuracy_2.0": 0.93, "val_mean_loss": 0.539186891465903, "val_sum_loss": 168.76549702882767, "timestamp": 1712650171, "checkpoint_dir_name": null, "done": false, "training_iteration": 14, "trial_id": "8e5ec03f", "date": "2024-04-09_10-09-31", "time_this_iter_s": 812.1652703285217, "time_total_s": 11406.939400911331, "pid": 2224359, "hostname": "jyn", "node_ip": "131.130.125.89", "config": {"model": {"hidden_dimension": 256, "modules": {"1": {"times": 6, "parameter": {"dropout": 0.5}}}}, "optimizer": {"base_learning_rate": 0.001}}, "time_since_restore": 11406.939400911331, "iterations_since_restore": 14}
{"train_mae": 0.5199999809265137, "train_r2": 0.46, "train_spearmanr": 0.72, "train_mse": 0.4699999988079071, "train_rmse": 0.6800000071525574, "train_mean_loss": 0.5175802804147586, "train_sum_loss": 161.48504748940468, "val_mae": 0.44999998807907104, "val_r2": 0.55, "val_spearmanr": 0.82, "val_mse": 0.4099999964237213, "val_rmse": 0.6399999856948853, "val_ranking_accuracy_0.1": 0.82, "val_ranking_accuracy_0.2": 0.84, "val_ranking_accuracy_0.3": 0.86, "val_ranking_accuracy_0.4": 0.88, "val_ranking_accuracy_0.5": 0.89, "val_ranking_accuracy_0.6": 0.91, "val_ranking_accuracy_0.7": 0.92, "val_ranking_accuracy_0.8": 0.92, "val_ranking_accuracy_0.9": 0.94, "val_ranking_accuracy_1.0": 0.94, "val_ranking_accuracy_1.1": 0.95, "val_ranking_accuracy_1.2": 0.95, "val_ranking_accuracy_1.3": 0.96, "val_ranking_accuracy_1.4": 0.96, "val_ranking_accuracy_1.5": 0.96, "val_ranking_accuracy_1.6": 0.96, "val_ranking_accuracy_1.7": 0.96, "val_ranking_accuracy_1.8": 0.97, "val_ranking_accuracy_1.9": 0.97, "val_ranking_accuracy_2.0": 0.97, "val_mean_loss": 0.4482744844576802, "val_sum_loss": 140.3099136352539, "timestamp": 1712650975, "checkpoint_dir_name": null, "done": false, "training_iteration": 15, "trial_id": "8e5ec03f", "date": "2024-04-09_10-22-55", "time_this_iter_s": 804.2658367156982, "time_total_s": 12211.20523762703, "pid": 2224359, "hostname": "jyn", "node_ip": "131.130.125.89", "config": {"model": {"hidden_dimension": 256, "modules": {"1": {"times": 6, "parameter": {"dropout": 0.5}}}}, "optimizer": {"base_learning_rate": 0.001}}, "time_since_restore": 12211.20523762703, "iterations_since_restore": 15}
{"train_mae": 0.5, "train_r2": 0.5, "train_spearmanr": 0.74, "train_mse": 0.4399999976158142, "train_rmse": 0.6600000262260437, "train_mean_loss": 0.4967968294826838, "train_sum_loss": 155.00061079859734, "val_mae": 0.699999988079071, "val_r2": 0.14, "val_spearmanr": 0.83, "val_mse": 0.7900000214576721, "val_rmse": 0.8899999856948853, "val_ranking_accuracy_0.1": 0.83, "val_ranking_accuracy_0.2": 0.85, "val_ranking_accuracy_0.3": 0.86, "val_ranking_accuracy_0.4": 0.88, "val_ranking_accuracy_0.5": 0.89, "val_ranking_accuracy_0.6": 0.9, "val_ranking_accuracy_0.7": 0.91, "val_ranking_accuracy_0.8": 0.92, "val_ranking_accuracy_0.9": 0.93, "val_ranking_accuracy_1.0": 0.93, "val_ranking_accuracy_1.1": 0.94, "val_ranking_accuracy_1.2": 0.94, "val_ranking_accuracy_1.3": 0.95, "val_ranking_accuracy_1.4": 0.95, "val_ranking_accuracy_1.5": 0.96, "val_ranking_accuracy_1.6": 0.96, "val_ranking_accuracy_1.7": 0.96, "val_ranking_accuracy_1.8": 0.96, "val_ranking_accuracy_1.9": 0.96, "val_ranking_accuracy_2.0": 0.96, "val_mean_loss": 0.6991404471115563, "val_sum_loss": 218.83095994591713, "timestamp": 1712651768, "checkpoint_dir_name": null, "done": false, "training_iteration": 16, "trial_id": "8e5ec03f", "date": "2024-04-09_10-36-08", "time_this_iter_s": 792.4280791282654, "time_total_s": 13003.633316755295, "pid": 2224359, "hostname": "jyn", "node_ip": "131.130.125.89", "config": {"model": {"hidden_dimension": 256, "modules": {"1": {"times": 6, "parameter": {"dropout": 0.5}}}}, "optimizer": {"base_learning_rate": 0.001}}, "time_since_restore": 13003.633316755295, "iterations_since_restore": 16}
{"train_mae": 0.47999998927116394, "train_r2": 0.53, "train_spearmanr": 0.76, "train_mse": 0.4000000059604645, "train_rmse": 0.6399999856948853, "train_mean_loss": 0.47768712559571636, "train_sum_loss": 149.0383831858635, "val_mae": 0.4399999976158142, "val_r2": 0.61, "val_spearmanr": 0.81, "val_mse": 0.36000001430511475, "val_rmse": 0.6000000238418579, "val_ranking_accuracy_0.1": 0.82, "val_ranking_accuracy_0.2": 0.83, "val_ranking_accuracy_0.3": 0.85, "val_ranking_accuracy_0.4": 0.86, "val_ranking_accuracy_0.5": 0.88, "val_ranking_accuracy_0.6": 0.89, "val_ranking_accuracy_0.7": 0.9, "val_ranking_accuracy_0.8": 0.91, "val_ranking_accuracy_0.9": 0.92, "val_ranking_accuracy_1.0": 0.93, "val_ranking_accuracy_1.1": 0.93, "val_ranking_accuracy_1.2": 0.94, "val_ranking_accuracy_1.3": 0.94, "val_ranking_accuracy_1.4": 0.94, "val_ranking_accuracy_1.5": 0.95, "val_ranking_accuracy_1.6": 0.95, "val_ranking_accuracy_1.7": 0.96, "val_ranking_accuracy_1.8": 0.96, "val_ranking_accuracy_1.9": 0.96, "val_ranking_accuracy_2.0": 0.96, "val_mean_loss": 0.43731430496651524, "val_sum_loss": 136.87937745451927, "timestamp": 1712652552, "checkpoint_dir_name": null, "done": false, "training_iteration": 17, "trial_id": "8e5ec03f", "date": "2024-04-09_10-49-12", "time_this_iter_s": 784.520512342453, "time_total_s": 13788.153829097748, "pid": 2224359, "hostname": "jyn", "node_ip": "131.130.125.89", "config": {"model": {"hidden_dimension": 256, "modules": {"1": {"times": 6, "parameter": {"dropout": 0.5}}}}, "optimizer": {"base_learning_rate": 0.001}}, "time_since_restore": 13788.153829097748, "iterations_since_restore": 17}
{"train_mae": 0.47999998927116394, "train_r2": 0.54, "train_spearmanr": 0.75, "train_mse": 0.4000000059604645, "train_rmse": 0.6299999952316284, "train_mean_loss": 0.4764649571898656, "train_sum_loss": 148.65706664323807, "val_mae": 0.699999988079071, "val_r2": 0.13, "val_spearmanr": 0.81, "val_mse": 0.800000011920929, "val_rmse": 0.8899999856948853, "val_ranking_accuracy_0.1": 0.82, "val_ranking_accuracy_0.2": 0.83, "val_ranking_accuracy_0.3": 0.85, "val_ranking_accuracy_0.4": 0.86, "val_ranking_accuracy_0.5": 0.88, "val_ranking_accuracy_0.6": 0.89, "val_ranking_accuracy_0.7": 0.9, "val_ranking_accuracy_0.8": 0.91, "val_ranking_accuracy_0.9": 0.92, "val_ranking_accuracy_1.0": 0.93, "val_ranking_accuracy_1.1": 0.94, "val_ranking_accuracy_1.2": 0.95, "val_ranking_accuracy_1.3": 0.95, "val_ranking_accuracy_1.4": 0.95, "val_ranking_accuracy_1.5": 0.95, "val_ranking_accuracy_1.6": 0.96, "val_ranking_accuracy_1.7": 0.96, "val_ranking_accuracy_1.8": 0.96, "val_ranking_accuracy_1.9": 0.96, "val_ranking_accuracy_2.0": 0.96, "val_mean_loss": 0.6975292118783957, "val_sum_loss": 218.32664331793785, "timestamp": 1712653333, "checkpoint_dir_name": null, "done": false, "training_iteration": 18, "trial_id": "8e5ec03f", "date": "2024-04-09_11-02-13", "time_this_iter_s": 780.601756811142, "time_total_s": 14568.75558590889, "pid": 2224359, "hostname": "jyn", "node_ip": "131.130.125.89", "config": {"model": {"hidden_dimension": 256, "modules": {"1": {"times": 6, "parameter": {"dropout": 0.5}}}}, "optimizer": {"base_learning_rate": 0.001}}, "time_since_restore": 14568.75558590889, "iterations_since_restore": 18}
{"train_mae": 0.4699999988079071, "train_r2": 0.54, "train_spearmanr": 0.76, "train_mse": 0.4000000059604645, "train_rmse": 0.6299999952316284, "train_mean_loss": 0.472718011874419, "train_sum_loss": 147.48801970481873, "val_mae": 0.4300000071525574, "val_r2": 0.6, "val_spearmanr": 0.81, "val_mse": 0.36000001430511475, "val_rmse": 0.6000000238418579, "val_ranking_accuracy_0.1": 0.83, "val_ranking_accuracy_0.2": 0.85, "val_ranking_accuracy_0.3": 0.86, "val_ranking_accuracy_0.4": 0.87, "val_ranking_accuracy_0.5": 0.88, "val_ranking_accuracy_0.6": 0.89, "val_ranking_accuracy_0.7": 0.91, "val_ranking_accuracy_0.8": 0.92, "val_ranking_accuracy_0.9": 0.93, "val_ranking_accuracy_1.0": 0.94, "val_ranking_accuracy_1.1": 0.94, "val_ranking_accuracy_1.2": 0.95, "val_ranking_accuracy_1.3": 0.96, "val_ranking_accuracy_1.4": 0.96, "val_ranking_accuracy_1.5": 0.96, "val_ranking_accuracy_1.6": 0.96, "val_ranking_accuracy_1.7": 0.97, "val_ranking_accuracy_1.8": 0.97, "val_ranking_accuracy_1.9": 0.96, "val_ranking_accuracy_2.0": 0.96, "val_mean_loss": 0.4322042727527527, "val_sum_loss": 135.2799373716116, "timestamp": 1712654135, "checkpoint_dir_name": null, "done": false, "training_iteration": 19, "trial_id": "8e5ec03f", "date": "2024-04-09_11-15-35", "time_this_iter_s": 802.3015155792236, "time_total_s": 15371.057101488113, "pid": 2224359, "hostname": "jyn", "node_ip": "131.130.125.89", "config": {"model": {"hidden_dimension": 256, "modules": {"1": {"times": 6, "parameter": {"dropout": 0.5}}}}, "optimizer": {"base_learning_rate": 0.001}}, "time_since_restore": 15371.057101488113, "iterations_since_restore": 19}
{"train_mae": 0.4699999988079071, "train_r2": 0.55, "train_spearmanr": 0.77, "train_mse": 0.38999998569488525, "train_rmse": 0.6299999952316284, "train_mean_loss": 0.4686581488603201, "train_sum_loss": 146.22134244441986, "val_mae": 0.7900000214576721, "val_r2": -0.01, "val_spearmanr": 0.83, "val_mse": 0.9300000071525574, "val_rmse": 0.9599999785423279, "val_ranking_accuracy_0.1": 0.82, "val_ranking_accuracy_0.2": 0.84, "val_ranking_accuracy_0.3": 0.86, "val_ranking_accuracy_0.4": 0.88, "val_ranking_accuracy_0.5": 0.89, "val_ranking_accuracy_0.6": 0.91, "val_ranking_accuracy_0.7": 0.92, "val_ranking_accuracy_0.8": 0.92, "val_ranking_accuracy_0.9": 0.93, "val_ranking_accuracy_1.0": 0.94, "val_ranking_accuracy_1.1": 0.94, "val_ranking_accuracy_1.2": 0.95, "val_ranking_accuracy_1.3": 0.95, "val_ranking_accuracy_1.4": 0.96, "val_ranking_accuracy_1.5": 0.96, "val_ranking_accuracy_1.6": 0.96, "val_ranking_accuracy_1.7": 0.96, "val_ranking_accuracy_1.8": 0.96, "val_ranking_accuracy_1.9": 0.97, "val_ranking_accuracy_2.0": 0.97, "val_mean_loss": 0.7867602976366354, "val_sum_loss": 246.25597316026688, "timestamp": 1712654947, "checkpoint_dir_name": null, "done": false, "training_iteration": 20, "trial_id": "8e5ec03f", "date": "2024-04-09_11-29-07", "time_this_iter_s": 812.2451236248016, "time_total_s": 16183.302225112915, "pid": 2224359, "hostname": "jyn", "node_ip": "131.130.125.89", "config": {"model": {"hidden_dimension": 256, "modules": {"1": {"times": 6, "parameter": {"dropout": 0.5}}}}, "optimizer": {"base_learning_rate": 0.001}}, "time_since_restore": 16183.302225112915, "iterations_since_restore": 20}
{"train_mae": 0.4699999988079071, "train_r2": 0.56, "train_spearmanr": 0.77, "train_mse": 0.3799999952316284, "train_rmse": 0.6200000047683716, "train_mean_loss": 0.46591567448698556, "train_sum_loss": 145.3656904399395, "val_mae": 0.4099999964237213, "val_r2": 0.65, "val_spearmanr": 0.84, "val_mse": 0.33000001311302185, "val_rmse": 0.5699999928474426, "val_ranking_accuracy_0.1": 0.84, "val_ranking_accuracy_0.2": 0.86, "val_ranking_accuracy_0.3": 0.88, "val_ranking_accuracy_0.4": 0.9, "val_ranking_accuracy_0.5": 0.91, "val_ranking_accuracy_0.6": 0.92, "val_ranking_accuracy_0.7": 0.93, "val_ranking_accuracy_0.8": 0.94, "val_ranking_accuracy_0.9": 0.94, "val_ranking_accuracy_1.0": 0.95, "val_ranking_accuracy_1.1": 0.95, "val_ranking_accuracy_1.2": 0.96, "val_ranking_accuracy_1.3": 0.96, "val_ranking_accuracy_1.4": 0.96, "val_ranking_accuracy_1.5": 0.96, "val_ranking_accuracy_1.6": 0.96, "val_ranking_accuracy_1.7": 0.96, "val_ranking_accuracy_1.8": 0.96, "val_ranking_accuracy_1.9": 0.96, "val_ranking_accuracy_2.0": 0.95, "val_mean_loss": 0.40483276574565963, "val_sum_loss": 126.71265567839146, "timestamp": 1712655758, "checkpoint_dir_name": null, "done": false, "training_iteration": 21, "trial_id": "8e5ec03f", "date": "2024-04-09_11-42-38", "time_this_iter_s": 810.7418918609619, "time_total_s": 16994.044116973877, "pid": 2224359, "hostname": "jyn", "node_ip": "131.130.125.89", "config": {"model": {"hidden_dimension": 256, "modules": {"1": {"times": 6, "parameter": {"dropout": 0.5}}}}, "optimizer": {"base_learning_rate": 0.001}}, "time_since_restore": 16994.044116973877, "iterations_since_restore": 21}
{"train_mae": 0.44999998807907104, "train_r2": 0.57, "train_spearmanr": 0.78, "train_mse": 0.3700000047683716, "train_rmse": 0.6100000143051147, "train_mean_loss": 0.4549625918078117, "train_sum_loss": 141.94832864403725, "val_mae": 0.46000000834465027, "val_r2": 0.53, "val_spearmanr": 0.83, "val_mse": 0.4300000071525574, "val_rmse": 0.6600000262260437, "val_ranking_accuracy_0.1": 0.82, "val_ranking_accuracy_0.2": 0.84, "val_ranking_accuracy_0.3": 0.86, "val_ranking_accuracy_0.4": 0.87, "val_ranking_accuracy_0.5": 0.88, "val_ranking_accuracy_0.6": 0.9, "val_ranking_accuracy_0.7": 0.91, "val_ranking_accuracy_0.8": 0.92, "val_ranking_accuracy_0.9": 0.92, "val_ranking_accuracy_1.0": 0.93, "val_ranking_accuracy_1.1": 0.95, "val_ranking_accuracy_1.2": 0.95, "val_ranking_accuracy_1.3": 0.95, "val_ranking_accuracy_1.4": 0.96, "val_ranking_accuracy_1.5": 0.95, "val_ranking_accuracy_1.6": 0.95, "val_ranking_accuracy_1.7": 0.96, "val_ranking_accuracy_1.8": 0.96, "val_ranking_accuracy_1.9": 0.95, "val_ranking_accuracy_2.0": 0.96, "val_mean_loss": 0.4651800221718919, "val_sum_loss": 145.60134693980217, "timestamp": 1712656548, "checkpoint_dir_name": null, "done": false, "training_iteration": 22, "trial_id": "8e5ec03f", "date": "2024-04-09_11-55-48", "time_this_iter_s": 789.6258361339569, "time_total_s": 17783.669953107834, "pid": 2224359, "hostname": "jyn", "node_ip": "131.130.125.89", "config": {"model": {"hidden_dimension": 256, "modules": {"1": {"times": 6, "parameter": {"dropout": 0.5}}}}, "optimizer": {"base_learning_rate": 0.001}}, "time_since_restore": 17783.669953107834, "iterations_since_restore": 22}
{"train_mae": 0.4399999976158142, "train_r2": 0.6, "train_spearmanr": 0.79, "train_mse": 0.3400000035762787, "train_rmse": 0.5899999737739563, "train_mean_loss": 0.4414045183131328, "train_sum_loss": 137.71820971369743, "val_mae": 0.5299999713897705, "val_r2": 0.5, "val_spearmanr": 0.84, "val_mse": 0.44999998807907104, "val_rmse": 0.6700000166893005, "val_ranking_accuracy_0.1": 0.85, "val_ranking_accuracy_0.2": 0.87, "val_ranking_accuracy_0.3": 0.88, "val_ranking_accuracy_0.4": 0.89, "val_ranking_accuracy_0.5": 0.91, "val_ranking_accuracy_0.6": 0.92, "val_ranking_accuracy_0.7": 0.93, "val_ranking_accuracy_0.8": 0.94, "val_ranking_accuracy_0.9": 0.95, "val_ranking_accuracy_1.0": 0.95, "val_ranking_accuracy_1.1": 0.96, "val_ranking_accuracy_1.2": 0.96, "val_ranking_accuracy_1.3": 0.97, "val_ranking_accuracy_1.4": 0.97, "val_ranking_accuracy_1.5": 0.97, "val_ranking_accuracy_1.6": 0.97, "val_ranking_accuracy_1.7": 0.97, "val_ranking_accuracy_1.8": 0.97, "val_ranking_accuracy_1.9": 0.97, "val_ranking_accuracy_2.0": 0.97, "val_mean_loss": 0.5256906072743023, "val_sum_loss": 164.5411600768566, "timestamp": 1712657331, "checkpoint_dir_name": null, "done": false, "training_iteration": 23, "trial_id": "8e5ec03f", "date": "2024-04-09_12-08-51", "time_this_iter_s": 783.5665900707245, "time_total_s": 18567.23654317856, "pid": 2224359, "hostname": "jyn", "node_ip": "131.130.125.89", "config": {"model": {"hidden_dimension": 256, "modules": {"1": {"times": 6, "parameter": {"dropout": 0.5}}}}, "optimizer": {"base_learning_rate": 0.001}}, "time_since_restore": 18567.23654317856, "iterations_since_restore": 23}
{"train_mae": 0.4399999976158142, "train_r2": 0.61, "train_spearmanr": 0.79, "train_mse": 0.3400000035762787, "train_rmse": 0.5799999833106995, "train_mean_loss": 0.43686256538598967, "train_sum_loss": 136.30112040042877, "val_mae": 0.4000000059604645, "val_r2": 0.66, "val_spearmanr": 0.84, "val_mse": 0.3199999928474426, "val_rmse": 0.5600000023841858, "val_ranking_accuracy_0.1": 0.83, "val_ranking_accuracy_0.2": 0.85, "val_ranking_accuracy_0.3": 0.88, "val_ranking_accuracy_0.4": 0.89, "val_ranking_accuracy_0.5": 0.9, "val_ranking_accuracy_0.6": 0.91, "val_ranking_accuracy_0.7": 0.92, "val_ranking_accuracy_0.8": 0.94, "val_ranking_accuracy_0.9": 0.94, "val_ranking_accuracy_1.0": 0.95, "val_ranking_accuracy_1.1": 0.95, "val_ranking_accuracy_1.2": 0.96, "val_ranking_accuracy_1.3": 0.96, "val_ranking_accuracy_1.4": 0.96, "val_ranking_accuracy_1.5": 0.96, "val_ranking_accuracy_1.6": 0.96, "val_ranking_accuracy_1.7": 0.96, "val_ranking_accuracy_1.8": 0.96, "val_ranking_accuracy_1.9": 0.96, "val_ranking_accuracy_2.0": 0.96, "val_mean_loss": 0.39742238857685186, "val_sum_loss": 124.39320762455463, "timestamp": 1712658158, "checkpoint_dir_name": null, "done": false, "training_iteration": 24, "trial_id": "8e5ec03f", "date": "2024-04-09_12-22-38", "time_this_iter_s": 826.9717662334442, "time_total_s": 19394.208309412003, "pid": 2224359, "hostname": "jyn", "node_ip": "131.130.125.89", "config": {"model": {"hidden_dimension": 256, "modules": {"1": {"times": 6, "parameter": {"dropout": 0.5}}}}, "optimizer": {"base_learning_rate": 0.001}}, "time_since_restore": 19394.208309412003, "iterations_since_restore": 24}
{"train_mae": 0.4300000071525574, "train_r2": 0.62, "train_spearmanr": 0.8, "train_mse": 0.33000001311302185, "train_rmse": 0.5699999928474426, "train_mean_loss": 0.4262307023581786, "train_sum_loss": 132.98397913575172, "val_mae": 0.4000000059604645, "val_r2": 0.65, "val_spearmanr": 0.84, "val_mse": 0.3199999928474426, "val_rmse": 0.5699999928474426, "val_ranking_accuracy_0.1": 0.85, "val_ranking_accuracy_0.2": 0.87, "val_ranking_accuracy_0.3": 0.88, "val_ranking_accuracy_0.4": 0.9, "val_ranking_accuracy_0.5": 0.91, "val_ranking_accuracy_0.6": 0.92, "val_ranking_accuracy_0.7": 0.94, "val_ranking_accuracy_0.8": 0.95, "val_ranking_accuracy_0.9": 0.95, "val_ranking_accuracy_1.0": 0.96, "val_ranking_accuracy_1.1": 0.96, "val_ranking_accuracy_1.2": 0.96, "val_ranking_accuracy_1.3": 0.97, "val_ranking_accuracy_1.4": 0.97, "val_ranking_accuracy_1.5": 0.97, "val_ranking_accuracy_1.6": 0.97, "val_ranking_accuracy_1.7": 0.97, "val_ranking_accuracy_1.8": 0.97, "val_ranking_accuracy_1.9": 0.97, "val_ranking_accuracy_2.0": 0.97, "val_mean_loss": 0.3974691883157998, "val_sum_loss": 124.40785594284534, "timestamp": 1712658944, "checkpoint_dir_name": null, "done": false, "training_iteration": 25, "trial_id": "8e5ec03f", "date": "2024-04-09_12-35-44", "time_this_iter_s": 785.6454432010651, "time_total_s": 20179.853752613068, "pid": 2224359, "hostname": "jyn", "node_ip": "131.130.125.89", "config": {"model": {"hidden_dimension": 256, "modules": {"1": {"times": 6, "parameter": {"dropout": 0.5}}}}, "optimizer": {"base_learning_rate": 0.001}}, "time_since_restore": 20179.853752613068, "iterations_since_restore": 25}
{"train_mae": 0.41999998688697815, "train_r2": 0.64, "train_spearmanr": 0.81, "train_mse": 0.3100000023841858, "train_rmse": 0.5600000023841858, "train_mean_loss": 0.415793514977663, "train_sum_loss": 129.72757667303085, "val_mae": 0.4000000059604645, "val_r2": 0.65, "val_spearmanr": 0.84, "val_mse": 0.3199999928474426, "val_rmse": 0.5699999928474426, "val_ranking_accuracy_0.1": 0.84, "val_ranking_accuracy_0.2": 0.86, "val_ranking_accuracy_0.3": 0.88, "val_ranking_accuracy_0.4": 0.89, "val_ranking_accuracy_0.5": 0.91, "val_ranking_accuracy_0.6": 0.92, "val_ranking_accuracy_0.7": 0.92, "val_ranking_accuracy_0.8": 0.93, "val_ranking_accuracy_0.9": 0.94, "val_ranking_accuracy_1.0": 0.95, "val_ranking_accuracy_1.1": 0.96, "val_ranking_accuracy_1.2": 0.96, "val_ranking_accuracy_1.3": 0.97, "val_ranking_accuracy_1.4": 0.97, "val_ranking_accuracy_1.5": 0.97, "val_ranking_accuracy_1.6": 0.97, "val_ranking_accuracy_1.7": 0.97, "val_ranking_accuracy_1.8": 0.97, "val_ranking_accuracy_1.9": 0.97, "val_ranking_accuracy_2.0": 0.98, "val_mean_loss": 0.3952430406222328, "val_sum_loss": 123.71107171475887, "timestamp": 1712659773, "checkpoint_dir_name": null, "done": false, "training_iteration": 26, "trial_id": "8e5ec03f", "date": "2024-04-09_12-49-33", "time_this_iter_s": 828.8491642475128, "time_total_s": 21008.70291686058, "pid": 2224359, "hostname": "jyn", "node_ip": "131.130.125.89", "config": {"model": {"hidden_dimension": 256, "modules": {"1": {"times": 6, "parameter": {"dropout": 0.5}}}}, "optimizer": {"base_learning_rate": 0.001}}, "time_since_restore": 21008.70291686058, "iterations_since_restore": 26}
{"train_mae": 0.4099999964237213, "train_r2": 0.64, "train_spearmanr": 0.81, "train_mse": 0.3100000023841858, "train_rmse": 0.5600000023841858, "train_mean_loss": 0.4144724201506529, "train_sum_loss": 129.3153950870037, "val_mae": 0.4000000059604645, "val_r2": 0.66, "val_spearmanr": 0.85, "val_mse": 0.3199999928474426, "val_rmse": 0.5600000023841858, "val_ranking_accuracy_0.1": 0.84, "val_ranking_accuracy_0.2": 0.86, "val_ranking_accuracy_0.3": 0.87, "val_ranking_accuracy_0.4": 0.89, "val_ranking_accuracy_0.5": 0.9, "val_ranking_accuracy_0.6": 0.92, "val_ranking_accuracy_0.7": 0.93, "val_ranking_accuracy_0.8": 0.94, "val_ranking_accuracy_0.9": 0.94, "val_ranking_accuracy_1.0": 0.95, "val_ranking_accuracy_1.1": 0.96, "val_ranking_accuracy_1.2": 0.96, "val_ranking_accuracy_1.3": 0.97, "val_ranking_accuracy_1.4": 0.97, "val_ranking_accuracy_1.5": 0.97, "val_ranking_accuracy_1.6": 0.97, "val_ranking_accuracy_1.7": 0.97, "val_ranking_accuracy_1.8": 0.97, "val_ranking_accuracy_1.9": 0.97, "val_ranking_accuracy_2.0": 0.97, "val_mean_loss": 0.4013826915631279, "val_sum_loss": 125.63278245925903, "timestamp": 1712660592, "checkpoint_dir_name": null, "done": false, "training_iteration": 27, "trial_id": "8e5ec03f", "date": "2024-04-09_13-03-12", "time_this_iter_s": 819.2697629928589, "time_total_s": 21827.97267985344, "pid": 2224359, "hostname": "jyn", "node_ip": "131.130.125.89", "config": {"model": {"hidden_dimension": 256, "modules": {"1": {"times": 6, "parameter": {"dropout": 0.5}}}}, "optimizer": {"base_learning_rate": 0.001}}, "time_since_restore": 21827.97267985344, "iterations_since_restore": 27}
{"train_mae": 0.41999998688697815, "train_r2": 0.63, "train_spearmanr": 0.8, "train_mse": 0.3199999928474426, "train_rmse": 0.5699999928474426, "train_mean_loss": 0.42265847134284484, "train_sum_loss": 131.8694430589676, "val_mae": 0.3700000047683716, "val_r2": 0.69, "val_spearmanr": 0.86, "val_mse": 0.2800000011920929, "val_rmse": 0.5299999713897705, "val_ranking_accuracy_0.1": 0.85, "val_ranking_accuracy_0.2": 0.87, "val_ranking_accuracy_0.3": 0.89, "val_ranking_accuracy_0.4": 0.91, "val_ranking_accuracy_0.5": 0.92, "val_ranking_accuracy_0.6": 0.93, "val_ranking_accuracy_0.7": 0.94, "val_ranking_accuracy_0.8": 0.95, "val_ranking_accuracy_0.9": 0.96, "val_ranking_accuracy_1.0": 0.96, "val_ranking_accuracy_1.1": 0.97, "val_ranking_accuracy_1.2": 0.97, "val_ranking_accuracy_1.3": 0.97, "val_ranking_accuracy_1.4": 0.98, "val_ranking_accuracy_1.5": 0.97, "val_ranking_accuracy_1.6": 0.97, "val_ranking_accuracy_1.7": 0.97, "val_ranking_accuracy_1.8": 0.97, "val_ranking_accuracy_1.9": 0.97, "val_ranking_accuracy_2.0": 0.97, "val_mean_loss": 0.3717323728738882, "val_sum_loss": 116.35223270952702, "timestamp": 1712661353, "checkpoint_dir_name": null, "done": false, "training_iteration": 28, "trial_id": "8e5ec03f", "date": "2024-04-09_13-15-53", "time_this_iter_s": 761.2875800132751, "time_total_s": 22589.260259866714, "pid": 2224359, "hostname": "jyn", "node_ip": "131.130.125.89", "config": {"model": {"hidden_dimension": 256, "modules": {"1": {"times": 6, "parameter": {"dropout": 0.5}}}}, "optimizer": {"base_learning_rate": 0.001}}, "time_since_restore": 22589.260259866714, "iterations_since_restore": 28}
{"train_mae": 0.4099999964237213, "train_r2": 0.65, "train_spearmanr": 0.82, "train_mse": 0.3100000023841858, "train_rmse": 0.550000011920929, "train_mean_loss": 0.4102542441433821, "train_sum_loss": 127.99932417273521, "val_mae": 0.4000000059604645, "val_r2": 0.67, "val_spearmanr": 0.85, "val_mse": 0.30000001192092896, "val_rmse": 0.550000011920929, "val_ranking_accuracy_0.1": 0.84, "val_ranking_accuracy_0.2": 0.86, "val_ranking_accuracy_0.3": 0.88, "val_ranking_accuracy_0.4": 0.89, "val_ranking_accuracy_0.5": 0.91, "val_ranking_accuracy_0.6": 0.92, "val_ranking_accuracy_0.7": 0.93, "val_ranking_accuracy_0.8": 0.94, "val_ranking_accuracy_0.9": 0.95, "val_ranking_accuracy_1.0": 0.95, "val_ranking_accuracy_1.1": 0.96, "val_ranking_accuracy_1.2": 0.96, "val_ranking_accuracy_1.3": 0.96, "val_ranking_accuracy_1.4": 0.96, "val_ranking_accuracy_1.5": 0.97, "val_ranking_accuracy_1.6": 0.97, "val_ranking_accuracy_1.7": 0.97, "val_ranking_accuracy_1.8": 0.97, "val_ranking_accuracy_1.9": 0.97, "val_ranking_accuracy_2.0": 0.97, "val_mean_loss": 0.3964094828588132, "val_sum_loss": 124.07616813480854, "timestamp": 1712662234, "checkpoint_dir_name": null, "done": false, "training_iteration": 29, "trial_id": "8e5ec03f", "date": "2024-04-09_13-30-34", "time_this_iter_s": 880.1467432975769, "time_total_s": 23469.40700316429, "pid": 2224359, "hostname": "jyn", "node_ip": "131.130.125.89", "config": {"model": {"hidden_dimension": 256, "modules": {"1": {"times": 6, "parameter": {"dropout": 0.5}}}}, "optimizer": {"base_learning_rate": 0.001}}, "time_since_restore": 23469.40700316429, "iterations_since_restore": 29}
{"train_mae": 0.4099999964237213, "train_r2": 0.65, "train_spearmanr": 0.82, "train_mse": 0.30000001192092896, "train_rmse": 0.550000011920929, "train_mean_loss": 0.4091775047664459, "train_sum_loss": 127.66338148713112, "val_mae": 0.3799999952316284, "val_r2": 0.67, "val_spearmanr": 0.86, "val_mse": 0.30000001192092896, "val_rmse": 0.550000011920929, "val_ranking_accuracy_0.1": 0.85, "val_ranking_accuracy_0.2": 0.87, "val_ranking_accuracy_0.3": 0.89, "val_ranking_accuracy_0.4": 0.9, "val_ranking_accuracy_0.5": 0.91, "val_ranking_accuracy_0.6": 0.92, "val_ranking_accuracy_0.7": 0.93, "val_ranking_accuracy_0.8": 0.94, "val_ranking_accuracy_0.9": 0.95, "val_ranking_accuracy_1.0": 0.95, "val_ranking_accuracy_1.1": 0.96, "val_ranking_accuracy_1.2": 0.96, "val_ranking_accuracy_1.3": 0.97, "val_ranking_accuracy_1.4": 0.97, "val_ranking_accuracy_1.5": 0.97, "val_ranking_accuracy_1.6": 0.97, "val_ranking_accuracy_1.7": 0.97, "val_ranking_accuracy_1.8": 0.97, "val_ranking_accuracy_1.9": 0.97, "val_ranking_accuracy_2.0": 0.97, "val_mean_loss": 0.3809780430869934, "val_sum_loss": 119.24612748622894, "timestamp": 1712662968, "checkpoint_dir_name": null, "done": false, "training_iteration": 30, "trial_id": "8e5ec03f", "date": "2024-04-09_13-42-48", "time_this_iter_s": 734.3115320205688, "time_total_s": 24203.71853518486, "pid": 2224359, "hostname": "jyn", "node_ip": "131.130.125.89", "config": {"model": {"hidden_dimension": 256, "modules": {"1": {"times": 6, "parameter": {"dropout": 0.5}}}}, "optimizer": {"base_learning_rate": 0.001}}, "time_since_restore": 24203.71853518486, "iterations_since_restore": 30}
{"train_mae": 0.4000000059604645, "train_r2": 0.66, "train_spearmanr": 0.82, "train_mse": 0.28999999165534973, "train_rmse": 0.5400000214576721, "train_mean_loss": 0.4040001037602241, "train_sum_loss": 126.04803237318993, "val_mae": 0.3799999952316284, "val_r2": 0.68, "val_spearmanr": 0.86, "val_mse": 0.28999999165534973, "val_rmse": 0.5400000214576721, "val_ranking_accuracy_0.1": 0.85, "val_ranking_accuracy_0.2": 0.87, "val_ranking_accuracy_0.3": 0.88, "val_ranking_accuracy_0.4": 0.9, "val_ranking_accuracy_0.5": 0.91, "val_ranking_accuracy_0.6": 0.93, "val_ranking_accuracy_0.7": 0.94, "val_ranking_accuracy_0.8": 0.95, "val_ranking_accuracy_0.9": 0.95, "val_ranking_accuracy_1.0": 0.96, "val_ranking_accuracy_1.1": 0.96, "val_ranking_accuracy_1.2": 0.97, "val_ranking_accuracy_1.3": 0.97, "val_ranking_accuracy_1.4": 0.97, "val_ranking_accuracy_1.5": 0.97, "val_ranking_accuracy_1.6": 0.98, "val_ranking_accuracy_1.7": 0.98, "val_ranking_accuracy_1.8": 0.97, "val_ranking_accuracy_1.9": 0.98, "val_ranking_accuracy_2.0": 0.98, "val_mean_loss": 0.3829937923354463, "val_sum_loss": 119.87705700099468, "timestamp": 1712663792, "checkpoint_dir_name": null, "done": false, "training_iteration": 31, "trial_id": "8e5ec03f", "date": "2024-04-09_13-56-32", "time_this_iter_s": 823.9012272357941, "time_total_s": 25027.619762420654, "pid": 2224359, "hostname": "jyn", "node_ip": "131.130.125.89", "config": {"model": {"hidden_dimension": 256, "modules": {"1": {"times": 6, "parameter": {"dropout": 0.5}}}}, "optimizer": {"base_learning_rate": 0.001}}, "time_since_restore": 25027.619762420654, "iterations_since_restore": 31}
{"train_mae": 0.41999998688697815, "train_r2": 0.64, "train_spearmanr": 0.81, "train_mse": 0.3100000023841858, "train_rmse": 0.5600000023841858, "train_mean_loss": 0.4154872556145375, "train_sum_loss": 129.6320237517357, "val_mae": 0.4099999964237213, "val_r2": 0.64, "val_spearmanr": 0.85, "val_mse": 0.33000001311302185, "val_rmse": 0.5699999928474426, "val_ranking_accuracy_0.1": 0.84, "val_ranking_accuracy_0.2": 0.86, "val_ranking_accuracy_0.3": 0.87, "val_ranking_accuracy_0.4": 0.89, "val_ranking_accuracy_0.5": 0.9, "val_ranking_accuracy_0.6": 0.92, "val_ranking_accuracy_0.7": 0.93, "val_ranking_accuracy_0.8": 0.94, "val_ranking_accuracy_0.9": 0.95, "val_ranking_accuracy_1.0": 0.95, "val_ranking_accuracy_1.1": 0.96, "val_ranking_accuracy_1.2": 0.96, "val_ranking_accuracy_1.3": 0.97, "val_ranking_accuracy_1.4": 0.97, "val_ranking_accuracy_1.5": 0.97, "val_ranking_accuracy_1.6": 0.97, "val_ranking_accuracy_1.7": 0.98, "val_ranking_accuracy_1.8": 0.98, "val_ranking_accuracy_1.9": 0.98, "val_ranking_accuracy_2.0": 0.98, "val_mean_loss": 0.4140006644657245, "val_sum_loss": 129.58220797777176, "timestamp": 1712664643, "checkpoint_dir_name": null, "done": false, "training_iteration": 32, "trial_id": "8e5ec03f", "date": "2024-04-09_14-10-43", "time_this_iter_s": 850.9169774055481, "time_total_s": 25878.536739826202, "pid": 2224359, "hostname": "jyn", "node_ip": "131.130.125.89", "config": {"model": {"hidden_dimension": 256, "modules": {"1": {"times": 6, "parameter": {"dropout": 0.5}}}}, "optimizer": {"base_learning_rate": 0.001}}, "time_since_restore": 25878.536739826202, "iterations_since_restore": 32}
{"train_mae": 0.4000000059604645, "train_r2": 0.66, "train_spearmanr": 0.82, "train_mse": 0.28999999165534973, "train_rmse": 0.5400000214576721, "train_mean_loss": 0.4016543647799736, "train_sum_loss": 125.31616181135178, "val_mae": 0.5, "val_r2": 0.45, "val_spearmanr": 0.82, "val_mse": 0.5, "val_rmse": 0.7099999785423279, "val_ranking_accuracy_0.1": 0.83, "val_ranking_accuracy_0.2": 0.85, "val_ranking_accuracy_0.3": 0.86, "val_ranking_accuracy_0.4": 0.88, "val_ranking_accuracy_0.5": 0.89, "val_ranking_accuracy_0.6": 0.91, "val_ranking_accuracy_0.7": 0.91, "val_ranking_accuracy_0.8": 0.92, "val_ranking_accuracy_0.9": 0.93, "val_ranking_accuracy_1.0": 0.94, "val_ranking_accuracy_1.1": 0.94, "val_ranking_accuracy_1.2": 0.95, "val_ranking_accuracy_1.3": 0.95, "val_ranking_accuracy_1.4": 0.95, "val_ranking_accuracy_1.5": 0.95, "val_ranking_accuracy_1.6": 0.95, "val_ranking_accuracy_1.7": 0.95, "val_ranking_accuracy_1.8": 0.95, "val_ranking_accuracy_1.9": 0.95, "val_ranking_accuracy_2.0": 0.95, "val_mean_loss": 0.5020038267484488, "val_sum_loss": 157.12719777226448, "timestamp": 1712665432, "checkpoint_dir_name": null, "done": false, "training_iteration": 33, "trial_id": "8e5ec03f", "date": "2024-04-09_14-23-52", "time_this_iter_s": 789.145081281662, "time_total_s": 26667.681821107864, "pid": 2224359, "hostname": "jyn", "node_ip": "131.130.125.89", "config": {"model": {"hidden_dimension": 256, "modules": {"1": {"times": 6, "parameter": {"dropout": 0.5}}}}, "optimizer": {"base_learning_rate": 0.001}}, "time_since_restore": 26667.681821107864, "iterations_since_restore": 33}
{"train_mae": 0.4000000059604645, "train_r2": 0.66, "train_spearmanr": 0.82, "train_mse": 0.28999999165534973, "train_rmse": 0.5400000214576721, "train_mean_loss": 0.4037431536767727, "train_sum_loss": 125.96786394715309, "val_mae": 0.3799999952316284, "val_r2": 0.68, "val_spearmanr": 0.85, "val_mse": 0.28999999165534973, "val_rmse": 0.5400000214576721, "val_ranking_accuracy_0.1": 0.85, "val_ranking_accuracy_0.2": 0.86, "val_ranking_accuracy_0.3": 0.88, "val_ranking_accuracy_0.4": 0.89, "val_ranking_accuracy_0.5": 0.91, "val_ranking_accuracy_0.6": 0.92, "val_ranking_accuracy_0.7": 0.93, "val_ranking_accuracy_0.8": 0.94, "val_ranking_accuracy_0.9": 0.95, "val_ranking_accuracy_1.0": 0.96, "val_ranking_accuracy_1.1": 0.96, "val_ranking_accuracy_1.2": 0.97, "val_ranking_accuracy_1.3": 0.97, "val_ranking_accuracy_1.4": 0.97, "val_ranking_accuracy_1.5": 0.97, "val_ranking_accuracy_1.6": 0.97, "val_ranking_accuracy_1.7": 0.97, "val_ranking_accuracy_1.8": 0.97, "val_ranking_accuracy_1.9": 0.97, "val_ranking_accuracy_2.0": 0.97, "val_mean_loss": 0.3785983477347194, "val_sum_loss": 118.50128284096718, "timestamp": 1712666261, "checkpoint_dir_name": null, "done": false, "training_iteration": 34, "trial_id": "8e5ec03f", "date": "2024-04-09_14-37-41", "time_this_iter_s": 828.78266954422, "time_total_s": 27496.464490652084, "pid": 2224359, "hostname": "jyn", "node_ip": "131.130.125.89", "config": {"model": {"hidden_dimension": 256, "modules": {"1": {"times": 6, "parameter": {"dropout": 0.5}}}}, "optimizer": {"base_learning_rate": 0.001}}, "time_since_restore": 27496.464490652084, "iterations_since_restore": 34}
{"train_mae": 0.4099999964237213, "train_r2": 0.65, "train_spearmanr": 0.82, "train_mse": 0.30000001192092896, "train_rmse": 0.550000011920929, "train_mean_loss": 0.4083071145682763, "train_sum_loss": 127.3918197453022, "val_mae": 0.4000000059604645, "val_r2": 0.67, "val_spearmanr": 0.86, "val_mse": 0.30000001192092896, "val_rmse": 0.550000011920929, "val_ranking_accuracy_0.1": 0.85, "val_ranking_accuracy_0.2": 0.87, "val_ranking_accuracy_0.3": 0.88, "val_ranking_accuracy_0.4": 0.9, "val_ranking_accuracy_0.5": 0.91, "val_ranking_accuracy_0.6": 0.93, "val_ranking_accuracy_0.7": 0.94, "val_ranking_accuracy_0.8": 0.95, "val_ranking_accuracy_0.9": 0.95, "val_ranking_accuracy_1.0": 0.96, "val_ranking_accuracy_1.1": 0.96, "val_ranking_accuracy_1.2": 0.96, "val_ranking_accuracy_1.3": 0.97, "val_ranking_accuracy_1.4": 0.97, "val_ranking_accuracy_1.5": 0.98, "val_ranking_accuracy_1.6": 0.98, "val_ranking_accuracy_1.7": 0.97, "val_ranking_accuracy_1.8": 0.98, "val_ranking_accuracy_1.9": 0.98, "val_ranking_accuracy_2.0": 0.98, "val_mean_loss": 0.3985166062657445, "val_sum_loss": 124.73569776117802, "timestamp": 1712667023, "checkpoint_dir_name": null, "done": false, "training_iteration": 35, "trial_id": "8e5ec03f", "date": "2024-04-09_14-50-23", "time_this_iter_s": 762.3289353847504, "time_total_s": 28258.793426036835, "pid": 2224359, "hostname": "jyn", "node_ip": "131.130.125.89", "config": {"model": {"hidden_dimension": 256, "modules": {"1": {"times": 6, "parameter": {"dropout": 0.5}}}}, "optimizer": {"base_learning_rate": 0.001}}, "time_since_restore": 28258.793426036835, "iterations_since_restore": 35}
{"train_mae": 0.38999998569488525, "train_r2": 0.68, "train_spearmanr": 0.83, "train_mse": 0.2800000011920929, "train_rmse": 0.5299999713897705, "train_mean_loss": 0.39382401681863344, "train_sum_loss": 122.87309324741364, "val_mae": 0.36000001430511475, "val_r2": 0.7, "val_spearmanr": 0.87, "val_mse": 0.27000001072883606, "val_rmse": 0.5199999809265137, "val_ranking_accuracy_0.1": 0.85, "val_ranking_accuracy_0.2": 0.86, "val_ranking_accuracy_0.3": 0.88, "val_ranking_accuracy_0.4": 0.9, "val_ranking_accuracy_0.5": 0.91, "val_ranking_accuracy_0.6": 0.93, "val_ranking_accuracy_0.7": 0.94, "val_ranking_accuracy_0.8": 0.95, "val_ranking_accuracy_0.9": 0.95, "val_ranking_accuracy_1.0": 0.96, "val_ranking_accuracy_1.1": 0.96, "val_ranking_accuracy_1.2": 0.96, "val_ranking_accuracy_1.3": 0.97, "val_ranking_accuracy_1.4": 0.97, "val_ranking_accuracy_1.5": 0.98, "val_ranking_accuracy_1.6": 0.98, "val_ranking_accuracy_1.7": 0.98, "val_ranking_accuracy_1.8": 0.98, "val_ranking_accuracy_1.9": 0.98, "val_ranking_accuracy_2.0": 0.98, "val_mean_loss": 0.36015680827462254, "val_sum_loss": 112.72908098995686, "timestamp": 1712667831, "checkpoint_dir_name": null, "done": false, "training_iteration": 36, "trial_id": "8e5ec03f", "date": "2024-04-09_15-03-51", "time_this_iter_s": 808.138875246048, "time_total_s": 29066.932301282883, "pid": 2224359, "hostname": "jyn", "node_ip": "131.130.125.89", "config": {"model": {"hidden_dimension": 256, "modules": {"1": {"times": 6, "parameter": {"dropout": 0.5}}}}, "optimizer": {"base_learning_rate": 0.001}}, "time_since_restore": 29066.932301282883, "iterations_since_restore": 36}
{"train_mae": 0.4000000059604645, "train_r2": 0.66, "train_spearmanr": 0.82, "train_mse": 0.28999999165534973, "train_rmse": 0.5400000214576721, "train_mean_loss": 0.40052293355648333, "train_sum_loss": 124.9631552696228, "val_mae": 0.3700000047683716, "val_r2": 0.7, "val_spearmanr": 0.86, "val_mse": 0.2800000011920929, "val_rmse": 0.5299999713897705, "val_ranking_accuracy_0.1": 0.84, "val_ranking_accuracy_0.2": 0.86, "val_ranking_accuracy_0.3": 0.88, "val_ranking_accuracy_0.4": 0.9, "val_ranking_accuracy_0.5": 0.91, "val_ranking_accuracy_0.6": 0.92, "val_ranking_accuracy_0.7": 0.93, "val_ranking_accuracy_0.8": 0.94, "val_ranking_accuracy_0.9": 0.95, "val_ranking_accuracy_1.0": 0.96, "val_ranking_accuracy_1.1": 0.96, "val_ranking_accuracy_1.2": 0.97, "val_ranking_accuracy_1.3": 0.97, "val_ranking_accuracy_1.4": 0.98, "val_ranking_accuracy_1.5": 0.98, "val_ranking_accuracy_1.6": 0.98, "val_ranking_accuracy_1.7": 0.98, "val_ranking_accuracy_1.8": 0.98, "val_ranking_accuracy_1.9": 0.98, "val_ranking_accuracy_2.0": 0.98, "val_mean_loss": 0.36638524509466497, "val_sum_loss": 114.67858171463013, "timestamp": 1712668647, "checkpoint_dir_name": null, "done": false, "training_iteration": 37, "trial_id": "8e5ec03f", "date": "2024-04-09_15-17-27", "time_this_iter_s": 816.2599380016327, "time_total_s": 29883.192239284515, "pid": 2224359, "hostname": "jyn", "node_ip": "131.130.125.89", "config": {"model": {"hidden_dimension": 256, "modules": {"1": {"times": 6, "parameter": {"dropout": 0.5}}}}, "optimizer": {"base_learning_rate": 0.001}}, "time_since_restore": 29883.192239284515, "iterations_since_restore": 37}
{"train_mae": 0.38999998569488525, "train_r2": 0.68, "train_spearmanr": 0.83, "train_mse": 0.2800000011920929, "train_rmse": 0.5299999713897705, "train_mean_loss": 0.39313144733508426, "train_sum_loss": 122.6570115685463, "val_mae": 0.4300000071525574, "val_r2": 0.6, "val_spearmanr": 0.86, "val_mse": 0.3700000047683716, "val_rmse": 0.6100000143051147, "val_ranking_accuracy_0.1": 0.86, "val_ranking_accuracy_0.2": 0.88, "val_ranking_accuracy_0.3": 0.89, "val_ranking_accuracy_0.4": 0.91, "val_ranking_accuracy_0.5": 0.92, "val_ranking_accuracy_0.6": 0.93, "val_ranking_accuracy_0.7": 0.94, "val_ranking_accuracy_0.8": 0.95, "val_ranking_accuracy_0.9": 0.95, "val_ranking_accuracy_1.0": 0.96, "val_ranking_accuracy_1.1": 0.96, "val_ranking_accuracy_1.2": 0.97, "val_ranking_accuracy_1.3": 0.97, "val_ranking_accuracy_1.4": 0.97, "val_ranking_accuracy_1.5": 0.97, "val_ranking_accuracy_1.6": 0.97, "val_ranking_accuracy_1.7": 0.97, "val_ranking_accuracy_1.8": 0.97, "val_ranking_accuracy_1.9": 0.98, "val_ranking_accuracy_2.0": 0.97, "val_mean_loss": 0.42736929636032056, "val_sum_loss": 133.76658976078033, "timestamp": 1712669450, "checkpoint_dir_name": null, "done": false, "training_iteration": 38, "trial_id": "8e5ec03f", "date": "2024-04-09_15-30-50", "time_this_iter_s": 802.197511434555, "time_total_s": 30685.38975071907, "pid": 2224359, "hostname": "jyn", "node_ip": "131.130.125.89", "config": {"model": {"hidden_dimension": 256, "modules": {"1": {"times": 6, "parameter": {"dropout": 0.5}}}}, "optimizer": {"base_learning_rate": 0.001}}, "time_since_restore": 30685.38975071907, "iterations_since_restore": 38}
{"train_mae": 0.4000000059604645, "train_r2": 0.67, "train_spearmanr": 0.83, "train_mse": 0.2800000011920929, "train_rmse": 0.5299999713897705, "train_mean_loss": 0.39545632898807526, "train_sum_loss": 123.38237464427948, "val_mae": 0.36000001430511475, "val_r2": 0.7, "val_spearmanr": 0.86, "val_mse": 0.27000001072883606, "val_rmse": 0.5199999809265137, "val_ranking_accuracy_0.1": 0.85, "val_ranking_accuracy_0.2": 0.87, "val_ranking_accuracy_0.3": 0.88, "val_ranking_accuracy_0.4": 0.9, "val_ranking_accuracy_0.5": 0.91, "val_ranking_accuracy_0.6": 0.92, "val_ranking_accuracy_0.7": 0.93, "val_ranking_accuracy_0.8": 0.94, "val_ranking_accuracy_0.9": 0.95, "val_ranking_accuracy_1.0": 0.96, "val_ranking_accuracy_1.1": 0.96, "val_ranking_accuracy_1.2": 0.96, "val_ranking_accuracy_1.3": 0.96, "val_ranking_accuracy_1.4": 0.97, "val_ranking_accuracy_1.5": 0.97, "val_ranking_accuracy_1.6": 0.97, "val_ranking_accuracy_1.7": 0.97, "val_ranking_accuracy_1.8": 0.98, "val_ranking_accuracy_1.9": 0.98, "val_ranking_accuracy_2.0": 0.97, "val_mean_loss": 0.35892004688707785, "val_sum_loss": 112.34197467565536, "timestamp": 1712670167, "checkpoint_dir_name": null, "done": false, "training_iteration": 39, "trial_id": "8e5ec03f", "date": "2024-04-09_15-42-47", "time_this_iter_s": 717.7165420055389, "time_total_s": 31403.10629272461, "pid": 2224359, "hostname": "jyn", "node_ip": "131.130.125.89", "config": {"model": {"hidden_dimension": 256, "modules": {"1": {"times": 6, "parameter": {"dropout": 0.5}}}}, "optimizer": {"base_learning_rate": 0.001}}, "time_since_restore": 31403.10629272461, "iterations_since_restore": 39}
{"train_mae": 0.38999998569488525, "train_r2": 0.69, "train_spearmanr": 0.84, "train_mse": 0.27000001072883606, "train_rmse": 0.5199999809265137, "train_mean_loss": 0.3866705203858706, "train_sum_loss": 120.64120236039162, "val_mae": 0.36000001430511475, "val_r2": 0.7, "val_spearmanr": 0.86, "val_mse": 0.2800000011920929, "val_rmse": 0.5299999713897705, "val_ranking_accuracy_0.1": 0.85, "val_ranking_accuracy_0.2": 0.87, "val_ranking_accuracy_0.3": 0.89, "val_ranking_accuracy_0.4": 0.91, "val_ranking_accuracy_0.5": 0.92, "val_ranking_accuracy_0.6": 0.93, "val_ranking_accuracy_0.7": 0.94, "val_ranking_accuracy_0.8": 0.95, "val_ranking_accuracy_0.9": 0.96, "val_ranking_accuracy_1.0": 0.96, "val_ranking_accuracy_1.1": 0.97, "val_ranking_accuracy_1.2": 0.97, "val_ranking_accuracy_1.3": 0.97, "val_ranking_accuracy_1.4": 0.97, "val_ranking_accuracy_1.5": 0.97, "val_ranking_accuracy_1.6": 0.97, "val_ranking_accuracy_1.7": 0.98, "val_ranking_accuracy_1.8": 0.97, "val_ranking_accuracy_1.9": 0.98, "val_ranking_accuracy_2.0": 0.97, "val_mean_loss": 0.3625235044822906, "val_sum_loss": 113.46985690295696, "timestamp": 1712671016, "checkpoint_dir_name": null, "done": false, "training_iteration": 40, "trial_id": "8e5ec03f", "date": "2024-04-09_15-56-56", "time_this_iter_s": 848.8685030937195, "time_total_s": 32251.97479581833, "pid": 2224359, "hostname": "jyn", "node_ip": "131.130.125.89", "config": {"model": {"hidden_dimension": 256, "modules": {"1": {"times": 6, "parameter": {"dropout": 0.5}}}}, "optimizer": {"base_learning_rate": 0.001}}, "time_since_restore": 32251.97479581833, "iterations_since_restore": 40}
{"train_mae": 0.38999998569488525, "train_r2": 0.68, "train_spearmanr": 0.83, "train_mse": 0.2800000011920929, "train_rmse": 0.5299999713897705, "train_mean_loss": 0.390106634165232, "train_sum_loss": 121.71326985955238, "val_mae": 0.36000001430511475, "val_r2": 0.71, "val_spearmanr": 0.87, "val_mse": 0.27000001072883606, "val_rmse": 0.5199999809265137, "val_ranking_accuracy_0.1": 0.85, "val_ranking_accuracy_0.2": 0.87, "val_ranking_accuracy_0.3": 0.89, "val_ranking_accuracy_0.4": 0.9, "val_ranking_accuracy_0.5": 0.91, "val_ranking_accuracy_0.6": 0.93, "val_ranking_accuracy_0.7": 0.94, "val_ranking_accuracy_0.8": 0.95, "val_ranking_accuracy_0.9": 0.96, "val_ranking_accuracy_1.0": 0.96, "val_ranking_accuracy_1.1": 0.96, "val_ranking_accuracy_1.2": 0.97, "val_ranking_accuracy_1.3": 0.97, "val_ranking_accuracy_1.4": 0.97, "val_ranking_accuracy_1.5": 0.97, "val_ranking_accuracy_1.6": 0.97, "val_ranking_accuracy_1.7": 0.98, "val_ranking_accuracy_1.8": 0.98, "val_ranking_accuracy_1.9": 0.98, "val_ranking_accuracy_2.0": 0.98, "val_mean_loss": 0.35633945864991257, "val_sum_loss": 111.53425055742264, "timestamp": 1712671826, "checkpoint_dir_name": null, "done": false, "training_iteration": 41, "trial_id": "8e5ec03f", "date": "2024-04-09_16-10-26", "time_this_iter_s": 809.4218077659607, "time_total_s": 33061.39660358429, "pid": 2224359, "hostname": "jyn", "node_ip": "131.130.125.89", "config": {"model": {"hidden_dimension": 256, "modules": {"1": {"times": 6, "parameter": {"dropout": 0.5}}}}, "optimizer": {"base_learning_rate": 0.001}}, "time_since_restore": 33061.39660358429, "iterations_since_restore": 41}
{"train_mae": 0.3799999952316284, "train_r2": 0.69, "train_spearmanr": 0.84, "train_mse": 0.27000001072883606, "train_rmse": 0.5199999809265137, "train_mean_loss": 0.38369695402872867, "train_sum_loss": 119.71344965696335, "val_mae": 0.3799999952316284, "val_r2": 0.67, "val_spearmanr": 0.85, "val_mse": 0.3100000023841858, "val_rmse": 0.550000011920929, "val_ranking_accuracy_0.1": 0.84, "val_ranking_accuracy_0.2": 0.86, "val_ranking_accuracy_0.3": 0.88, "val_ranking_accuracy_0.4": 0.9, "val_ranking_accuracy_0.5": 0.91, "val_ranking_accuracy_0.6": 0.92, "val_ranking_accuracy_0.7": 0.94, "val_ranking_accuracy_0.8": 0.94, "val_ranking_accuracy_0.9": 0.95, "val_ranking_accuracy_1.0": 0.95, "val_ranking_accuracy_1.1": 0.96, "val_ranking_accuracy_1.2": 0.96, "val_ranking_accuracy_1.3": 0.97, "val_ranking_accuracy_1.4": 0.97, "val_ranking_accuracy_1.5": 0.97, "val_ranking_accuracy_1.6": 0.97, "val_ranking_accuracy_1.7": 0.98, "val_ranking_accuracy_1.8": 0.97, "val_ranking_accuracy_1.9": 0.98, "val_ranking_accuracy_2.0": 0.98, "val_mean_loss": 0.37600178873767487, "val_sum_loss": 117.68855987489223, "timestamp": 1712672660, "checkpoint_dir_name": null, "done": false, "training_iteration": 42, "trial_id": "8e5ec03f", "date": "2024-04-09_16-24-20", "time_this_iter_s": 834.4261133670807, "time_total_s": 33895.82271695137, "pid": 2224359, "hostname": "jyn", "node_ip": "131.130.125.89", "config": {"model": {"hidden_dimension": 256, "modules": {"1": {"times": 6, "parameter": {"dropout": 0.5}}}}, "optimizer": {"base_learning_rate": 0.001}}, "time_since_restore": 33895.82271695137, "iterations_since_restore": 42}
{"train_mae": 0.38999998569488525, "train_r2": 0.68, "train_spearmanr": 0.84, "train_mse": 0.2800000011920929, "train_rmse": 0.5299999713897705, "train_mean_loss": 0.3891289617197636, "train_sum_loss": 121.40823605656624, "val_mae": 0.36000001430511475, "val_r2": 0.71, "val_spearmanr": 0.86, "val_mse": 0.27000001072883606, "val_rmse": 0.5199999809265137, "val_ranking_accuracy_0.1": 0.85, "val_ranking_accuracy_0.2": 0.87, "val_ranking_accuracy_0.3": 0.89, "val_ranking_accuracy_0.4": 0.9, "val_ranking_accuracy_0.5": 0.92, "val_ranking_accuracy_0.6": 0.93, "val_ranking_accuracy_0.7": 0.94, "val_ranking_accuracy_0.8": 0.95, "val_ranking_accuracy_0.9": 0.95, "val_ranking_accuracy_1.0": 0.95, "val_ranking_accuracy_1.1": 0.96, "val_ranking_accuracy_1.2": 0.96, "val_ranking_accuracy_1.3": 0.97, "val_ranking_accuracy_1.4": 0.97, "val_ranking_accuracy_1.5": 0.97, "val_ranking_accuracy_1.6": 0.97, "val_ranking_accuracy_1.7": 0.97, "val_ranking_accuracy_1.8": 0.97, "val_ranking_accuracy_1.9": 0.97, "val_ranking_accuracy_2.0": 0.97, "val_mean_loss": 0.3594395003189294, "val_sum_loss": 112.5045635998249, "timestamp": 1712673474, "checkpoint_dir_name": null, "done": false, "training_iteration": 43, "trial_id": "8e5ec03f", "date": "2024-04-09_16-37-54", "time_this_iter_s": 813.7381963729858, "time_total_s": 34709.560913324356, "pid": 2224359, "hostname": "jyn", "node_ip": "131.130.125.89", "config": {"model": {"hidden_dimension": 256, "modules": {"1": {"times": 6, "parameter": {"dropout": 0.5}}}}, "optimizer": {"base_learning_rate": 0.001}}, "time_since_restore": 34709.560913324356, "iterations_since_restore": 43}
{"train_mae": 0.3799999952316284, "train_r2": 0.69, "train_spearmanr": 0.84, "train_mse": 0.27000001072883606, "train_rmse": 0.5199999809265137, "train_mean_loss": 0.3837656537309671, "train_sum_loss": 119.73488396406174, "val_mae": 0.3499999940395355, "val_r2": 0.71, "val_spearmanr": 0.87, "val_mse": 0.27000001072883606, "val_rmse": 0.5199999809265137, "val_ranking_accuracy_0.1": 0.85, "val_ranking_accuracy_0.2": 0.87, "val_ranking_accuracy_0.3": 0.89, "val_ranking_accuracy_0.4": 0.9, "val_ranking_accuracy_0.5": 0.91, "val_ranking_accuracy_0.6": 0.92, "val_ranking_accuracy_0.7": 0.93, "val_ranking_accuracy_0.8": 0.94, "val_ranking_accuracy_0.9": 0.95, "val_ranking_accuracy_1.0": 0.95, "val_ranking_accuracy_1.1": 0.95, "val_ranking_accuracy_1.2": 0.96, "val_ranking_accuracy_1.3": 0.96, "val_ranking_accuracy_1.4": 0.96, "val_ranking_accuracy_1.5": 0.96, "val_ranking_accuracy_1.6": 0.97, "val_ranking_accuracy_1.7": 0.97, "val_ranking_accuracy_1.8": 0.97, "val_ranking_accuracy_1.9": 0.97, "val_ranking_accuracy_2.0": 0.97, "val_mean_loss": 0.35442513179855223, "val_sum_loss": 110.93506625294685, "timestamp": 1712674257, "checkpoint_dir_name": null, "done": false, "training_iteration": 44, "trial_id": "8e5ec03f", "date": "2024-04-09_16-50-57", "time_this_iter_s": 783.1805658340454, "time_total_s": 35492.7414791584, "pid": 2224359, "hostname": "jyn", "node_ip": "131.130.125.89", "config": {"model": {"hidden_dimension": 256, "modules": {"1": {"times": 6, "parameter": {"dropout": 0.5}}}}, "optimizer": {"base_learning_rate": 0.001}}, "time_since_restore": 35492.7414791584, "iterations_since_restore": 44}
{"train_mae": 0.3799999952316284, "train_r2": 0.69, "train_spearmanr": 0.84, "train_mse": 0.27000001072883606, "train_rmse": 0.5199999809265137, "train_mean_loss": 0.38422646822455603, "train_sum_loss": 119.87865808606148, "val_mae": 0.38999998569488525, "val_r2": 0.66, "val_spearmanr": 0.87, "val_mse": 0.3100000023841858, "val_rmse": 0.5600000023841858, "val_ranking_accuracy_0.1": 0.86, "val_ranking_accuracy_0.2": 0.88, "val_ranking_accuracy_0.3": 0.9, "val_ranking_accuracy_0.4": 0.91, "val_ranking_accuracy_0.5": 0.93, "val_ranking_accuracy_0.6": 0.94, "val_ranking_accuracy_0.7": 0.94, "val_ranking_accuracy_0.8": 0.95, "val_ranking_accuracy_0.9": 0.95, "val_ranking_accuracy_1.0": 0.96, "val_ranking_accuracy_1.1": 0.96, "val_ranking_accuracy_1.2": 0.97, "val_ranking_accuracy_1.3": 0.97, "val_ranking_accuracy_1.4": 0.97, "val_ranking_accuracy_1.5": 0.97, "val_ranking_accuracy_1.6": 0.97, "val_ranking_accuracy_1.7": 0.97, "val_ranking_accuracy_1.8": 0.97, "val_ranking_accuracy_1.9": 0.97, "val_ranking_accuracy_2.0": 0.97, "val_mean_loss": 0.39094716024855836, "val_sum_loss": 122.36646115779877, "timestamp": 1712675095, "checkpoint_dir_name": null, "done": true, "training_iteration": 45, "trial_id": "8e5ec03f", "date": "2024-04-09_17-04-55", "time_this_iter_s": 837.6748061180115, "time_total_s": 36330.41628527641, "pid": 2224359, "hostname": "jyn", "node_ip": "131.130.125.89", "config": {"model": {"hidden_dimension": 256, "modules": {"1": {"times": 6, "parameter": {"dropout": 0.5}}}}, "optimizer": {"base_learning_rate": 0.001}}, "time_since_restore": 36330.41628527641, "iterations_since_restore": 45}
