{"train_mae": 5.849999904632568, "train_r2": -40.46, "train_spearmanr": -0.14, "train_mse": 35.97999954223633, "train_rmse": 6.0, "train_mean_loss": 5.851553921516125, "train_sum_loss": 1825.684823513031, "val_mae": 6.050000190734863, "val_r2": -41.11, "val_spearmanr": -0.22, "val_mse": 38.650001525878906, "val_rmse": 6.21999979019165, "val_ranking_accuracy_0.1": 0.42, "val_ranking_accuracy_0.2": 0.42, "val_ranking_accuracy_0.3": 0.41, "val_ranking_accuracy_0.4": 0.41, "val_ranking_accuracy_0.5": 0.4, "val_ranking_accuracy_0.6": 0.4, "val_ranking_accuracy_0.7": 0.4, "val_ranking_accuracy_0.8": 0.39, "val_ranking_accuracy_0.9": 0.39, "val_ranking_accuracy_1.0": 0.38, "val_ranking_accuracy_1.1": 0.38, "val_ranking_accuracy_1.2": 0.37, "val_ranking_accuracy_1.3": 0.38, "val_ranking_accuracy_1.4": 0.38, "val_ranking_accuracy_1.5": 0.38, "val_ranking_accuracy_1.6": 0.39, "val_ranking_accuracy_1.7": 0.37, "val_ranking_accuracy_1.8": 0.38, "val_ranking_accuracy_1.9": 0.38, "val_ranking_accuracy_2.0": 0.38, "val_mean_loss": 6.051206335853845, "val_sum_loss": 1894.0275831222534, "timestamp": 1712639778, "checkpoint_dir_name": null, "done": false, "training_iteration": 1, "trial_id": "54fd4ed7", "date": "2024-04-09_07-16-18", "time_this_iter_s": 1003.4740979671478, "time_total_s": 1003.4740979671478, "pid": 2224636, "hostname": "jyn", "node_ip": "131.130.125.89", "config": {"model": {"hidden_dimension": 64, "modules": {"1": {"times": 6, "parameter": {"dropout": 0.5}}}}, "optimizer": {"base_learning_rate": 1e-05}}, "time_since_restore": 1003.4740979671478, "iterations_since_restore": 1}
{"train_mae": 5.400000095367432, "train_r2": -34.93, "train_spearmanr": -0.08, "train_mse": 31.170000076293945, "train_rmse": 5.579999923706055, "train_mean_loss": 5.401525164261843, "train_sum_loss": 1685.2758512496948, "val_mae": 4.949999809265137, "val_r2": -28.67, "val_spearmanr": -0.11, "val_mse": 27.239999771118164, "val_rmse": 5.21999979019165, "val_ranking_accuracy_0.1": 0.46, "val_ranking_accuracy_0.2": 0.46, "val_ranking_accuracy_0.3": 0.46, "val_ranking_accuracy_0.4": 0.46, "val_ranking_accuracy_0.5": 0.46, "val_ranking_accuracy_0.6": 0.45, "val_ranking_accuracy_0.7": 0.45, "val_ranking_accuracy_0.8": 0.44, "val_ranking_accuracy_0.9": 0.44, "val_ranking_accuracy_1.0": 0.44, "val_ranking_accuracy_1.1": 0.44, "val_ranking_accuracy_1.2": 0.44, "val_ranking_accuracy_1.3": 0.45, "val_ranking_accuracy_1.4": 0.45, "val_ranking_accuracy_1.5": 0.45, "val_ranking_accuracy_1.6": 0.45, "val_ranking_accuracy_1.7": 0.45, "val_ranking_accuracy_1.8": 0.44, "val_ranking_accuracy_1.9": 0.43, "val_ranking_accuracy_2.0": 0.44, "val_mean_loss": 4.951598024215942, "val_sum_loss": 1549.8501815795898, "timestamp": 1712640599, "checkpoint_dir_name": null, "done": false, "training_iteration": 2, "trial_id": "54fd4ed7", "date": "2024-04-09_07-29-59", "time_this_iter_s": 820.542726278305, "time_total_s": 1824.0168242454529, "pid": 2224636, "hostname": "jyn", "node_ip": "131.130.125.89", "config": {"model": {"hidden_dimension": 64, "modules": {"1": {"times": 6, "parameter": {"dropout": 0.5}}}}, "optimizer": {"base_learning_rate": 1e-05}}, "time_since_restore": 1824.0168242454529, "iterations_since_restore": 2}
{"train_mae": 4.150000095367432, "train_r2": -21.74, "train_spearmanr": 0.1, "train_mse": 19.700000762939453, "train_rmse": 4.440000057220459, "train_mean_loss": 4.145808008236763, "train_sum_loss": 1293.49209856987, "val_mae": 2.930000066757202, "val_r2": -10.12, "val_spearmanr": 0.24, "val_mse": 10.210000038146973, "val_rmse": 3.190000057220459, "val_ranking_accuracy_0.1": 0.59, "val_ranking_accuracy_0.2": 0.59, "val_ranking_accuracy_0.3": 0.6, "val_ranking_accuracy_0.4": 0.61, "val_ranking_accuracy_0.5": 0.61, "val_ranking_accuracy_0.6": 0.62, "val_ranking_accuracy_0.7": 0.62, "val_ranking_accuracy_0.8": 0.62, "val_ranking_accuracy_0.9": 0.63, "val_ranking_accuracy_1.0": 0.63, "val_ranking_accuracy_1.1": 0.63, "val_ranking_accuracy_1.2": 0.64, "val_ranking_accuracy_1.3": 0.64, "val_ranking_accuracy_1.4": 0.65, "val_ranking_accuracy_1.5": 0.64, "val_ranking_accuracy_1.6": 0.64, "val_ranking_accuracy_1.7": 0.65, "val_ranking_accuracy_1.8": 0.66, "val_ranking_accuracy_1.9": 0.66, "val_ranking_accuracy_2.0": 0.66, "val_mean_loss": 2.930080823624096, "val_sum_loss": 917.115297794342, "timestamp": 1712641409, "checkpoint_dir_name": null, "done": false, "training_iteration": 3, "trial_id": "54fd4ed7", "date": "2024-04-09_07-43-29", "time_this_iter_s": 809.9940812587738, "time_total_s": 2634.0109055042267, "pid": 2224636, "hostname": "jyn", "node_ip": "131.130.125.89", "config": {"model": {"hidden_dimension": 64, "modules": {"1": {"times": 6, "parameter": {"dropout": 0.5}}}}, "optimizer": {"base_learning_rate": 1e-05}}, "time_since_restore": 2634.0109055042267, "iterations_since_restore": 3}
{"train_mae": 2.359999895095825, "train_r2": -8.13, "train_spearmanr": 0.22, "train_mse": 7.929999828338623, "train_rmse": 2.819999933242798, "train_mean_loss": 2.3569860561535907, "train_sum_loss": 735.3796495199203, "val_mae": 2.0399999618530273, "val_r2": -5.78, "val_spearmanr": 0.22, "val_mse": 6.21999979019165, "val_rmse": 2.490000009536743, "val_ranking_accuracy_0.1": 0.58, "val_ranking_accuracy_0.2": 0.58, "val_ranking_accuracy_0.3": 0.58, "val_ranking_accuracy_0.4": 0.58, "val_ranking_accuracy_0.5": 0.59, "val_ranking_accuracy_0.6": 0.59, "val_ranking_accuracy_0.7": 0.6, "val_ranking_accuracy_0.8": 0.6, "val_ranking_accuracy_0.9": 0.61, "val_ranking_accuracy_1.0": 0.61, "val_ranking_accuracy_1.1": 0.61, "val_ranking_accuracy_1.2": 0.62, "val_ranking_accuracy_1.3": 0.62, "val_ranking_accuracy_1.4": 0.62, "val_ranking_accuracy_1.5": 0.63, "val_ranking_accuracy_1.6": 0.63, "val_ranking_accuracy_1.7": 0.64, "val_ranking_accuracy_1.8": 0.63, "val_ranking_accuracy_1.9": 0.63, "val_ranking_accuracy_2.0": 0.63, "val_mean_loss": 2.0440156608343885, "val_sum_loss": 639.7769018411636, "timestamp": 1712642207, "checkpoint_dir_name": null, "done": false, "training_iteration": 4, "trial_id": "54fd4ed7", "date": "2024-04-09_07-56-47", "time_this_iter_s": 798.0620164871216, "time_total_s": 3432.0729219913483, "pid": 2224636, "hostname": "jyn", "node_ip": "131.130.125.89", "config": {"model": {"hidden_dimension": 64, "modules": {"1": {"times": 6, "parameter": {"dropout": 0.5}}}}, "optimizer": {"base_learning_rate": 1e-05}}, "time_since_restore": 3432.0729219913483, "iterations_since_restore": 4}
{"train_mae": 1.600000023841858, "train_r2": -4.05, "train_spearmanr": 0.3, "train_mse": 4.380000114440918, "train_rmse": 2.0899999141693115, "train_mean_loss": 1.602879215700504, "train_sum_loss": 500.0983152985573, "val_mae": 1.809999942779541, "val_r2": -4.26, "val_spearmanr": 0.28, "val_mse": 4.829999923706055, "val_rmse": 2.200000047683716, "val_ranking_accuracy_0.1": 0.59, "val_ranking_accuracy_0.2": 0.61, "val_ranking_accuracy_0.3": 0.61, "val_ranking_accuracy_0.4": 0.62, "val_ranking_accuracy_0.5": 0.63, "val_ranking_accuracy_0.6": 0.63, "val_ranking_accuracy_0.7": 0.64, "val_ranking_accuracy_0.8": 0.64, "val_ranking_accuracy_0.9": 0.65, "val_ranking_accuracy_1.0": 0.65, "val_ranking_accuracy_1.1": 0.65, "val_ranking_accuracy_1.2": 0.65, "val_ranking_accuracy_1.3": 0.65, "val_ranking_accuracy_1.4": 0.66, "val_ranking_accuracy_1.5": 0.66, "val_ranking_accuracy_1.6": 0.67, "val_ranking_accuracy_1.7": 0.67, "val_ranking_accuracy_1.8": 0.66, "val_ranking_accuracy_1.9": 0.67, "val_ranking_accuracy_2.0": 0.66, "val_mean_loss": 1.8133114481124635, "val_sum_loss": 567.566483259201, "timestamp": 1712643003, "checkpoint_dir_name": null, "done": true, "training_iteration": 5, "trial_id": "54fd4ed7", "date": "2024-04-09_08-10-03", "time_this_iter_s": 796.131275177002, "time_total_s": 4228.20419716835, "pid": 2224636, "hostname": "jyn", "node_ip": "131.130.125.89", "config": {"model": {"hidden_dimension": 64, "modules": {"1": {"times": 6, "parameter": {"dropout": 0.5}}}}, "optimizer": {"base_learning_rate": 1e-05}}, "time_since_restore": 4228.20419716835, "iterations_since_restore": 5}
