{"train_mae": 5.849999904632568, "train_r2": -40.46, "train_spearmanr": -0.14, "train_mse": 35.97999954223633, "train_rmse": 6.0, "train_mean_loss": 5.851553929157746, "train_sum_loss": 1825.6848258972168, "val_mae": 6.050000190734863, "val_r2": -41.11, "val_spearmanr": -0.22, "val_mse": 38.650001525878906, "val_rmse": 6.21999979019165, "val_ranking_accuracy_0.1": 0.42, "val_ranking_accuracy_0.2": 0.42, "val_ranking_accuracy_0.3": 0.41, "val_ranking_accuracy_0.4": 0.41, "val_ranking_accuracy_0.5": 0.4, "val_ranking_accuracy_0.6": 0.4, "val_ranking_accuracy_0.7": 0.4, "val_ranking_accuracy_0.8": 0.39, "val_ranking_accuracy_0.9": 0.39, "val_ranking_accuracy_1.0": 0.38, "val_ranking_accuracy_1.1": 0.38, "val_ranking_accuracy_1.2": 0.37, "val_ranking_accuracy_1.3": 0.38, "val_ranking_accuracy_1.4": 0.38, "val_ranking_accuracy_1.5": 0.38, "val_ranking_accuracy_1.6": 0.39, "val_ranking_accuracy_1.7": 0.37, "val_ranking_accuracy_1.8": 0.38, "val_ranking_accuracy_1.9": 0.38, "val_ranking_accuracy_2.0": 0.38, "val_mean_loss": 6.051206349564818, "val_sum_loss": 1894.0275874137878, "timestamp": 1712676094, "checkpoint_dir_name": null, "done": false, "training_iteration": 1, "trial_id": "2dce5778", "date": "2024-04-09_17-21-34", "time_this_iter_s": 1006.3511235713959, "time_total_s": 1006.3511235713959, "pid": 2236760, "hostname": "jyn", "node_ip": "131.130.125.89", "config": {"model": {"hidden_dimension": 128, "modules": {"1": {"times": 6, "parameter": {"dropout": 0.5}}}}, "optimizer": {"base_learning_rate": 1e-05}}, "time_since_restore": 1006.3511235713959, "iterations_since_restore": 1}
{"train_mae": 5.400000095367432, "train_r2": -34.93, "train_spearmanr": -0.08, "train_mse": 31.170000076293945, "train_rmse": 5.579999923706055, "train_mean_loss": 5.401526452639164, "train_sum_loss": 1685.2762532234192, "val_mae": 4.949999809265137, "val_r2": -28.67, "val_spearmanr": -0.11, "val_mse": 27.239999771118164, "val_rmse": 5.21999979019165, "val_ranking_accuracy_0.1": 0.46, "val_ranking_accuracy_0.2": 0.46, "val_ranking_accuracy_0.3": 0.46, "val_ranking_accuracy_0.4": 0.46, "val_ranking_accuracy_0.5": 0.46, "val_ranking_accuracy_0.6": 0.45, "val_ranking_accuracy_0.7": 0.45, "val_ranking_accuracy_0.8": 0.44, "val_ranking_accuracy_0.9": 0.44, "val_ranking_accuracy_1.0": 0.44, "val_ranking_accuracy_1.1": 0.44, "val_ranking_accuracy_1.2": 0.44, "val_ranking_accuracy_1.3": 0.45, "val_ranking_accuracy_1.4": 0.45, "val_ranking_accuracy_1.5": 0.45, "val_ranking_accuracy_1.6": 0.45, "val_ranking_accuracy_1.7": 0.45, "val_ranking_accuracy_1.8": 0.44, "val_ranking_accuracy_1.9": 0.43, "val_ranking_accuracy_2.0": 0.44, "val_mean_loss": 4.951618541924717, "val_sum_loss": 1549.8566036224365, "timestamp": 1712676875, "checkpoint_dir_name": null, "done": false, "training_iteration": 2, "trial_id": "2dce5778", "date": "2024-04-09_17-34-35", "time_this_iter_s": 780.9595053195953, "time_total_s": 1787.3106288909912, "pid": 2236760, "hostname": "jyn", "node_ip": "131.130.125.89", "config": {"model": {"hidden_dimension": 128, "modules": {"1": {"times": 6, "parameter": {"dropout": 0.5}}}}, "optimizer": {"base_learning_rate": 1e-05}}, "time_since_restore": 1787.3106288909912, "iterations_since_restore": 2}
{"train_mae": 4.150000095367432, "train_r2": -21.74, "train_spearmanr": 0.1, "train_mse": 19.709999084472656, "train_rmse": 4.440000057220459, "train_mean_loss": 4.145857833134822, "train_sum_loss": 1293.5076439380646, "val_mae": 2.930000066757202, "val_r2": -10.12, "val_spearmanr": 0.24, "val_mse": 10.210000038146973, "val_rmse": 3.200000047683716, "val_ranking_accuracy_0.1": 0.59, "val_ranking_accuracy_0.2": 0.59, "val_ranking_accuracy_0.3": 0.6, "val_ranking_accuracy_0.4": 0.61, "val_ranking_accuracy_0.5": 0.61, "val_ranking_accuracy_0.6": 0.62, "val_ranking_accuracy_0.7": 0.62, "val_ranking_accuracy_0.8": 0.62, "val_ranking_accuracy_0.9": 0.63, "val_ranking_accuracy_1.0": 0.63, "val_ranking_accuracy_1.1": 0.63, "val_ranking_accuracy_1.2": 0.64, "val_ranking_accuracy_1.3": 0.64, "val_ranking_accuracy_1.4": 0.65, "val_ranking_accuracy_1.5": 0.64, "val_ranking_accuracy_1.6": 0.64, "val_ranking_accuracy_1.7": 0.65, "val_ranking_accuracy_1.8": 0.66, "val_ranking_accuracy_1.9": 0.66, "val_ranking_accuracy_2.0": 0.66, "val_mean_loss": 2.930448043079803, "val_sum_loss": 917.2302374839783, "timestamp": 1712677697, "checkpoint_dir_name": null, "done": false, "training_iteration": 3, "trial_id": "2dce5778", "date": "2024-04-09_17-48-17", "time_this_iter_s": 822.538763999939, "time_total_s": 2609.84939289093, "pid": 2236760, "hostname": "jyn", "node_ip": "131.130.125.89", "config": {"model": {"hidden_dimension": 128, "modules": {"1": {"times": 6, "parameter": {"dropout": 0.5}}}}, "optimizer": {"base_learning_rate": 1e-05}}, "time_since_restore": 2609.84939289093, "iterations_since_restore": 3}
{"train_mae": 2.359999895095825, "train_r2": -8.13, "train_spearmanr": 0.22, "train_mse": 7.929999828338623, "train_rmse": 2.819999933242798, "train_mean_loss": 2.3570573180913925, "train_sum_loss": 735.4018832445145, "val_mae": 2.0399999618530273, "val_r2": -5.78, "val_spearmanr": 0.22, "val_mse": 6.21999979019165, "val_rmse": 2.490000009536743, "val_ranking_accuracy_0.1": 0.58, "val_ranking_accuracy_0.2": 0.58, "val_ranking_accuracy_0.3": 0.58, "val_ranking_accuracy_0.4": 0.58, "val_ranking_accuracy_0.5": 0.59, "val_ranking_accuracy_0.6": 0.59, "val_ranking_accuracy_0.7": 0.6, "val_ranking_accuracy_0.8": 0.6, "val_ranking_accuracy_0.9": 0.61, "val_ranking_accuracy_1.0": 0.61, "val_ranking_accuracy_1.1": 0.61, "val_ranking_accuracy_1.2": 0.62, "val_ranking_accuracy_1.3": 0.62, "val_ranking_accuracy_1.4": 0.62, "val_ranking_accuracy_1.5": 0.63, "val_ranking_accuracy_1.6": 0.63, "val_ranking_accuracy_1.7": 0.64, "val_ranking_accuracy_1.8": 0.63, "val_ranking_accuracy_1.9": 0.63, "val_ranking_accuracy_2.0": 0.63, "val_mean_loss": 2.0435626510614022, "val_sum_loss": 639.6351097822189, "timestamp": 1712678507, "checkpoint_dir_name": null, "done": false, "training_iteration": 4, "trial_id": "2dce5778", "date": "2024-04-09_18-01-47", "time_this_iter_s": 809.44606590271, "time_total_s": 3419.29545879364, "pid": 2236760, "hostname": "jyn", "node_ip": "131.130.125.89", "config": {"model": {"hidden_dimension": 128, "modules": {"1": {"times": 6, "parameter": {"dropout": 0.5}}}}, "optimizer": {"base_learning_rate": 1e-05}}, "time_since_restore": 3419.29545879364, "iterations_since_restore": 4}
{"train_mae": 1.600000023841858, "train_r2": -4.05, "train_spearmanr": 0.3, "train_mse": 4.380000114440918, "train_rmse": 2.0899999141693115, "train_mean_loss": 1.6030709533355174, "train_sum_loss": 500.15813744068146, "val_mae": 1.8200000524520874, "val_r2": -4.27, "val_spearmanr": 0.28, "val_mse": 4.840000152587891, "val_rmse": 2.200000047683716, "val_ranking_accuracy_0.1": 0.6, "val_ranking_accuracy_0.2": 0.61, "val_ranking_accuracy_0.3": 0.61, "val_ranking_accuracy_0.4": 0.62, "val_ranking_accuracy_0.5": 0.63, "val_ranking_accuracy_0.6": 0.63, "val_ranking_accuracy_0.7": 0.64, "val_ranking_accuracy_0.8": 0.64, "val_ranking_accuracy_0.9": 0.65, "val_ranking_accuracy_1.0": 0.65, "val_ranking_accuracy_1.1": 0.65, "val_ranking_accuracy_1.2": 0.65, "val_ranking_accuracy_1.3": 0.65, "val_ranking_accuracy_1.4": 0.66, "val_ranking_accuracy_1.5": 0.66, "val_ranking_accuracy_1.6": 0.67, "val_ranking_accuracy_1.7": 0.67, "val_ranking_accuracy_1.8": 0.66, "val_ranking_accuracy_1.9": 0.67, "val_ranking_accuracy_2.0": 0.66, "val_mean_loss": 1.8150964007971766, "val_sum_loss": 568.1251734495163, "timestamp": 1712679299, "checkpoint_dir_name": null, "done": true, "training_iteration": 5, "trial_id": "2dce5778", "date": "2024-04-09_18-14-59", "time_this_iter_s": 792.6790738105774, "time_total_s": 4211.9745326042175, "pid": 2236760, "hostname": "jyn", "node_ip": "131.130.125.89", "config": {"model": {"hidden_dimension": 128, "modules": {"1": {"times": 6, "parameter": {"dropout": 0.5}}}}, "optimizer": {"base_learning_rate": 1e-05}}, "time_since_restore": 4211.9745326042175, "iterations_since_restore": 5}
