{"train_mae": 6.320000171661377, "train_r2": -49.35, "train_spearmanr": -0.13, "train_mse": 43.70000076293945, "train_rmse": 6.610000133514404, "train_mean_loss": 6.320525502547239, "train_sum_loss": 1972.0039567947388, "val_mae": 6.300000190734863, "val_r2": -46.44, "val_spearmanr": -0.14, "val_mse": 43.54999923706055, "val_rmse": 6.599999904632568, "val_ranking_accuracy_0.1": 0.46, "val_ranking_accuracy_0.2": 0.45, "val_ranking_accuracy_0.3": 0.45, "val_ranking_accuracy_0.4": 0.44, "val_ranking_accuracy_0.5": 0.44, "val_ranking_accuracy_0.6": 0.43, "val_ranking_accuracy_0.7": 0.43, "val_ranking_accuracy_0.8": 0.43, "val_ranking_accuracy_0.9": 0.43, "val_ranking_accuracy_1.0": 0.43, "val_ranking_accuracy_1.1": 0.42, "val_ranking_accuracy_1.2": 0.42, "val_ranking_accuracy_1.3": 0.42, "val_ranking_accuracy_1.4": 0.42, "val_ranking_accuracy_1.5": 0.42, "val_ranking_accuracy_1.6": 0.42, "val_ranking_accuracy_1.7": 0.41, "val_ranking_accuracy_1.8": 0.41, "val_ranking_accuracy_1.9": 0.42, "val_ranking_accuracy_2.0": 0.42, "val_mean_loss": 6.2968450095326, "val_sum_loss": 1970.9124879837036, "timestamp": 1712684161, "checkpoint_dir_name": null, "done": false, "training_iteration": 1, "trial_id": "c911233b", "date": "2024-04-09_19-36-01", "time_this_iter_s": 1050.80614900589, "time_total_s": 1050.80614900589, "pid": 2245792, "hostname": "jyn", "node_ip": "131.130.125.89", "config": {"model": {"hidden_dimension": 256, "modules": {"1": {"times": 6, "parameter": {"dropout": 0.0}}}}, "optimizer": {"base_learning_rate": 0.0001}}, "time_since_restore": 1050.80614900589, "iterations_since_restore": 1}
{"train_mae": 1.7000000476837158, "train_r2": -5.58, "train_spearmanr": 0.25, "train_mse": 5.710000038146973, "train_rmse": 2.390000104904175, "train_mean_loss": 1.700106996565293, "train_sum_loss": 530.4333829283714, "val_mae": 0.8500000238418579, "val_r2": -0.45, "val_spearmanr": 0.48, "val_mse": 1.340000033378601, "val_rmse": 1.159999966621399, "val_ranking_accuracy_0.1": 0.67, "val_ranking_accuracy_0.2": 0.68, "val_ranking_accuracy_0.3": 0.69, "val_ranking_accuracy_0.4": 0.7, "val_ranking_accuracy_0.5": 0.71, "val_ranking_accuracy_0.6": 0.72, "val_ranking_accuracy_0.7": 0.73, "val_ranking_accuracy_0.8": 0.73, "val_ranking_accuracy_0.9": 0.74, "val_ranking_accuracy_1.0": 0.75, "val_ranking_accuracy_1.1": 0.75, "val_ranking_accuracy_1.2": 0.76, "val_ranking_accuracy_1.3": 0.76, "val_ranking_accuracy_1.4": 0.77, "val_ranking_accuracy_1.5": 0.78, "val_ranking_accuracy_1.6": 0.78, "val_ranking_accuracy_1.7": 0.79, "val_ranking_accuracy_1.8": 0.79, "val_ranking_accuracy_1.9": 0.79, "val_ranking_accuracy_2.0": 0.79, "val_mean_loss": 0.8480100589819228, "val_sum_loss": 265.42714846134186, "timestamp": 1712684955, "checkpoint_dir_name": null, "done": false, "training_iteration": 2, "trial_id": "c911233b", "date": "2024-04-09_19-49-15", "time_this_iter_s": 793.1586835384369, "time_total_s": 1843.9648325443268, "pid": 2245792, "hostname": "jyn", "node_ip": "131.130.125.89", "config": {"model": {"hidden_dimension": 256, "modules": {"1": {"times": 6, "parameter": {"dropout": 0.0}}}}, "optimizer": {"base_learning_rate": 0.0001}}, "time_since_restore": 1843.9648325443268, "iterations_since_restore": 2}
{"train_mae": 0.7300000190734863, "train_r2": -0.13, "train_spearmanr": 0.54, "train_mse": 0.9800000190734863, "train_rmse": 0.9900000095367432, "train_mean_loss": 0.732524189620446, "train_sum_loss": 228.54754716157913, "val_mae": 0.5799999833106995, "val_r2": 0.3, "val_spearmanr": 0.7, "val_mse": 0.6399999856948853, "val_rmse": 0.800000011920929, "val_ranking_accuracy_0.1": 0.77, "val_ranking_accuracy_0.2": 0.79, "val_ranking_accuracy_0.3": 0.8, "val_ranking_accuracy_0.4": 0.81, "val_ranking_accuracy_0.5": 0.82, "val_ranking_accuracy_0.6": 0.83, "val_ranking_accuracy_0.7": 0.84, "val_ranking_accuracy_0.8": 0.86, "val_ranking_accuracy_0.9": 0.87, "val_ranking_accuracy_1.0": 0.88, "val_ranking_accuracy_1.1": 0.89, "val_ranking_accuracy_1.2": 0.89, "val_ranking_accuracy_1.3": 0.9, "val_ranking_accuracy_1.4": 0.9, "val_ranking_accuracy_1.5": 0.91, "val_ranking_accuracy_1.6": 0.91, "val_ranking_accuracy_1.7": 0.92, "val_ranking_accuracy_1.8": 0.93, "val_ranking_accuracy_1.9": 0.93, "val_ranking_accuracy_2.0": 0.94, "val_mean_loss": 0.5759158660999883, "val_sum_loss": 180.26166608929634, "timestamp": 1712685732, "checkpoint_dir_name": null, "done": false, "training_iteration": 3, "trial_id": "c911233b", "date": "2024-04-09_20-02-12", "time_this_iter_s": 777.2811913490295, "time_total_s": 2621.2460238933563, "pid": 2245792, "hostname": "jyn", "node_ip": "131.130.125.89", "config": {"model": {"hidden_dimension": 256, "modules": {"1": {"times": 6, "parameter": {"dropout": 0.0}}}}, "optimizer": {"base_learning_rate": 0.0001}}, "time_since_restore": 2621.2460238933563, "iterations_since_restore": 3}
{"train_mae": 0.6100000143051147, "train_r2": 0.21, "train_spearmanr": 0.64, "train_mse": 0.6800000071525574, "train_rmse": 0.8299999833106995, "train_mean_loss": 0.6109965320390004, "train_sum_loss": 190.63091799616814, "val_mae": 0.5199999809265137, "val_r2": 0.44, "val_spearmanr": 0.72, "val_mse": 0.5099999904632568, "val_rmse": 0.7099999785423279, "val_ranking_accuracy_0.1": 0.77, "val_ranking_accuracy_0.2": 0.79, "val_ranking_accuracy_0.3": 0.8, "val_ranking_accuracy_0.4": 0.81, "val_ranking_accuracy_0.5": 0.83, "val_ranking_accuracy_0.6": 0.84, "val_ranking_accuracy_0.7": 0.86, "val_ranking_accuracy_0.8": 0.87, "val_ranking_accuracy_0.9": 0.88, "val_ranking_accuracy_1.0": 0.89, "val_ranking_accuracy_1.1": 0.9, "val_ranking_accuracy_1.2": 0.9, "val_ranking_accuracy_1.3": 0.91, "val_ranking_accuracy_1.4": 0.91, "val_ranking_accuracy_1.5": 0.92, "val_ranking_accuracy_1.6": 0.93, "val_ranking_accuracy_1.7": 0.92, "val_ranking_accuracy_1.8": 0.93, "val_ranking_accuracy_1.9": 0.93, "val_ranking_accuracy_2.0": 0.93, "val_mean_loss": 0.516503143424805, "val_sum_loss": 161.66548389196396, "timestamp": 1712686602, "checkpoint_dir_name": null, "done": false, "training_iteration": 4, "trial_id": "c911233b", "date": "2024-04-09_20-16-42", "time_this_iter_s": 870.1666023731232, "time_total_s": 3491.4126262664795, "pid": 2245792, "hostname": "jyn", "node_ip": "131.130.125.89", "config": {"model": {"hidden_dimension": 256, "modules": {"1": {"times": 6, "parameter": {"dropout": 0.0}}}}, "optimizer": {"base_learning_rate": 0.0001}}, "time_since_restore": 3491.4126262664795, "iterations_since_restore": 4}
{"train_mae": 0.5600000023841858, "train_r2": 0.35, "train_spearmanr": 0.69, "train_mse": 0.5600000023841858, "train_rmse": 0.75, "train_mean_loss": 0.5577795029832766, "train_sum_loss": 174.02720493078232, "val_mae": 0.5400000214576721, "val_r2": 0.44, "val_spearmanr": 0.72, "val_mse": 0.5099999904632568, "val_rmse": 0.7200000286102295, "val_ranking_accuracy_0.1": 0.77, "val_ranking_accuracy_0.2": 0.79, "val_ranking_accuracy_0.3": 0.8, "val_ranking_accuracy_0.4": 0.82, "val_ranking_accuracy_0.5": 0.83, "val_ranking_accuracy_0.6": 0.85, "val_ranking_accuracy_0.7": 0.86, "val_ranking_accuracy_0.8": 0.87, "val_ranking_accuracy_0.9": 0.88, "val_ranking_accuracy_1.0": 0.9, "val_ranking_accuracy_1.1": 0.9, "val_ranking_accuracy_1.2": 0.91, "val_ranking_accuracy_1.3": 0.92, "val_ranking_accuracy_1.4": 0.92, "val_ranking_accuracy_1.5": 0.93, "val_ranking_accuracy_1.6": 0.92, "val_ranking_accuracy_1.7": 0.92, "val_ranking_accuracy_1.8": 0.93, "val_ranking_accuracy_1.9": 0.94, "val_ranking_accuracy_2.0": 0.94, "val_mean_loss": 0.5346945856516354, "val_sum_loss": 167.35940530896187, "timestamp": 1712687381, "checkpoint_dir_name": null, "done": true, "training_iteration": 5, "trial_id": "c911233b", "date": "2024-04-09_20-29-41", "time_this_iter_s": 778.5347898006439, "time_total_s": 4269.947416067123, "pid": 2245792, "hostname": "jyn", "node_ip": "131.130.125.89", "config": {"model": {"hidden_dimension": 256, "modules": {"1": {"times": 6, "parameter": {"dropout": 0.0}}}}, "optimizer": {"base_learning_rate": 0.0001}}, "time_since_restore": 4269.947416067123, "iterations_since_restore": 5}
