{"train_mae": 3.9800000190734863, "train_r2": -19.1, "train_spearmanr": 0.09, "train_mse": 17.450000762939453, "train_rmse": 4.179999828338623, "train_mean_loss": 3.982143289767779, "train_sum_loss": 1242.428706407547, "val_mae": 3.940000057220459, "val_r2": -17.73, "val_spearmanr": 0.04, "val_mse": 17.190000534057617, "val_rmse": 4.150000095367432, "val_ranking_accuracy_0.1": 0.51, "val_ranking_accuracy_0.2": 0.51, "val_ranking_accuracy_0.3": 0.51, "val_ranking_accuracy_0.4": 0.51, "val_ranking_accuracy_0.5": 0.51, "val_ranking_accuracy_0.6": 0.51, "val_ranking_accuracy_0.7": 0.52, "val_ranking_accuracy_0.8": 0.52, "val_ranking_accuracy_0.9": 0.52, "val_ranking_accuracy_1.0": 0.52, "val_ranking_accuracy_1.1": 0.52, "val_ranking_accuracy_1.2": 0.52, "val_ranking_accuracy_1.3": 0.52, "val_ranking_accuracy_1.4": 0.52, "val_ranking_accuracy_1.5": 0.52, "val_ranking_accuracy_1.6": 0.51, "val_ranking_accuracy_1.7": 0.51, "val_ranking_accuracy_1.8": 0.52, "val_ranking_accuracy_1.9": 0.51, "val_ranking_accuracy_2.0": 0.51, "val_mean_loss": 3.9369030158740643, "val_sum_loss": 1232.2506439685822, "timestamp": 1712639472, "checkpoint_dir_name": null, "done": false, "training_iteration": 1, "trial_id": "f062a043", "date": "2024-04-09_07-11-12", "time_this_iter_s": 691.2846155166626, "time_total_s": 691.2846155166626, "pid": 2224775, "hostname": "jyn", "node_ip": "131.130.125.89", "config": {"model": {"hidden_dimension": 64, "modules": {"1": {"times": 3, "parameter": {"dropout": 0.0}}}}, "optimizer": {"base_learning_rate": 0.0001}}, "time_since_restore": 691.2846155166626, "iterations_since_restore": 1}
{"train_mae": 1.440000057220459, "train_r2": -3.12, "train_spearmanr": 0.28, "train_mse": 3.569999933242798, "train_rmse": 1.8899999856948853, "train_mean_loss": 1.441390383319977, "train_sum_loss": 449.7137995958328, "val_mae": 0.8299999833106995, "val_r2": -0.36, "val_spearmanr": 0.48, "val_mse": 1.25, "val_rmse": 1.1200000047683716, "val_ranking_accuracy_0.1": 0.67, "val_ranking_accuracy_0.2": 0.68, "val_ranking_accuracy_0.3": 0.69, "val_ranking_accuracy_0.4": 0.69, "val_ranking_accuracy_0.5": 0.71, "val_ranking_accuracy_0.6": 0.72, "val_ranking_accuracy_0.7": 0.72, "val_ranking_accuracy_0.8": 0.73, "val_ranking_accuracy_0.9": 0.74, "val_ranking_accuracy_1.0": 0.75, "val_ranking_accuracy_1.1": 0.76, "val_ranking_accuracy_1.2": 0.76, "val_ranking_accuracy_1.3": 0.77, "val_ranking_accuracy_1.4": 0.78, "val_ranking_accuracy_1.5": 0.79, "val_ranking_accuracy_1.6": 0.79, "val_ranking_accuracy_1.7": 0.8, "val_ranking_accuracy_1.8": 0.81, "val_ranking_accuracy_1.9": 0.82, "val_ranking_accuracy_2.0": 0.82, "val_mean_loss": 0.832572060271193, "val_sum_loss": 260.5950548648834, "timestamp": 1712639880, "checkpoint_dir_name": null, "done": false, "training_iteration": 2, "trial_id": "f062a043", "date": "2024-04-09_07-18-00", "time_this_iter_s": 408.24702405929565, "time_total_s": 1099.5316395759583, "pid": 2224775, "hostname": "jyn", "node_ip": "131.130.125.89", "config": {"model": {"hidden_dimension": 64, "modules": {"1": {"times": 3, "parameter": {"dropout": 0.0}}}}, "optimizer": {"base_learning_rate": 0.0001}}, "time_since_restore": 1099.5316395759583, "iterations_since_restore": 2}
{"train_mae": 0.7599999904632568, "train_r2": -0.2, "train_spearmanr": 0.53, "train_mse": 1.0399999618530273, "train_rmse": 1.0199999809265137, "train_mean_loss": 0.7644812132303531, "train_sum_loss": 238.51813852787018, "val_mae": 0.6100000143051147, "val_r2": 0.26, "val_spearmanr": 0.68, "val_mse": 0.6800000071525574, "val_rmse": 0.8199999928474426, "val_ranking_accuracy_0.1": 0.76, "val_ranking_accuracy_0.2": 0.77, "val_ranking_accuracy_0.3": 0.79, "val_ranking_accuracy_0.4": 0.8, "val_ranking_accuracy_0.5": 0.81, "val_ranking_accuracy_0.6": 0.82, "val_ranking_accuracy_0.7": 0.83, "val_ranking_accuracy_0.8": 0.84, "val_ranking_accuracy_0.9": 0.85, "val_ranking_accuracy_1.0": 0.86, "val_ranking_accuracy_1.1": 0.87, "val_ranking_accuracy_1.2": 0.88, "val_ranking_accuracy_1.3": 0.88, "val_ranking_accuracy_1.4": 0.89, "val_ranking_accuracy_1.5": 0.9, "val_ranking_accuracy_1.6": 0.91, "val_ranking_accuracy_1.7": 0.91, "val_ranking_accuracy_1.8": 0.92, "val_ranking_accuracy_1.9": 0.92, "val_ranking_accuracy_2.0": 0.92, "val_mean_loss": 0.608399557229429, "val_sum_loss": 190.42906141281128, "timestamp": 1712640353, "checkpoint_dir_name": null, "done": false, "training_iteration": 3, "trial_id": "f062a043", "date": "2024-04-09_07-25-53", "time_this_iter_s": 472.3554232120514, "time_total_s": 1571.8870627880096, "pid": 2224775, "hostname": "jyn", "node_ip": "131.130.125.89", "config": {"model": {"hidden_dimension": 64, "modules": {"1": {"times": 3, "parameter": {"dropout": 0.0}}}}, "optimizer": {"base_learning_rate": 0.0001}}, "time_since_restore": 1571.8870627880096, "iterations_since_restore": 3}
{"train_mae": 0.6700000166893005, "train_r2": 0.1, "train_spearmanr": 0.6, "train_mse": 0.7799999713897705, "train_rmse": 0.8799999952316284, "train_mean_loss": 0.6673077086034493, "train_sum_loss": 208.2000050842762, "val_mae": 0.5600000023841858, "val_r2": 0.36, "val_spearmanr": 0.68, "val_mse": 0.5799999833106995, "val_rmse": 0.7599999904632568, "val_ranking_accuracy_0.1": 0.76, "val_ranking_accuracy_0.2": 0.77, "val_ranking_accuracy_0.3": 0.79, "val_ranking_accuracy_0.4": 0.8, "val_ranking_accuracy_0.5": 0.81, "val_ranking_accuracy_0.6": 0.83, "val_ranking_accuracy_0.7": 0.84, "val_ranking_accuracy_0.8": 0.85, "val_ranking_accuracy_0.9": 0.86, "val_ranking_accuracy_1.0": 0.87, "val_ranking_accuracy_1.1": 0.88, "val_ranking_accuracy_1.2": 0.88, "val_ranking_accuracy_1.3": 0.88, "val_ranking_accuracy_1.4": 0.89, "val_ranking_accuracy_1.5": 0.9, "val_ranking_accuracy_1.6": 0.9, "val_ranking_accuracy_1.7": 0.91, "val_ranking_accuracy_1.8": 0.91, "val_ranking_accuracy_1.9": 0.91, "val_ranking_accuracy_2.0": 0.91, "val_mean_loss": 0.5613753899408225, "val_sum_loss": 175.71049705147743, "timestamp": 1712640769, "checkpoint_dir_name": null, "done": false, "training_iteration": 4, "trial_id": "f062a043", "date": "2024-04-09_07-32-49", "time_this_iter_s": 415.8764617443085, "time_total_s": 1987.7635245323181, "pid": 2224775, "hostname": "jyn", "node_ip": "131.130.125.89", "config": {"model": {"hidden_dimension": 64, "modules": {"1": {"times": 3, "parameter": {"dropout": 0.0}}}}, "optimizer": {"base_learning_rate": 0.0001}}, "time_since_restore": 1987.7635245323181, "iterations_since_restore": 4}
{"train_mae": 0.5899999737739563, "train_r2": 0.29, "train_spearmanr": 0.66, "train_mse": 0.6200000047683716, "train_rmse": 0.7799999713897705, "train_mean_loss": 0.5913472754450945, "train_sum_loss": 184.50034993886948, "val_mae": 0.5099999904632568, "val_r2": 0.45, "val_spearmanr": 0.74, "val_mse": 0.5, "val_rmse": 0.7099999785423279, "val_ranking_accuracy_0.1": 0.78, "val_ranking_accuracy_0.2": 0.8, "val_ranking_accuracy_0.3": 0.82, "val_ranking_accuracy_0.4": 0.83, "val_ranking_accuracy_0.5": 0.84, "val_ranking_accuracy_0.6": 0.85, "val_ranking_accuracy_0.7": 0.87, "val_ranking_accuracy_0.8": 0.88, "val_ranking_accuracy_0.9": 0.89, "val_ranking_accuracy_1.0": 0.9, "val_ranking_accuracy_1.1": 0.91, "val_ranking_accuracy_1.2": 0.92, "val_ranking_accuracy_1.3": 0.92, "val_ranking_accuracy_1.4": 0.92, "val_ranking_accuracy_1.5": 0.93, "val_ranking_accuracy_1.6": 0.93, "val_ranking_accuracy_1.7": 0.94, "val_ranking_accuracy_1.8": 0.94, "val_ranking_accuracy_1.9": 0.94, "val_ranking_accuracy_2.0": 0.94, "val_mean_loss": 0.5120445097597263, "val_sum_loss": 160.2699315547943, "timestamp": 1712641222, "checkpoint_dir_name": null, "done": false, "training_iteration": 5, "trial_id": "f062a043", "date": "2024-04-09_07-40-22", "time_this_iter_s": 452.7946650981903, "time_total_s": 2440.5581896305084, "pid": 2224775, "hostname": "jyn", "node_ip": "131.130.125.89", "config": {"model": {"hidden_dimension": 64, "modules": {"1": {"times": 3, "parameter": {"dropout": 0.0}}}}, "optimizer": {"base_learning_rate": 0.0001}}, "time_since_restore": 2440.5581896305084, "iterations_since_restore": 5}
{"train_mae": 0.5600000023841858, "train_r2": 0.35, "train_spearmanr": 0.69, "train_mse": 0.5600000023841858, "train_rmse": 0.75, "train_mean_loss": 0.5589635472458142, "train_sum_loss": 174.39662674069405, "val_mae": 0.47999998927116394, "val_r2": 0.5, "val_spearmanr": 0.78, "val_mse": 0.44999998807907104, "val_rmse": 0.6700000166893005, "val_ranking_accuracy_0.1": 0.8, "val_ranking_accuracy_0.2": 0.82, "val_ranking_accuracy_0.3": 0.83, "val_ranking_accuracy_0.4": 0.85, "val_ranking_accuracy_0.5": 0.86, "val_ranking_accuracy_0.6": 0.87, "val_ranking_accuracy_0.7": 0.88, "val_ranking_accuracy_0.8": 0.89, "val_ranking_accuracy_0.9": 0.9, "val_ranking_accuracy_1.0": 0.91, "val_ranking_accuracy_1.1": 0.92, "val_ranking_accuracy_1.2": 0.92, "val_ranking_accuracy_1.3": 0.93, "val_ranking_accuracy_1.4": 0.94, "val_ranking_accuracy_1.5": 0.94, "val_ranking_accuracy_1.6": 0.94, "val_ranking_accuracy_1.7": 0.95, "val_ranking_accuracy_1.8": 0.95, "val_ranking_accuracy_1.9": 0.94, "val_ranking_accuracy_2.0": 0.94, "val_mean_loss": 0.48199416006715917, "val_sum_loss": 150.8641721010208, "timestamp": 1712641651, "checkpoint_dir_name": null, "done": false, "training_iteration": 6, "trial_id": "f062a043", "date": "2024-04-09_07-47-31", "time_this_iter_s": 429.2929894924164, "time_total_s": 2869.851179122925, "pid": 2224775, "hostname": "jyn", "node_ip": "131.130.125.89", "config": {"model": {"hidden_dimension": 64, "modules": {"1": {"times": 3, "parameter": {"dropout": 0.0}}}}, "optimizer": {"base_learning_rate": 0.0001}}, "time_since_restore": 2869.851179122925, "iterations_since_restore": 6}
{"train_mae": 0.5299999713897705, "train_r2": 0.41, "train_spearmanr": 0.71, "train_mse": 0.5099999904632568, "train_rmse": 0.7200000286102295, "train_mean_loss": 0.5339834081629912, "train_sum_loss": 166.60282334685326, "val_mae": 0.49000000953674316, "val_r2": 0.53, "val_spearmanr": 0.79, "val_mse": 0.4300000071525574, "val_rmse": 0.6600000262260437, "val_ranking_accuracy_0.1": 0.81, "val_ranking_accuracy_0.2": 0.83, "val_ranking_accuracy_0.3": 0.84, "val_ranking_accuracy_0.4": 0.86, "val_ranking_accuracy_0.5": 0.87, "val_ranking_accuracy_0.6": 0.88, "val_ranking_accuracy_0.7": 0.9, "val_ranking_accuracy_0.8": 0.91, "val_ranking_accuracy_0.9": 0.92, "val_ranking_accuracy_1.0": 0.92, "val_ranking_accuracy_1.1": 0.93, "val_ranking_accuracy_1.2": 0.93, "val_ranking_accuracy_1.3": 0.94, "val_ranking_accuracy_1.4": 0.94, "val_ranking_accuracy_1.5": 0.95, "val_ranking_accuracy_1.6": 0.95, "val_ranking_accuracy_1.7": 0.95, "val_ranking_accuracy_1.8": 0.95, "val_ranking_accuracy_1.9": 0.96, "val_ranking_accuracy_2.0": 0.96, "val_mean_loss": 0.48918916946782853, "val_sum_loss": 153.11621004343033, "timestamp": 1712642082, "checkpoint_dir_name": null, "done": false, "training_iteration": 7, "trial_id": "f062a043", "date": "2024-04-09_07-54-42", "time_this_iter_s": 430.67779755592346, "time_total_s": 3300.5289766788483, "pid": 2224775, "hostname": "jyn", "node_ip": "131.130.125.89", "config": {"model": {"hidden_dimension": 64, "modules": {"1": {"times": 3, "parameter": {"dropout": 0.0}}}}, "optimizer": {"base_learning_rate": 0.0001}}, "time_since_restore": 3300.5289766788483, "iterations_since_restore": 7}
{"train_mae": 0.5199999809265137, "train_r2": 0.46, "train_spearmanr": 0.73, "train_mse": 0.4699999988079071, "train_rmse": 0.6899999976158142, "train_mean_loss": 0.5163500712085993, "train_sum_loss": 161.10122221708298, "val_mae": 0.5099999904632568, "val_r2": 0.48, "val_spearmanr": 0.77, "val_mse": 0.47999998927116394, "val_rmse": 0.6899999976158142, "val_ranking_accuracy_0.1": 0.79, "val_ranking_accuracy_0.2": 0.8, "val_ranking_accuracy_0.3": 0.82, "val_ranking_accuracy_0.4": 0.84, "val_ranking_accuracy_0.5": 0.85, "val_ranking_accuracy_0.6": 0.87, "val_ranking_accuracy_0.7": 0.88, "val_ranking_accuracy_0.8": 0.9, "val_ranking_accuracy_0.9": 0.91, "val_ranking_accuracy_1.0": 0.92, "val_ranking_accuracy_1.1": 0.92, "val_ranking_accuracy_1.2": 0.93, "val_ranking_accuracy_1.3": 0.93, "val_ranking_accuracy_1.4": 0.94, "val_ranking_accuracy_1.5": 0.94, "val_ranking_accuracy_1.6": 0.94, "val_ranking_accuracy_1.7": 0.94, "val_ranking_accuracy_1.8": 0.95, "val_ranking_accuracy_1.9": 0.94, "val_ranking_accuracy_2.0": 0.94, "val_mean_loss": 0.5098706132497269, "val_sum_loss": 159.58950194716454, "timestamp": 1712642527, "checkpoint_dir_name": null, "done": false, "training_iteration": 8, "trial_id": "f062a043", "date": "2024-04-09_08-02-07", "time_this_iter_s": 445.43706250190735, "time_total_s": 3745.9660391807556, "pid": 2224775, "hostname": "jyn", "node_ip": "131.130.125.89", "config": {"model": {"hidden_dimension": 64, "modules": {"1": {"times": 3, "parameter": {"dropout": 0.0}}}}, "optimizer": {"base_learning_rate": 0.0001}}, "time_since_restore": 3745.9660391807556, "iterations_since_restore": 8}
{"train_mae": 0.5099999904632568, "train_r2": 0.48, "train_spearmanr": 0.74, "train_mse": 0.44999998807907104, "train_rmse": 0.6700000166893005, "train_mean_loss": 0.5060849642524352, "train_sum_loss": 157.8985088467598, "val_mae": 0.5, "val_r2": 0.5, "val_spearmanr": 0.79, "val_mse": 0.46000000834465027, "val_rmse": 0.6700000166893005, "val_ranking_accuracy_0.1": 0.82, "val_ranking_accuracy_0.2": 0.83, "val_ranking_accuracy_0.3": 0.85, "val_ranking_accuracy_0.4": 0.86, "val_ranking_accuracy_0.5": 0.87, "val_ranking_accuracy_0.6": 0.88, "val_ranking_accuracy_0.7": 0.89, "val_ranking_accuracy_0.8": 0.91, "val_ranking_accuracy_0.9": 0.92, "val_ranking_accuracy_1.0": 0.93, "val_ranking_accuracy_1.1": 0.93, "val_ranking_accuracy_1.2": 0.94, "val_ranking_accuracy_1.3": 0.95, "val_ranking_accuracy_1.4": 0.95, "val_ranking_accuracy_1.5": 0.95, "val_ranking_accuracy_1.6": 0.96, "val_ranking_accuracy_1.7": 0.96, "val_ranking_accuracy_1.8": 0.96, "val_ranking_accuracy_1.9": 0.96, "val_ranking_accuracy_2.0": 0.96, "val_mean_loss": 0.501357091501498, "val_sum_loss": 156.92476963996887, "timestamp": 1712642943, "checkpoint_dir_name": null, "done": false, "training_iteration": 9, "trial_id": "f062a043", "date": "2024-04-09_08-09-03", "time_this_iter_s": 415.9845790863037, "time_total_s": 4161.950618267059, "pid": 2224775, "hostname": "jyn", "node_ip": "131.130.125.89", "config": {"model": {"hidden_dimension": 64, "modules": {"1": {"times": 3, "parameter": {"dropout": 0.0}}}}, "optimizer": {"base_learning_rate": 0.0001}}, "time_since_restore": 4161.950618267059, "iterations_since_restore": 9}
{"train_mae": 0.5, "train_r2": 0.49, "train_spearmanr": 0.75, "train_mse": 0.4399999976158142, "train_rmse": 0.6600000262260437, "train_mean_loss": 0.4983611515699289, "train_sum_loss": 155.4886792898178, "val_mae": 0.5099999904632568, "val_r2": 0.48, "val_spearmanr": 0.77, "val_mse": 0.47999998927116394, "val_rmse": 0.6899999976158142, "val_ranking_accuracy_0.1": 0.81, "val_ranking_accuracy_0.2": 0.82, "val_ranking_accuracy_0.3": 0.84, "val_ranking_accuracy_0.4": 0.85, "val_ranking_accuracy_0.5": 0.87, "val_ranking_accuracy_0.6": 0.89, "val_ranking_accuracy_0.7": 0.89, "val_ranking_accuracy_0.8": 0.9, "val_ranking_accuracy_0.9": 0.91, "val_ranking_accuracy_1.0": 0.92, "val_ranking_accuracy_1.1": 0.93, "val_ranking_accuracy_1.2": 0.94, "val_ranking_accuracy_1.3": 0.94, "val_ranking_accuracy_1.4": 0.94, "val_ranking_accuracy_1.5": 0.94, "val_ranking_accuracy_1.6": 0.95, "val_ranking_accuracy_1.7": 0.95, "val_ranking_accuracy_1.8": 0.96, "val_ranking_accuracy_1.9": 0.96, "val_ranking_accuracy_2.0": 0.95, "val_mean_loss": 0.5066288038374136, "val_sum_loss": 158.57481560111046, "timestamp": 1712643374, "checkpoint_dir_name": null, "done": false, "training_iteration": 10, "trial_id": "f062a043", "date": "2024-04-09_08-16-14", "time_this_iter_s": 431.24046993255615, "time_total_s": 4593.1910881996155, "pid": 2224775, "hostname": "jyn", "node_ip": "131.130.125.89", "config": {"model": {"hidden_dimension": 64, "modules": {"1": {"times": 3, "parameter": {"dropout": 0.0}}}}, "optimizer": {"base_learning_rate": 0.0001}}, "time_since_restore": 4593.1910881996155, "iterations_since_restore": 10}
{"train_mae": 0.49000000953674316, "train_r2": 0.5, "train_spearmanr": 0.75, "train_mse": 0.4300000071525574, "train_rmse": 0.6600000262260437, "train_mean_loss": 0.49239472156533826, "train_sum_loss": 153.62715312838554, "val_mae": 0.44999998807907104, "val_r2": 0.58, "val_spearmanr": 0.79, "val_mse": 0.38999998569488525, "val_rmse": 0.6200000047683716, "val_ranking_accuracy_0.1": 0.8, "val_ranking_accuracy_0.2": 0.82, "val_ranking_accuracy_0.3": 0.83, "val_ranking_accuracy_0.4": 0.85, "val_ranking_accuracy_0.5": 0.87, "val_ranking_accuracy_0.6": 0.88, "val_ranking_accuracy_0.7": 0.89, "val_ranking_accuracy_0.8": 0.9, "val_ranking_accuracy_0.9": 0.91, "val_ranking_accuracy_1.0": 0.91, "val_ranking_accuracy_1.1": 0.92, "val_ranking_accuracy_1.2": 0.93, "val_ranking_accuracy_1.3": 0.93, "val_ranking_accuracy_1.4": 0.94, "val_ranking_accuracy_1.5": 0.94, "val_ranking_accuracy_1.6": 0.95, "val_ranking_accuracy_1.7": 0.95, "val_ranking_accuracy_1.8": 0.94, "val_ranking_accuracy_1.9": 0.95, "val_ranking_accuracy_2.0": 0.95, "val_mean_loss": 0.4453878439843845, "val_sum_loss": 139.40639516711235, "timestamp": 1712643789, "checkpoint_dir_name": null, "done": false, "training_iteration": 11, "trial_id": "f062a043", "date": "2024-04-09_08-23-09", "time_this_iter_s": 414.72372674942017, "time_total_s": 5007.914814949036, "pid": 2224775, "hostname": "jyn", "node_ip": "131.130.125.89", "config": {"model": {"hidden_dimension": 64, "modules": {"1": {"times": 3, "parameter": {"dropout": 0.0}}}}, "optimizer": {"base_learning_rate": 0.0001}}, "time_since_restore": 5007.914814949036, "iterations_since_restore": 11}
{"train_mae": 0.4699999988079071, "train_r2": 0.55, "train_spearmanr": 0.77, "train_mse": 0.38999998569488525, "train_rmse": 0.6299999952316284, "train_mean_loss": 0.4699394506139633, "train_sum_loss": 146.62110859155655, "val_mae": 0.49000000953674316, "val_r2": 0.48, "val_spearmanr": 0.78, "val_mse": 0.47999998927116394, "val_rmse": 0.6899999976158142, "val_ranking_accuracy_0.1": 0.81, "val_ranking_accuracy_0.2": 0.82, "val_ranking_accuracy_0.3": 0.84, "val_ranking_accuracy_0.4": 0.85, "val_ranking_accuracy_0.5": 0.86, "val_ranking_accuracy_0.6": 0.88, "val_ranking_accuracy_0.7": 0.89, "val_ranking_accuracy_0.8": 0.9, "val_ranking_accuracy_0.9": 0.91, "val_ranking_accuracy_1.0": 0.92, "val_ranking_accuracy_1.1": 0.93, "val_ranking_accuracy_1.2": 0.94, "val_ranking_accuracy_1.3": 0.94, "val_ranking_accuracy_1.4": 0.94, "val_ranking_accuracy_1.5": 0.95, "val_ranking_accuracy_1.6": 0.95, "val_ranking_accuracy_1.7": 0.95, "val_ranking_accuracy_1.8": 0.95, "val_ranking_accuracy_1.9": 0.95, "val_ranking_accuracy_2.0": 0.95, "val_mean_loss": 0.4947144074942738, "val_sum_loss": 154.8456095457077, "timestamp": 1712644243, "checkpoint_dir_name": null, "done": false, "training_iteration": 12, "trial_id": "f062a043", "date": "2024-04-09_08-30-43", "time_this_iter_s": 454.2490203380585, "time_total_s": 5462.163835287094, "pid": 2224775, "hostname": "jyn", "node_ip": "131.130.125.89", "config": {"model": {"hidden_dimension": 64, "modules": {"1": {"times": 3, "parameter": {"dropout": 0.0}}}}, "optimizer": {"base_learning_rate": 0.0001}}, "time_since_restore": 5462.163835287094, "iterations_since_restore": 12}
{"train_mae": 0.46000000834465027, "train_r2": 0.56, "train_spearmanr": 0.78, "train_mse": 0.3799999952316284, "train_rmse": 0.6200000047683716, "train_mean_loss": 0.46183338216864145, "train_sum_loss": 144.09201523661613, "val_mae": 0.47999998927116394, "val_r2": 0.53, "val_spearmanr": 0.78, "val_mse": 0.4399999976158142, "val_rmse": 0.6600000262260437, "val_ranking_accuracy_0.1": 0.81, "val_ranking_accuracy_0.2": 0.83, "val_ranking_accuracy_0.3": 0.84, "val_ranking_accuracy_0.4": 0.86, "val_ranking_accuracy_0.5": 0.87, "val_ranking_accuracy_0.6": 0.89, "val_ranking_accuracy_0.7": 0.9, "val_ranking_accuracy_0.8": 0.91, "val_ranking_accuracy_0.9": 0.92, "val_ranking_accuracy_1.0": 0.93, "val_ranking_accuracy_1.1": 0.94, "val_ranking_accuracy_1.2": 0.94, "val_ranking_accuracy_1.3": 0.95, "val_ranking_accuracy_1.4": 0.95, "val_ranking_accuracy_1.5": 0.95, "val_ranking_accuracy_1.6": 0.95, "val_ranking_accuracy_1.7": 0.96, "val_ranking_accuracy_1.8": 0.95, "val_ranking_accuracy_1.9": 0.95, "val_ranking_accuracy_2.0": 0.95, "val_mean_loss": 0.47903906880095365, "val_sum_loss": 149.9392285346985, "timestamp": 1712644659, "checkpoint_dir_name": null, "done": false, "training_iteration": 13, "trial_id": "f062a043", "date": "2024-04-09_08-37-39", "time_this_iter_s": 415.45923376083374, "time_total_s": 5877.623069047928, "pid": 2224775, "hostname": "jyn", "node_ip": "131.130.125.89", "config": {"model": {"hidden_dimension": 64, "modules": {"1": {"times": 3, "parameter": {"dropout": 0.0}}}}, "optimizer": {"base_learning_rate": 0.0001}}, "time_since_restore": 5877.623069047928, "iterations_since_restore": 13}
{"train_mae": 0.44999998807907104, "train_r2": 0.58, "train_spearmanr": 0.79, "train_mse": 0.36000001430511475, "train_rmse": 0.6000000238418579, "train_mean_loss": 0.45227490021632266, "train_sum_loss": 141.10976886749268, "val_mae": 0.4399999976158142, "val_r2": 0.59, "val_spearmanr": 0.82, "val_mse": 0.3799999952316284, "val_rmse": 0.6200000047683716, "val_ranking_accuracy_0.1": 0.83, "val_ranking_accuracy_0.2": 0.85, "val_ranking_accuracy_0.3": 0.86, "val_ranking_accuracy_0.4": 0.88, "val_ranking_accuracy_0.5": 0.9, "val_ranking_accuracy_0.6": 0.91, "val_ranking_accuracy_0.7": 0.92, "val_ranking_accuracy_0.8": 0.93, "val_ranking_accuracy_0.9": 0.93, "val_ranking_accuracy_1.0": 0.95, "val_ranking_accuracy_1.1": 0.95, "val_ranking_accuracy_1.2": 0.96, "val_ranking_accuracy_1.3": 0.96, "val_ranking_accuracy_1.4": 0.96, "val_ranking_accuracy_1.5": 0.97, "val_ranking_accuracy_1.6": 0.97, "val_ranking_accuracy_1.7": 0.97, "val_ranking_accuracy_1.8": 0.97, "val_ranking_accuracy_1.9": 0.97, "val_ranking_accuracy_2.0": 0.97, "val_mean_loss": 0.4368718408357602, "val_sum_loss": 136.74088618159294, "timestamp": 1712645111, "checkpoint_dir_name": null, "done": false, "training_iteration": 14, "trial_id": "f062a043", "date": "2024-04-09_08-45-11", "time_this_iter_s": 452.4069809913635, "time_total_s": 6330.030050039291, "pid": 2224775, "hostname": "jyn", "node_ip": "131.130.125.89", "config": {"model": {"hidden_dimension": 64, "modules": {"1": {"times": 3, "parameter": {"dropout": 0.0}}}}, "optimizer": {"base_learning_rate": 0.0001}}, "time_since_restore": 6330.030050039291, "iterations_since_restore": 14}
{"train_mae": 0.4399999976158142, "train_r2": 0.59, "train_spearmanr": 0.79, "train_mse": 0.3499999940395355, "train_rmse": 0.5899999737739563, "train_mean_loss": 0.4422499897579352, "train_sum_loss": 137.98199680447578, "val_mae": 0.44999998807907104, "val_r2": 0.56, "val_spearmanr": 0.8, "val_mse": 0.4099999964237213, "val_rmse": 0.6399999856948853, "val_ranking_accuracy_0.1": 0.82, "val_ranking_accuracy_0.2": 0.84, "val_ranking_accuracy_0.3": 0.86, "val_ranking_accuracy_0.4": 0.87, "val_ranking_accuracy_0.5": 0.88, "val_ranking_accuracy_0.6": 0.89, "val_ranking_accuracy_0.7": 0.9, "val_ranking_accuracy_0.8": 0.92, "val_ranking_accuracy_0.9": 0.92, "val_ranking_accuracy_1.0": 0.93, "val_ranking_accuracy_1.1": 0.94, "val_ranking_accuracy_1.2": 0.95, "val_ranking_accuracy_1.3": 0.95, "val_ranking_accuracy_1.4": 0.95, "val_ranking_accuracy_1.5": 0.95, "val_ranking_accuracy_1.6": 0.95, "val_ranking_accuracy_1.7": 0.96, "val_ranking_accuracy_1.8": 0.96, "val_ranking_accuracy_1.9": 0.95, "val_ranking_accuracy_2.0": 0.95, "val_mean_loss": 0.4513179168533593, "val_sum_loss": 141.26250797510147, "timestamp": 1712645526, "checkpoint_dir_name": null, "done": false, "training_iteration": 15, "trial_id": "f062a043", "date": "2024-04-09_08-52-06", "time_this_iter_s": 414.3363037109375, "time_total_s": 6744.366353750229, "pid": 2224775, "hostname": "jyn", "node_ip": "131.130.125.89", "config": {"model": {"hidden_dimension": 64, "modules": {"1": {"times": 3, "parameter": {"dropout": 0.0}}}}, "optimizer": {"base_learning_rate": 0.0001}}, "time_since_restore": 6744.366353750229, "iterations_since_restore": 15}
{"train_mae": 0.4300000071525574, "train_r2": 0.61, "train_spearmanr": 0.8, "train_mse": 0.3400000035762787, "train_rmse": 0.5799999833106995, "train_mean_loss": 0.4334563727562244, "train_sum_loss": 135.23838829994202, "val_mae": 0.4099999964237213, "val_r2": 0.64, "val_spearmanr": 0.83, "val_mse": 0.33000001311302185, "val_rmse": 0.5799999833106995, "val_ranking_accuracy_0.1": 0.83, "val_ranking_accuracy_0.2": 0.84, "val_ranking_accuracy_0.3": 0.86, "val_ranking_accuracy_0.4": 0.88, "val_ranking_accuracy_0.5": 0.89, "val_ranking_accuracy_0.6": 0.91, "val_ranking_accuracy_0.7": 0.92, "val_ranking_accuracy_0.8": 0.93, "val_ranking_accuracy_0.9": 0.93, "val_ranking_accuracy_1.0": 0.95, "val_ranking_accuracy_1.1": 0.95, "val_ranking_accuracy_1.2": 0.96, "val_ranking_accuracy_1.3": 0.96, "val_ranking_accuracy_1.4": 0.96, "val_ranking_accuracy_1.5": 0.96, "val_ranking_accuracy_1.6": 0.97, "val_ranking_accuracy_1.7": 0.97, "val_ranking_accuracy_1.8": 0.97, "val_ranking_accuracy_1.9": 0.98, "val_ranking_accuracy_2.0": 0.98, "val_mean_loss": 0.41059265954616353, "val_sum_loss": 128.51550243794918, "timestamp": 1712645968, "checkpoint_dir_name": null, "done": false, "training_iteration": 16, "trial_id": "f062a043", "date": "2024-04-09_08-59-28", "time_this_iter_s": 442.5378487110138, "time_total_s": 7186.904202461243, "pid": 2224775, "hostname": "jyn", "node_ip": "131.130.125.89", "config": {"model": {"hidden_dimension": 64, "modules": {"1": {"times": 3, "parameter": {"dropout": 0.0}}}}, "optimizer": {"base_learning_rate": 0.0001}}, "time_since_restore": 7186.904202461243, "iterations_since_restore": 16}
{"train_mae": 0.4300000071525574, "train_r2": 0.62, "train_spearmanr": 0.8, "train_mse": 0.33000001311302185, "train_rmse": 0.5799999833106995, "train_mean_loss": 0.43028068590240603, "train_sum_loss": 134.24757400155067, "val_mae": 0.4300000071525574, "val_r2": 0.59, "val_spearmanr": 0.82, "val_mse": 0.3799999952316284, "val_rmse": 0.6100000143051147, "val_ranking_accuracy_0.1": 0.83, "val_ranking_accuracy_0.2": 0.84, "val_ranking_accuracy_0.3": 0.86, "val_ranking_accuracy_0.4": 0.87, "val_ranking_accuracy_0.5": 0.89, "val_ranking_accuracy_0.6": 0.9, "val_ranking_accuracy_0.7": 0.91, "val_ranking_accuracy_0.8": 0.92, "val_ranking_accuracy_0.9": 0.93, "val_ranking_accuracy_1.0": 0.94, "val_ranking_accuracy_1.1": 0.95, "val_ranking_accuracy_1.2": 0.95, "val_ranking_accuracy_1.3": 0.95, "val_ranking_accuracy_1.4": 0.96, "val_ranking_accuracy_1.5": 0.96, "val_ranking_accuracy_1.6": 0.96, "val_ranking_accuracy_1.7": 0.96, "val_ranking_accuracy_1.8": 0.96, "val_ranking_accuracy_1.9": 0.97, "val_ranking_accuracy_2.0": 0.97, "val_mean_loss": 0.4268530505819443, "val_sum_loss": 133.60500483214855, "timestamp": 1712646394, "checkpoint_dir_name": null, "done": false, "training_iteration": 17, "trial_id": "f062a043", "date": "2024-04-09_09-06-34", "time_this_iter_s": 425.67841935157776, "time_total_s": 7612.58262181282, "pid": 2224775, "hostname": "jyn", "node_ip": "131.130.125.89", "config": {"model": {"hidden_dimension": 64, "modules": {"1": {"times": 3, "parameter": {"dropout": 0.0}}}}, "optimizer": {"base_learning_rate": 0.0001}}, "time_since_restore": 7612.58262181282, "iterations_since_restore": 17}
{"train_mae": 0.41999998688697815, "train_r2": 0.64, "train_spearmanr": 0.82, "train_mse": 0.3100000023841858, "train_rmse": 0.5600000023841858, "train_mean_loss": 0.416593565677221, "train_sum_loss": 129.97719249129295, "val_mae": 0.4099999964237213, "val_r2": 0.62, "val_spearmanr": 0.83, "val_mse": 0.3499999940395355, "val_rmse": 0.5899999737739563, "val_ranking_accuracy_0.1": 0.84, "val_ranking_accuracy_0.2": 0.86, "val_ranking_accuracy_0.3": 0.87, "val_ranking_accuracy_0.4": 0.89, "val_ranking_accuracy_0.5": 0.9, "val_ranking_accuracy_0.6": 0.92, "val_ranking_accuracy_0.7": 0.93, "val_ranking_accuracy_0.8": 0.93, "val_ranking_accuracy_0.9": 0.94, "val_ranking_accuracy_1.0": 0.95, "val_ranking_accuracy_1.1": 0.95, "val_ranking_accuracy_1.2": 0.95, "val_ranking_accuracy_1.3": 0.95, "val_ranking_accuracy_1.4": 0.96, "val_ranking_accuracy_1.5": 0.96, "val_ranking_accuracy_1.6": 0.96, "val_ranking_accuracy_1.7": 0.96, "val_ranking_accuracy_1.8": 0.96, "val_ranking_accuracy_1.9": 0.96, "val_ranking_accuracy_2.0": 0.96, "val_mean_loss": 0.41310468468422323, "val_sum_loss": 129.30176630616188, "timestamp": 1712646828, "checkpoint_dir_name": null, "done": false, "training_iteration": 18, "trial_id": "f062a043", "date": "2024-04-09_09-13-48", "time_this_iter_s": 434.43260431289673, "time_total_s": 8047.015226125717, "pid": 2224775, "hostname": "jyn", "node_ip": "131.130.125.89", "config": {"model": {"hidden_dimension": 64, "modules": {"1": {"times": 3, "parameter": {"dropout": 0.0}}}}, "optimizer": {"base_learning_rate": 0.0001}}, "time_since_restore": 8047.015226125717, "iterations_since_restore": 18}
{"train_mae": 0.41999998688697815, "train_r2": 0.64, "train_spearmanr": 0.81, "train_mse": 0.3100000023841858, "train_rmse": 0.5600000023841858, "train_mean_loss": 0.4180281213842906, "train_sum_loss": 130.42477387189865, "val_mae": 0.4099999964237213, "val_r2": 0.62, "val_spearmanr": 0.82, "val_mse": 0.3499999940395355, "val_rmse": 0.5899999737739563, "val_ranking_accuracy_0.1": 0.82, "val_ranking_accuracy_0.2": 0.84, "val_ranking_accuracy_0.3": 0.86, "val_ranking_accuracy_0.4": 0.87, "val_ranking_accuracy_0.5": 0.89, "val_ranking_accuracy_0.6": 0.9, "val_ranking_accuracy_0.7": 0.91, "val_ranking_accuracy_0.8": 0.92, "val_ranking_accuracy_0.9": 0.93, "val_ranking_accuracy_1.0": 0.94, "val_ranking_accuracy_1.1": 0.95, "val_ranking_accuracy_1.2": 0.95, "val_ranking_accuracy_1.3": 0.96, "val_ranking_accuracy_1.4": 0.96, "val_ranking_accuracy_1.5": 0.97, "val_ranking_accuracy_1.6": 0.97, "val_ranking_accuracy_1.7": 0.97, "val_ranking_accuracy_1.8": 0.96, "val_ranking_accuracy_1.9": 0.97, "val_ranking_accuracy_2.0": 0.97, "val_mean_loss": 0.41406033252374813, "val_sum_loss": 129.60088407993317, "timestamp": 1712647262, "checkpoint_dir_name": null, "done": false, "training_iteration": 19, "trial_id": "f062a043", "date": "2024-04-09_09-21-02", "time_this_iter_s": 434.1117970943451, "time_total_s": 8481.127023220062, "pid": 2224775, "hostname": "jyn", "node_ip": "131.130.125.89", "config": {"model": {"hidden_dimension": 64, "modules": {"1": {"times": 3, "parameter": {"dropout": 0.0}}}}, "optimizer": {"base_learning_rate": 0.0001}}, "time_since_restore": 8481.127023220062, "iterations_since_restore": 19}
{"train_mae": 0.4099999964237213, "train_r2": 0.65, "train_spearmanr": 0.82, "train_mse": 0.30000001192092896, "train_rmse": 0.550000011920929, "train_mean_loss": 0.4087999750597355, "train_sum_loss": 127.54559221863747, "val_mae": 0.4399999976158142, "val_r2": 0.56, "val_spearmanr": 0.82, "val_mse": 0.4000000059604645, "val_rmse": 0.6299999952316284, "val_ranking_accuracy_0.1": 0.83, "val_ranking_accuracy_0.2": 0.84, "val_ranking_accuracy_0.3": 0.86, "val_ranking_accuracy_0.4": 0.88, "val_ranking_accuracy_0.5": 0.89, "val_ranking_accuracy_0.6": 0.91, "val_ranking_accuracy_0.7": 0.91, "val_ranking_accuracy_0.8": 0.92, "val_ranking_accuracy_0.9": 0.93, "val_ranking_accuracy_1.0": 0.94, "val_ranking_accuracy_1.1": 0.95, "val_ranking_accuracy_1.2": 0.95, "val_ranking_accuracy_1.3": 0.96, "val_ranking_accuracy_1.4": 0.96, "val_ranking_accuracy_1.5": 0.96, "val_ranking_accuracy_1.6": 0.97, "val_ranking_accuracy_1.7": 0.96, "val_ranking_accuracy_1.8": 0.96, "val_ranking_accuracy_1.9": 0.97, "val_ranking_accuracy_2.0": 0.97, "val_mean_loss": 0.43750558146082175, "val_sum_loss": 136.9392469972372, "timestamp": 1712647689, "checkpoint_dir_name": null, "done": false, "training_iteration": 20, "trial_id": "f062a043", "date": "2024-04-09_09-28-09", "time_this_iter_s": 426.8155755996704, "time_total_s": 8907.942598819733, "pid": 2224775, "hostname": "jyn", "node_ip": "131.130.125.89", "config": {"model": {"hidden_dimension": 64, "modules": {"1": {"times": 3, "parameter": {"dropout": 0.0}}}}, "optimizer": {"base_learning_rate": 0.0001}}, "time_since_restore": 8907.942598819733, "iterations_since_restore": 20}
{"train_mae": 0.4099999964237213, "train_r2": 0.66, "train_spearmanr": 0.82, "train_mse": 0.30000001192092896, "train_rmse": 0.550000011920929, "train_mean_loss": 0.4067125419775645, "train_sum_loss": 126.89431309700012, "val_mae": 0.4000000059604645, "val_r2": 0.66, "val_spearmanr": 0.84, "val_mse": 0.3100000023841858, "val_rmse": 0.5600000023841858, "val_ranking_accuracy_0.1": 0.83, "val_ranking_accuracy_0.2": 0.85, "val_ranking_accuracy_0.3": 0.86, "val_ranking_accuracy_0.4": 0.88, "val_ranking_accuracy_0.5": 0.89, "val_ranking_accuracy_0.6": 0.91, "val_ranking_accuracy_0.7": 0.92, "val_ranking_accuracy_0.8": 0.93, "val_ranking_accuracy_0.9": 0.94, "val_ranking_accuracy_1.0": 0.95, "val_ranking_accuracy_1.1": 0.96, "val_ranking_accuracy_1.2": 0.96, "val_ranking_accuracy_1.3": 0.96, "val_ranking_accuracy_1.4": 0.96, "val_ranking_accuracy_1.5": 0.96, "val_ranking_accuracy_1.6": 0.97, "val_ranking_accuracy_1.7": 0.97, "val_ranking_accuracy_1.8": 0.97, "val_ranking_accuracy_1.9": 0.97, "val_ranking_accuracy_2.0": 0.98, "val_mean_loss": 0.39554649429580274, "val_sum_loss": 123.80605271458626, "timestamp": 1712648132, "checkpoint_dir_name": null, "done": false, "training_iteration": 21, "trial_id": "f062a043", "date": "2024-04-09_09-35-32", "time_this_iter_s": 442.6907765865326, "time_total_s": 9350.633375406265, "pid": 2224775, "hostname": "jyn", "node_ip": "131.130.125.89", "config": {"model": {"hidden_dimension": 64, "modules": {"1": {"times": 3, "parameter": {"dropout": 0.0}}}}, "optimizer": {"base_learning_rate": 0.0001}}, "time_since_restore": 9350.633375406265, "iterations_since_restore": 21}
{"train_mae": 0.4099999964237213, "train_r2": 0.65, "train_spearmanr": 0.82, "train_mse": 0.30000001192092896, "train_rmse": 0.550000011920929, "train_mean_loss": 0.4074363032212624, "train_sum_loss": 127.12012660503387, "val_mae": 0.49000000953674316, "val_r2": 0.55, "val_spearmanr": 0.83, "val_mse": 0.4099999964237213, "val_rmse": 0.6399999856948853, "val_ranking_accuracy_0.1": 0.83, "val_ranking_accuracy_0.2": 0.84, "val_ranking_accuracy_0.3": 0.86, "val_ranking_accuracy_0.4": 0.88, "val_ranking_accuracy_0.5": 0.89, "val_ranking_accuracy_0.6": 0.91, "val_ranking_accuracy_0.7": 0.92, "val_ranking_accuracy_0.8": 0.93, "val_ranking_accuracy_0.9": 0.94, "val_ranking_accuracy_1.0": 0.95, "val_ranking_accuracy_1.1": 0.95, "val_ranking_accuracy_1.2": 0.96, "val_ranking_accuracy_1.3": 0.97, "val_ranking_accuracy_1.4": 0.97, "val_ranking_accuracy_1.5": 0.97, "val_ranking_accuracy_1.6": 0.97, "val_ranking_accuracy_1.7": 0.97, "val_ranking_accuracy_1.8": 0.97, "val_ranking_accuracy_1.9": 0.97, "val_ranking_accuracy_2.0": 0.97, "val_mean_loss": 0.4859659126200996, "val_sum_loss": 152.10733065009117, "timestamp": 1712648548, "checkpoint_dir_name": null, "done": false, "training_iteration": 22, "trial_id": "f062a043", "date": "2024-04-09_09-42-28", "time_this_iter_s": 416.279825925827, "time_total_s": 9766.913201332092, "pid": 2224775, "hostname": "jyn", "node_ip": "131.130.125.89", "config": {"model": {"hidden_dimension": 64, "modules": {"1": {"times": 3, "parameter": {"dropout": 0.0}}}}, "optimizer": {"base_learning_rate": 0.0001}}, "time_since_restore": 9766.913201332092, "iterations_since_restore": 22}
{"train_mae": 0.4000000059604645, "train_r2": 0.67, "train_spearmanr": 0.83, "train_mse": 0.2800000011920929, "train_rmse": 0.5299999713897705, "train_mean_loss": 0.39663554651614946, "train_sum_loss": 123.75029051303864, "val_mae": 0.4099999964237213, "val_r2": 0.63, "val_spearmanr": 0.82, "val_mse": 0.3400000035762787, "val_rmse": 0.5799999833106995, "val_ranking_accuracy_0.1": 0.83, "val_ranking_accuracy_0.2": 0.85, "val_ranking_accuracy_0.3": 0.87, "val_ranking_accuracy_0.4": 0.88, "val_ranking_accuracy_0.5": 0.89, "val_ranking_accuracy_0.6": 0.91, "val_ranking_accuracy_0.7": 0.92, "val_ranking_accuracy_0.8": 0.93, "val_ranking_accuracy_0.9": 0.94, "val_ranking_accuracy_1.0": 0.95, "val_ranking_accuracy_1.1": 0.95, "val_ranking_accuracy_1.2": 0.96, "val_ranking_accuracy_1.3": 0.96, "val_ranking_accuracy_1.4": 0.96, "val_ranking_accuracy_1.5": 0.97, "val_ranking_accuracy_1.6": 0.97, "val_ranking_accuracy_1.7": 0.97, "val_ranking_accuracy_1.8": 0.97, "val_ranking_accuracy_1.9": 0.97, "val_ranking_accuracy_2.0": 0.97, "val_mean_loss": 0.4077939473021145, "val_sum_loss": 127.63950550556183, "timestamp": 1712648999, "checkpoint_dir_name": null, "done": false, "training_iteration": 23, "trial_id": "f062a043", "date": "2024-04-09_09-49-59", "time_this_iter_s": 450.34509801864624, "time_total_s": 10217.258299350739, "pid": 2224775, "hostname": "jyn", "node_ip": "131.130.125.89", "config": {"model": {"hidden_dimension": 64, "modules": {"1": {"times": 3, "parameter": {"dropout": 0.0}}}}, "optimizer": {"base_learning_rate": 0.0001}}, "time_since_restore": 10217.258299350739, "iterations_since_restore": 23}
{"train_mae": 0.38999998569488525, "train_r2": 0.68, "train_spearmanr": 0.84, "train_mse": 0.2800000011920929, "train_rmse": 0.5299999713897705, "train_mean_loss": 0.39104852309593785, "train_sum_loss": 122.00713920593262, "val_mae": 0.4099999964237213, "val_r2": 0.64, "val_spearmanr": 0.84, "val_mse": 0.33000001311302185, "val_rmse": 0.5799999833106995, "val_ranking_accuracy_0.1": 0.83, "val_ranking_accuracy_0.2": 0.85, "val_ranking_accuracy_0.3": 0.87, "val_ranking_accuracy_0.4": 0.89, "val_ranking_accuracy_0.5": 0.9, "val_ranking_accuracy_0.6": 0.91, "val_ranking_accuracy_0.7": 0.92, "val_ranking_accuracy_0.8": 0.92, "val_ranking_accuracy_0.9": 0.93, "val_ranking_accuracy_1.0": 0.94, "val_ranking_accuracy_1.1": 0.95, "val_ranking_accuracy_1.2": 0.96, "val_ranking_accuracy_1.3": 0.96, "val_ranking_accuracy_1.4": 0.97, "val_ranking_accuracy_1.5": 0.97, "val_ranking_accuracy_1.6": 0.97, "val_ranking_accuracy_1.7": 0.97, "val_ranking_accuracy_1.8": 0.96, "val_ranking_accuracy_1.9": 0.96, "val_ranking_accuracy_2.0": 0.96, "val_mean_loss": 0.41070721334161847, "val_sum_loss": 128.5513577759266, "timestamp": 1712649414, "checkpoint_dir_name": null, "done": false, "training_iteration": 24, "trial_id": "f062a043", "date": "2024-04-09_09-56-54", "time_this_iter_s": 415.4030089378357, "time_total_s": 10632.661308288574, "pid": 2224775, "hostname": "jyn", "node_ip": "131.130.125.89", "config": {"model": {"hidden_dimension": 64, "modules": {"1": {"times": 3, "parameter": {"dropout": 0.0}}}}, "optimizer": {"base_learning_rate": 0.0001}}, "time_since_restore": 10632.661308288574, "iterations_since_restore": 24}
{"train_mae": 0.4000000059604645, "train_r2": 0.67, "train_spearmanr": 0.83, "train_mse": 0.2800000011920929, "train_rmse": 0.5299999713897705, "train_mean_loss": 0.39593844688855684, "train_sum_loss": 123.53279542922974, "val_mae": 0.4099999964237213, "val_r2": 0.63, "val_spearmanr": 0.83, "val_mse": 0.3400000035762787, "val_rmse": 0.5799999833106995, "val_ranking_accuracy_0.1": 0.83, "val_ranking_accuracy_0.2": 0.85, "val_ranking_accuracy_0.3": 0.87, "val_ranking_accuracy_0.4": 0.89, "val_ranking_accuracy_0.5": 0.9, "val_ranking_accuracy_0.6": 0.91, "val_ranking_accuracy_0.7": 0.93, "val_ranking_accuracy_0.8": 0.93, "val_ranking_accuracy_0.9": 0.94, "val_ranking_accuracy_1.0": 0.95, "val_ranking_accuracy_1.1": 0.95, "val_ranking_accuracy_1.2": 0.96, "val_ranking_accuracy_1.3": 0.96, "val_ranking_accuracy_1.4": 0.97, "val_ranking_accuracy_1.5": 0.97, "val_ranking_accuracy_1.6": 0.97, "val_ranking_accuracy_1.7": 0.97, "val_ranking_accuracy_1.8": 0.98, "val_ranking_accuracy_1.9": 0.98, "val_ranking_accuracy_2.0": 0.98, "val_mean_loss": 0.41027154813940153, "val_sum_loss": 128.41499456763268, "timestamp": 1712649868, "checkpoint_dir_name": null, "done": false, "training_iteration": 25, "trial_id": "f062a043", "date": "2024-04-09_10-04-28", "time_this_iter_s": 454.01387643814087, "time_total_s": 11086.675184726715, "pid": 2224775, "hostname": "jyn", "node_ip": "131.130.125.89", "config": {"model": {"hidden_dimension": 64, "modules": {"1": {"times": 3, "parameter": {"dropout": 0.0}}}}, "optimizer": {"base_learning_rate": 0.0001}}, "time_since_restore": 11086.675184726715, "iterations_since_restore": 25}
{"train_mae": 0.38999998569488525, "train_r2": 0.68, "train_spearmanr": 0.84, "train_mse": 0.27000001072883606, "train_rmse": 0.5199999809265137, "train_mean_loss": 0.38739432709721416, "train_sum_loss": 120.86703005433083, "val_mae": 0.38999998569488525, "val_r2": 0.67, "val_spearmanr": 0.85, "val_mse": 0.30000001192092896, "val_rmse": 0.550000011920929, "val_ranking_accuracy_0.1": 0.84, "val_ranking_accuracy_0.2": 0.85, "val_ranking_accuracy_0.3": 0.88, "val_ranking_accuracy_0.4": 0.89, "val_ranking_accuracy_0.5": 0.9, "val_ranking_accuracy_0.6": 0.92, "val_ranking_accuracy_0.7": 0.93, "val_ranking_accuracy_0.8": 0.94, "val_ranking_accuracy_0.9": 0.95, "val_ranking_accuracy_1.0": 0.96, "val_ranking_accuracy_1.1": 0.96, "val_ranking_accuracy_1.2": 0.96, "val_ranking_accuracy_1.3": 0.97, "val_ranking_accuracy_1.4": 0.97, "val_ranking_accuracy_1.5": 0.97, "val_ranking_accuracy_1.6": 0.97, "val_ranking_accuracy_1.7": 0.98, "val_ranking_accuracy_1.8": 0.98, "val_ranking_accuracy_1.9": 0.98, "val_ranking_accuracy_2.0": 0.97, "val_mean_loss": 0.3912260987507269, "val_sum_loss": 122.45376890897751, "timestamp": 1712650284, "checkpoint_dir_name": null, "done": false, "training_iteration": 26, "trial_id": "f062a043", "date": "2024-04-09_10-11-24", "time_this_iter_s": 416.3378629684448, "time_total_s": 11503.01304769516, "pid": 2224775, "hostname": "jyn", "node_ip": "131.130.125.89", "config": {"model": {"hidden_dimension": 64, "modules": {"1": {"times": 3, "parameter": {"dropout": 0.0}}}}, "optimizer": {"base_learning_rate": 0.0001}}, "time_since_restore": 11503.01304769516, "iterations_since_restore": 26}
{"train_mae": 0.3799999952316284, "train_r2": 0.7, "train_spearmanr": 0.84, "train_mse": 0.25999999046325684, "train_rmse": 0.5099999904632568, "train_mean_loss": 0.3802070851700428, "train_sum_loss": 118.62461057305336, "val_mae": 0.4000000059604645, "val_r2": 0.63, "val_spearmanr": 0.83, "val_mse": 0.3400000035762787, "val_rmse": 0.5799999833106995, "val_ranking_accuracy_0.1": 0.84, "val_ranking_accuracy_0.2": 0.85, "val_ranking_accuracy_0.3": 0.87, "val_ranking_accuracy_0.4": 0.88, "val_ranking_accuracy_0.5": 0.9, "val_ranking_accuracy_0.6": 0.91, "val_ranking_accuracy_0.7": 0.92, "val_ranking_accuracy_0.8": 0.93, "val_ranking_accuracy_0.9": 0.94, "val_ranking_accuracy_1.0": 0.95, "val_ranking_accuracy_1.1": 0.95, "val_ranking_accuracy_1.2": 0.96, "val_ranking_accuracy_1.3": 0.96, "val_ranking_accuracy_1.4": 0.97, "val_ranking_accuracy_1.5": 0.97, "val_ranking_accuracy_1.6": 0.97, "val_ranking_accuracy_1.7": 0.97, "val_ranking_accuracy_1.8": 0.97, "val_ranking_accuracy_1.9": 0.96, "val_ranking_accuracy_2.0": 0.96, "val_mean_loss": 0.40335373480479936, "val_sum_loss": 126.2497189939022, "timestamp": 1712650730, "checkpoint_dir_name": null, "done": false, "training_iteration": 27, "trial_id": "f062a043", "date": "2024-04-09_10-18-50", "time_this_iter_s": 446.0724411010742, "time_total_s": 11949.085488796234, "pid": 2224775, "hostname": "jyn", "node_ip": "131.130.125.89", "config": {"model": {"hidden_dimension": 64, "modules": {"1": {"times": 3, "parameter": {"dropout": 0.0}}}}, "optimizer": {"base_learning_rate": 0.0001}}, "time_since_restore": 11949.085488796234, "iterations_since_restore": 27}
{"train_mae": 0.3799999952316284, "train_r2": 0.7, "train_spearmanr": 0.84, "train_mse": 0.25999999046325684, "train_rmse": 0.5099999904632568, "train_mean_loss": 0.37799259313406086, "train_sum_loss": 117.933689057827, "val_mae": 0.4000000059604645, "val_r2": 0.65, "val_spearmanr": 0.85, "val_mse": 0.33000001311302185, "val_rmse": 0.5699999928474426, "val_ranking_accuracy_0.1": 0.84, "val_ranking_accuracy_0.2": 0.86, "val_ranking_accuracy_0.3": 0.88, "val_ranking_accuracy_0.4": 0.89, "val_ranking_accuracy_0.5": 0.9, "val_ranking_accuracy_0.6": 0.92, "val_ranking_accuracy_0.7": 0.93, "val_ranking_accuracy_0.8": 0.94, "val_ranking_accuracy_0.9": 0.94, "val_ranking_accuracy_1.0": 0.95, "val_ranking_accuracy_1.1": 0.95, "val_ranking_accuracy_1.2": 0.96, "val_ranking_accuracy_1.3": 0.96, "val_ranking_accuracy_1.4": 0.96, "val_ranking_accuracy_1.5": 0.97, "val_ranking_accuracy_1.6": 0.97, "val_ranking_accuracy_1.7": 0.97, "val_ranking_accuracy_1.8": 0.97, "val_ranking_accuracy_1.9": 0.97, "val_ranking_accuracy_2.0": 0.97, "val_mean_loss": 0.3989320118396808, "val_sum_loss": 124.86571970582008, "timestamp": 1712651154, "checkpoint_dir_name": null, "done": false, "training_iteration": 28, "trial_id": "f062a043", "date": "2024-04-09_10-25-54", "time_this_iter_s": 423.38830399513245, "time_total_s": 12372.473792791367, "pid": 2224775, "hostname": "jyn", "node_ip": "131.130.125.89", "config": {"model": {"hidden_dimension": 64, "modules": {"1": {"times": 3, "parameter": {"dropout": 0.0}}}}, "optimizer": {"base_learning_rate": 0.0001}}, "time_since_restore": 12372.473792791367, "iterations_since_restore": 28}
{"train_mae": 0.3799999952316284, "train_r2": 0.7, "train_spearmanr": 0.85, "train_mse": 0.25999999046325684, "train_rmse": 0.5099999904632568, "train_mean_loss": 0.3778636915943561, "train_sum_loss": 117.89347177743912, "val_mae": 0.4000000059604645, "val_r2": 0.65, "val_spearmanr": 0.84, "val_mse": 0.3199999928474426, "val_rmse": 0.5699999928474426, "val_ranking_accuracy_0.1": 0.84, "val_ranking_accuracy_0.2": 0.86, "val_ranking_accuracy_0.3": 0.87, "val_ranking_accuracy_0.4": 0.89, "val_ranking_accuracy_0.5": 0.9, "val_ranking_accuracy_0.6": 0.91, "val_ranking_accuracy_0.7": 0.92, "val_ranking_accuracy_0.8": 0.93, "val_ranking_accuracy_0.9": 0.94, "val_ranking_accuracy_1.0": 0.95, "val_ranking_accuracy_1.1": 0.95, "val_ranking_accuracy_1.2": 0.96, "val_ranking_accuracy_1.3": 0.96, "val_ranking_accuracy_1.4": 0.97, "val_ranking_accuracy_1.5": 0.97, "val_ranking_accuracy_1.6": 0.97, "val_ranking_accuracy_1.7": 0.97, "val_ranking_accuracy_1.8": 0.97, "val_ranking_accuracy_1.9": 0.97, "val_ranking_accuracy_2.0": 0.97, "val_mean_loss": 0.39769039719630356, "val_sum_loss": 124.47709432244301, "timestamp": 1712651590, "checkpoint_dir_name": null, "done": false, "training_iteration": 29, "trial_id": "f062a043", "date": "2024-04-09_10-33-10", "time_this_iter_s": 436.4501521587372, "time_total_s": 12808.923944950104, "pid": 2224775, "hostname": "jyn", "node_ip": "131.130.125.89", "config": {"model": {"hidden_dimension": 64, "modules": {"1": {"times": 3, "parameter": {"dropout": 0.0}}}}, "optimizer": {"base_learning_rate": 0.0001}}, "time_since_restore": 12808.923944950104, "iterations_since_restore": 29}
{"train_mae": 0.3799999952316284, "train_r2": 0.7, "train_spearmanr": 0.85, "train_mse": 0.25999999046325684, "train_rmse": 0.5099999904632568, "train_mean_loss": 0.37741008639717716, "train_sum_loss": 117.75194695591927, "val_mae": 0.38999998569488525, "val_r2": 0.65, "val_spearmanr": 0.85, "val_mse": 0.3199999928474426, "val_rmse": 0.5600000023841858, "val_ranking_accuracy_0.1": 0.84, "val_ranking_accuracy_0.2": 0.86, "val_ranking_accuracy_0.3": 0.87, "val_ranking_accuracy_0.4": 0.89, "val_ranking_accuracy_0.5": 0.9, "val_ranking_accuracy_0.6": 0.92, "val_ranking_accuracy_0.7": 0.93, "val_ranking_accuracy_0.8": 0.94, "val_ranking_accuracy_0.9": 0.94, "val_ranking_accuracy_1.0": 0.95, "val_ranking_accuracy_1.1": 0.96, "val_ranking_accuracy_1.2": 0.96, "val_ranking_accuracy_1.3": 0.97, "val_ranking_accuracy_1.4": 0.97, "val_ranking_accuracy_1.5": 0.97, "val_ranking_accuracy_1.6": 0.97, "val_ranking_accuracy_1.7": 0.97, "val_ranking_accuracy_1.8": 0.97, "val_ranking_accuracy_1.9": 0.96, "val_ranking_accuracy_2.0": 0.96, "val_mean_loss": 0.3885271865815019, "val_sum_loss": 121.60900940001011, "timestamp": 1712652023, "checkpoint_dir_name": null, "done": false, "training_iteration": 30, "trial_id": "f062a043", "date": "2024-04-09_10-40-23", "time_this_iter_s": 432.2940020561218, "time_total_s": 13241.217947006226, "pid": 2224775, "hostname": "jyn", "node_ip": "131.130.125.89", "config": {"model": {"hidden_dimension": 64, "modules": {"1": {"times": 3, "parameter": {"dropout": 0.0}}}}, "optimizer": {"base_learning_rate": 0.0001}}, "time_since_restore": 13241.217947006226, "iterations_since_restore": 30}
{"train_mae": 0.3700000047683716, "train_r2": 0.71, "train_spearmanr": 0.85, "train_mse": 0.25, "train_rmse": 0.5, "train_mean_loss": 0.3725029934102144, "train_sum_loss": 116.22093394398689, "val_mae": 0.3799999952316284, "val_r2": 0.68, "val_spearmanr": 0.85, "val_mse": 0.30000001192092896, "val_rmse": 0.5400000214576721, "val_ranking_accuracy_0.1": 0.84, "val_ranking_accuracy_0.2": 0.86, "val_ranking_accuracy_0.3": 0.88, "val_ranking_accuracy_0.4": 0.9, "val_ranking_accuracy_0.5": 0.91, "val_ranking_accuracy_0.6": 0.92, "val_ranking_accuracy_0.7": 0.93, "val_ranking_accuracy_0.8": 0.94, "val_ranking_accuracy_0.9": 0.95, "val_ranking_accuracy_1.0": 0.95, "val_ranking_accuracy_1.1": 0.96, "val_ranking_accuracy_1.2": 0.96, "val_ranking_accuracy_1.3": 0.97, "val_ranking_accuracy_1.4": 0.97, "val_ranking_accuracy_1.5": 0.97, "val_ranking_accuracy_1.6": 0.97, "val_ranking_accuracy_1.7": 0.97, "val_ranking_accuracy_1.8": 0.97, "val_ranking_accuracy_1.9": 0.97, "val_ranking_accuracy_2.0": 0.97, "val_mean_loss": 0.37793155385853766, "val_sum_loss": 118.29257635772228, "timestamp": 1712652451, "checkpoint_dir_name": null, "done": false, "training_iteration": 31, "trial_id": "f062a043", "date": "2024-04-09_10-47-31", "time_this_iter_s": 428.330525636673, "time_total_s": 13669.548472642899, "pid": 2224775, "hostname": "jyn", "node_ip": "131.130.125.89", "config": {"model": {"hidden_dimension": 64, "modules": {"1": {"times": 3, "parameter": {"dropout": 0.0}}}}, "optimizer": {"base_learning_rate": 0.0001}}, "time_since_restore": 13669.548472642899, "iterations_since_restore": 31}
{"train_mae": 0.3700000047683716, "train_r2": 0.71, "train_spearmanr": 0.85, "train_mse": 0.25, "train_rmse": 0.5, "train_mean_loss": 0.37309475883077353, "train_sum_loss": 116.40556475520134, "val_mae": 0.3700000047683716, "val_r2": 0.69, "val_spearmanr": 0.86, "val_mse": 0.28999999165534973, "val_rmse": 0.5400000214576721, "val_ranking_accuracy_0.1": 0.85, "val_ranking_accuracy_0.2": 0.87, "val_ranking_accuracy_0.3": 0.88, "val_ranking_accuracy_0.4": 0.9, "val_ranking_accuracy_0.5": 0.92, "val_ranking_accuracy_0.6": 0.93, "val_ranking_accuracy_0.7": 0.94, "val_ranking_accuracy_0.8": 0.94, "val_ranking_accuracy_0.9": 0.95, "val_ranking_accuracy_1.0": 0.95, "val_ranking_accuracy_1.1": 0.96, "val_ranking_accuracy_1.2": 0.96, "val_ranking_accuracy_1.3": 0.97, "val_ranking_accuracy_1.4": 0.97, "val_ranking_accuracy_1.5": 0.97, "val_ranking_accuracy_1.6": 0.97, "val_ranking_accuracy_1.7": 0.97, "val_ranking_accuracy_1.8": 0.97, "val_ranking_accuracy_1.9": 0.97, "val_ranking_accuracy_2.0": 0.97, "val_mean_loss": 0.370622522438677, "val_sum_loss": 116.0048495233059, "timestamp": 1712652890, "checkpoint_dir_name": null, "done": false, "training_iteration": 32, "trial_id": "f062a043", "date": "2024-04-09_10-54-50", "time_this_iter_s": 439.35382175445557, "time_total_s": 14108.902294397354, "pid": 2224775, "hostname": "jyn", "node_ip": "131.130.125.89", "config": {"model": {"hidden_dimension": 64, "modules": {"1": {"times": 3, "parameter": {"dropout": 0.0}}}}, "optimizer": {"base_learning_rate": 0.0001}}, "time_since_restore": 14108.902294397354, "iterations_since_restore": 32}
{"train_mae": 0.3700000047683716, "train_r2": 0.72, "train_spearmanr": 0.86, "train_mse": 0.23999999463558197, "train_rmse": 0.49000000953674316, "train_mean_loss": 0.3658900029766254, "train_sum_loss": 114.15768092870712, "val_mae": 0.3799999952316284, "val_r2": 0.68, "val_spearmanr": 0.86, "val_mse": 0.28999999165534973, "val_rmse": 0.5400000214576721, "val_ranking_accuracy_0.1": 0.85, "val_ranking_accuracy_0.2": 0.87, "val_ranking_accuracy_0.3": 0.88, "val_ranking_accuracy_0.4": 0.9, "val_ranking_accuracy_0.5": 0.92, "val_ranking_accuracy_0.6": 0.93, "val_ranking_accuracy_0.7": 0.93, "val_ranking_accuracy_0.8": 0.94, "val_ranking_accuracy_0.9": 0.95, "val_ranking_accuracy_1.0": 0.96, "val_ranking_accuracy_1.1": 0.96, "val_ranking_accuracy_1.2": 0.96, "val_ranking_accuracy_1.3": 0.97, "val_ranking_accuracy_1.4": 0.97, "val_ranking_accuracy_1.5": 0.97, "val_ranking_accuracy_1.6": 0.97, "val_ranking_accuracy_1.7": 0.97, "val_ranking_accuracy_1.8": 0.97, "val_ranking_accuracy_1.9": 0.97, "val_ranking_accuracy_2.0": 0.97, "val_mean_loss": 0.3788974280364978, "val_sum_loss": 118.59489497542381, "timestamp": 1712653311, "checkpoint_dir_name": null, "done": false, "training_iteration": 33, "trial_id": "f062a043", "date": "2024-04-09_11-01-51", "time_this_iter_s": 420.1548991203308, "time_total_s": 14529.057193517685, "pid": 2224775, "hostname": "jyn", "node_ip": "131.130.125.89", "config": {"model": {"hidden_dimension": 64, "modules": {"1": {"times": 3, "parameter": {"dropout": 0.0}}}}, "optimizer": {"base_learning_rate": 0.0001}}, "time_since_restore": 14529.057193517685, "iterations_since_restore": 33}
{"train_mae": 0.3700000047683716, "train_r2": 0.72, "train_spearmanr": 0.85, "train_mse": 0.25, "train_rmse": 0.5, "train_mean_loss": 0.368258860344306, "train_sum_loss": 114.89676442742348, "val_mae": 0.3799999952316284, "val_r2": 0.67, "val_spearmanr": 0.85, "val_mse": 0.30000001192092896, "val_rmse": 0.550000011920929, "val_ranking_accuracy_0.1": 0.86, "val_ranking_accuracy_0.2": 0.88, "val_ranking_accuracy_0.3": 0.89, "val_ranking_accuracy_0.4": 0.91, "val_ranking_accuracy_0.5": 0.92, "val_ranking_accuracy_0.6": 0.93, "val_ranking_accuracy_0.7": 0.94, "val_ranking_accuracy_0.8": 0.95, "val_ranking_accuracy_0.9": 0.96, "val_ranking_accuracy_1.0": 0.96, "val_ranking_accuracy_1.1": 0.96, "val_ranking_accuracy_1.2": 0.96, "val_ranking_accuracy_1.3": 0.97, "val_ranking_accuracy_1.4": 0.97, "val_ranking_accuracy_1.5": 0.97, "val_ranking_accuracy_1.6": 0.97, "val_ranking_accuracy_1.7": 0.97, "val_ranking_accuracy_1.8": 0.97, "val_ranking_accuracy_1.9": 0.98, "val_ranking_accuracy_2.0": 0.97, "val_mean_loss": 0.38409170389365843, "val_sum_loss": 120.2207033187151, "timestamp": 1712653762, "checkpoint_dir_name": null, "done": false, "training_iteration": 34, "trial_id": "f062a043", "date": "2024-04-09_11-09-22", "time_this_iter_s": 451.3721573352814, "time_total_s": 14980.429350852966, "pid": 2224775, "hostname": "jyn", "node_ip": "131.130.125.89", "config": {"model": {"hidden_dimension": 64, "modules": {"1": {"times": 3, "parameter": {"dropout": 0.0}}}}, "optimizer": {"base_learning_rate": 0.0001}}, "time_since_restore": 14980.429350852966, "iterations_since_restore": 34}
{"train_mae": 0.36000001430511475, "train_r2": 0.72, "train_spearmanr": 0.86, "train_mse": 0.23999999463558197, "train_rmse": 0.49000000953674316, "train_mean_loss": 0.3640850907525955, "train_sum_loss": 113.5945483148098, "val_mae": 0.38999998569488525, "val_r2": 0.66, "val_spearmanr": 0.84, "val_mse": 0.3100000023841858, "val_rmse": 0.550000011920929, "val_ranking_accuracy_0.1": 0.84, "val_ranking_accuracy_0.2": 0.86, "val_ranking_accuracy_0.3": 0.87, "val_ranking_accuracy_0.4": 0.89, "val_ranking_accuracy_0.5": 0.9, "val_ranking_accuracy_0.6": 0.91, "val_ranking_accuracy_0.7": 0.93, "val_ranking_accuracy_0.8": 0.93, "val_ranking_accuracy_0.9": 0.94, "val_ranking_accuracy_1.0": 0.95, "val_ranking_accuracy_1.1": 0.96, "val_ranking_accuracy_1.2": 0.96, "val_ranking_accuracy_1.3": 0.97, "val_ranking_accuracy_1.4": 0.97, "val_ranking_accuracy_1.5": 0.97, "val_ranking_accuracy_1.6": 0.97, "val_ranking_accuracy_1.7": 0.97, "val_ranking_accuracy_1.8": 0.97, "val_ranking_accuracy_1.9": 0.97, "val_ranking_accuracy_2.0": 0.96, "val_mean_loss": 0.3857426226329499, "val_sum_loss": 120.73744088411331, "timestamp": 1712654179, "checkpoint_dir_name": null, "done": false, "training_iteration": 35, "trial_id": "f062a043", "date": "2024-04-09_11-16-19", "time_this_iter_s": 417.43982195854187, "time_total_s": 15397.869172811508, "pid": 2224775, "hostname": "jyn", "node_ip": "131.130.125.89", "config": {"model": {"hidden_dimension": 64, "modules": {"1": {"times": 3, "parameter": {"dropout": 0.0}}}}, "optimizer": {"base_learning_rate": 0.0001}}, "time_since_restore": 15397.869172811508, "iterations_since_restore": 35}
{"train_mae": 0.36000001430511475, "train_r2": 0.73, "train_spearmanr": 0.86, "train_mse": 0.23999999463558197, "train_rmse": 0.49000000953674316, "train_mean_loss": 0.35942773826611346, "train_sum_loss": 112.1414543390274, "val_mae": 0.3799999952316284, "val_r2": 0.69, "val_spearmanr": 0.86, "val_mse": 0.28999999165534973, "val_rmse": 0.5400000214576721, "val_ranking_accuracy_0.1": 0.84, "val_ranking_accuracy_0.2": 0.86, "val_ranking_accuracy_0.3": 0.88, "val_ranking_accuracy_0.4": 0.89, "val_ranking_accuracy_0.5": 0.91, "val_ranking_accuracy_0.6": 0.92, "val_ranking_accuracy_0.7": 0.93, "val_ranking_accuracy_0.8": 0.94, "val_ranking_accuracy_0.9": 0.95, "val_ranking_accuracy_1.0": 0.95, "val_ranking_accuracy_1.1": 0.96, "val_ranking_accuracy_1.2": 0.96, "val_ranking_accuracy_1.3": 0.96, "val_ranking_accuracy_1.4": 0.97, "val_ranking_accuracy_1.5": 0.97, "val_ranking_accuracy_1.6": 0.97, "val_ranking_accuracy_1.7": 0.97, "val_ranking_accuracy_1.8": 0.98, "val_ranking_accuracy_1.9": 0.97, "val_ranking_accuracy_2.0": 0.97, "val_mean_loss": 0.37875114609829535, "val_sum_loss": 118.54910872876644, "timestamp": 1712654637, "checkpoint_dir_name": null, "done": false, "training_iteration": 36, "trial_id": "f062a043", "date": "2024-04-09_11-23-57", "time_this_iter_s": 457.4893088340759, "time_total_s": 15855.358481645584, "pid": 2224775, "hostname": "jyn", "node_ip": "131.130.125.89", "config": {"model": {"hidden_dimension": 64, "modules": {"1": {"times": 3, "parameter": {"dropout": 0.0}}}}, "optimizer": {"base_learning_rate": 0.0001}}, "time_since_restore": 15855.358481645584, "iterations_since_restore": 36}
{"train_mae": 0.36000001430511475, "train_r2": 0.72, "train_spearmanr": 0.86, "train_mse": 0.23999999463558197, "train_rmse": 0.49000000953674316, "train_mean_loss": 0.3647884232684588, "train_sum_loss": 113.81398805975914, "val_mae": 0.4000000059604645, "val_r2": 0.64, "val_spearmanr": 0.85, "val_mse": 0.33000001311302185, "val_rmse": 0.5699999928474426, "val_ranking_accuracy_0.1": 0.85, "val_ranking_accuracy_0.2": 0.86, "val_ranking_accuracy_0.3": 0.88, "val_ranking_accuracy_0.4": 0.9, "val_ranking_accuracy_0.5": 0.91, "val_ranking_accuracy_0.6": 0.93, "val_ranking_accuracy_0.7": 0.94, "val_ranking_accuracy_0.8": 0.94, "val_ranking_accuracy_0.9": 0.95, "val_ranking_accuracy_1.0": 0.96, "val_ranking_accuracy_1.1": 0.96, "val_ranking_accuracy_1.2": 0.97, "val_ranking_accuracy_1.3": 0.97, "val_ranking_accuracy_1.4": 0.97, "val_ranking_accuracy_1.5": 0.97, "val_ranking_accuracy_1.6": 0.97, "val_ranking_accuracy_1.7": 0.98, "val_ranking_accuracy_1.8": 0.98, "val_ranking_accuracy_1.9": 0.97, "val_ranking_accuracy_2.0": 0.97, "val_mean_loss": 0.39793345951043757, "val_sum_loss": 124.55317282676697, "timestamp": 1712655055, "checkpoint_dir_name": null, "done": false, "training_iteration": 37, "trial_id": "f062a043", "date": "2024-04-09_11-30-55", "time_this_iter_s": 418.097510099411, "time_total_s": 16273.455991744995, "pid": 2224775, "hostname": "jyn", "node_ip": "131.130.125.89", "config": {"model": {"hidden_dimension": 64, "modules": {"1": {"times": 3, "parameter": {"dropout": 0.0}}}}, "optimizer": {"base_learning_rate": 0.0001}}, "time_since_restore": 16273.455991744995, "iterations_since_restore": 37}
{"train_mae": 0.36000001430511475, "train_r2": 0.73, "train_spearmanr": 0.86, "train_mse": 0.23000000417232513, "train_rmse": 0.47999998927116394, "train_mean_loss": 0.3557773767851102, "train_sum_loss": 111.00254155695438, "val_mae": 0.4000000059604645, "val_r2": 0.65, "val_spearmanr": 0.85, "val_mse": 0.33000001311302185, "val_rmse": 0.5699999928474426, "val_ranking_accuracy_0.1": 0.86, "val_ranking_accuracy_0.2": 0.88, "val_ranking_accuracy_0.3": 0.89, "val_ranking_accuracy_0.4": 0.91, "val_ranking_accuracy_0.5": 0.92, "val_ranking_accuracy_0.6": 0.93, "val_ranking_accuracy_0.7": 0.93, "val_ranking_accuracy_0.8": 0.94, "val_ranking_accuracy_0.9": 0.94, "val_ranking_accuracy_1.0": 0.95, "val_ranking_accuracy_1.1": 0.96, "val_ranking_accuracy_1.2": 0.96, "val_ranking_accuracy_1.3": 0.97, "val_ranking_accuracy_1.4": 0.97, "val_ranking_accuracy_1.5": 0.97, "val_ranking_accuracy_1.6": 0.97, "val_ranking_accuracy_1.7": 0.98, "val_ranking_accuracy_1.8": 0.98, "val_ranking_accuracy_1.9": 0.98, "val_ranking_accuracy_2.0": 0.98, "val_mean_loss": 0.40113385635823867, "val_sum_loss": 125.55489704012871, "timestamp": 1712655504, "checkpoint_dir_name": null, "done": false, "training_iteration": 38, "trial_id": "f062a043", "date": "2024-04-09_11-38-24", "time_this_iter_s": 448.6803376674652, "time_total_s": 16722.13632941246, "pid": 2224775, "hostname": "jyn", "node_ip": "131.130.125.89", "config": {"model": {"hidden_dimension": 64, "modules": {"1": {"times": 3, "parameter": {"dropout": 0.0}}}}, "optimizer": {"base_learning_rate": 0.0001}}, "time_since_restore": 16722.13632941246, "iterations_since_restore": 38}
{"train_mae": 0.3499999940395355, "train_r2": 0.74, "train_spearmanr": 0.87, "train_mse": 0.23000000417232513, "train_rmse": 0.47999998927116394, "train_mean_loss": 0.35288739185302687, "train_sum_loss": 110.10086625814438, "val_mae": 0.3799999952316284, "val_r2": 0.7, "val_spearmanr": 0.87, "val_mse": 0.2800000011920929, "val_rmse": 0.5299999713897705, "val_ranking_accuracy_0.1": 0.87, "val_ranking_accuracy_0.2": 0.88, "val_ranking_accuracy_0.3": 0.9, "val_ranking_accuracy_0.4": 0.92, "val_ranking_accuracy_0.5": 0.92, "val_ranking_accuracy_0.6": 0.94, "val_ranking_accuracy_0.7": 0.95, "val_ranking_accuracy_0.8": 0.96, "val_ranking_accuracy_0.9": 0.96, "val_ranking_accuracy_1.0": 0.97, "val_ranking_accuracy_1.1": 0.97, "val_ranking_accuracy_1.2": 0.97, "val_ranking_accuracy_1.3": 0.98, "val_ranking_accuracy_1.4": 0.98, "val_ranking_accuracy_1.5": 0.98, "val_ranking_accuracy_1.6": 0.98, "val_ranking_accuracy_1.7": 0.98, "val_ranking_accuracy_1.8": 0.98, "val_ranking_accuracy_1.9": 0.98, "val_ranking_accuracy_2.0": 0.98, "val_mean_loss": 0.3771795334336095, "val_sum_loss": 118.05719396471977, "timestamp": 1712655926, "checkpoint_dir_name": null, "done": true, "training_iteration": 39, "trial_id": "f062a043", "date": "2024-04-09_11-45-26", "time_this_iter_s": 422.3142614364624, "time_total_s": 17144.450590848923, "pid": 2224775, "hostname": "jyn", "node_ip": "131.130.125.89", "config": {"model": {"hidden_dimension": 64, "modules": {"1": {"times": 3, "parameter": {"dropout": 0.0}}}}, "optimizer": {"base_learning_rate": 0.0001}}, "time_since_restore": 17144.450590848923, "iterations_since_restore": 39}
