{"train_mae": 6.179999828338623, "train_r2": -46.37, "train_spearmanr": -0.14, "train_mse": 41.11000061035156, "train_rmse": 6.409999847412109, "train_mean_loss": 6.175924119276878, "train_sum_loss": 1926.888325214386, "val_mae": 6.349999904632568, "val_r2": -46.62, "val_spearmanr": -0.18, "val_mse": 43.709999084472656, "val_rmse": 6.610000133514404, "val_ranking_accuracy_0.1": 0.44, "val_ranking_accuracy_0.2": 0.44, "val_ranking_accuracy_0.3": 0.43, "val_ranking_accuracy_0.4": 0.42, "val_ranking_accuracy_0.5": 0.42, "val_ranking_accuracy_0.6": 0.42, "val_ranking_accuracy_0.7": 0.41, "val_ranking_accuracy_0.8": 0.41, "val_ranking_accuracy_0.9": 0.41, "val_ranking_accuracy_1.0": 0.41, "val_ranking_accuracy_1.1": 0.4, "val_ranking_accuracy_1.2": 0.4, "val_ranking_accuracy_1.3": 0.4, "val_ranking_accuracy_1.4": 0.4, "val_ranking_accuracy_1.5": 0.39, "val_ranking_accuracy_1.6": 0.4, "val_ranking_accuracy_1.7": 0.38, "val_ranking_accuracy_1.8": 0.39, "val_ranking_accuracy_1.9": 0.39, "val_ranking_accuracy_2.0": 0.39, "val_mean_loss": 6.351759031557808, "val_sum_loss": 1988.100576877594, "timestamp": 1712663628, "checkpoint_dir_name": null, "done": false, "training_iteration": 1, "trial_id": "2f90dba9", "date": "2024-04-09_13-53-48", "time_this_iter_s": 1018.4756240844727, "time_total_s": 1018.4756240844727, "pid": 2228928, "hostname": "jyn", "node_ip": "131.130.125.89", "config": {"model": {"hidden_dimension": 64, "modules": {"1": {"times": 6, "parameter": {"dropout": 0.2}}}}, "optimizer": {"base_learning_rate": 0.0001}}, "time_since_restore": 1018.4756240844727, "iterations_since_restore": 1}
{"train_mae": 1.940000057220459, "train_r2": -6.9, "train_spearmanr": 0.22, "train_mse": 6.849999904632568, "train_rmse": 2.619999885559082, "train_mean_loss": 1.9390188549191525, "train_sum_loss": 604.9738827347755, "val_mae": 0.949999988079071, "val_r2": -0.83, "val_spearmanr": 0.38, "val_mse": 1.6799999475479126, "val_rmse": 1.2999999523162842, "val_ranking_accuracy_0.1": 0.64, "val_ranking_accuracy_0.2": 0.64, "val_ranking_accuracy_0.3": 0.65, "val_ranking_accuracy_0.4": 0.66, "val_ranking_accuracy_0.5": 0.66, "val_ranking_accuracy_0.6": 0.67, "val_ranking_accuracy_0.7": 0.67, "val_ranking_accuracy_0.8": 0.68, "val_ranking_accuracy_0.9": 0.69, "val_ranking_accuracy_1.0": 0.69, "val_ranking_accuracy_1.1": 0.7, "val_ranking_accuracy_1.2": 0.71, "val_ranking_accuracy_1.3": 0.71, "val_ranking_accuracy_1.4": 0.72, "val_ranking_accuracy_1.5": 0.73, "val_ranking_accuracy_1.6": 0.73, "val_ranking_accuracy_1.7": 0.73, "val_ranking_accuracy_1.8": 0.73, "val_ranking_accuracy_1.9": 0.73, "val_ranking_accuracy_2.0": 0.73, "val_mean_loss": 0.9541882548850185, "val_sum_loss": 298.6609237790108, "timestamp": 1712664436, "checkpoint_dir_name": null, "done": false, "training_iteration": 2, "trial_id": "2f90dba9", "date": "2024-04-09_14-07-16", "time_this_iter_s": 808.3640840053558, "time_total_s": 1826.8397080898285, "pid": 2228928, "hostname": "jyn", "node_ip": "131.130.125.89", "config": {"model": {"hidden_dimension": 64, "modules": {"1": {"times": 6, "parameter": {"dropout": 0.2}}}}, "optimizer": {"base_learning_rate": 0.0001}}, "time_since_restore": 1826.8397080898285, "iterations_since_restore": 2}
{"train_mae": 0.8500000238418579, "train_r2": -0.53, "train_spearmanr": 0.46, "train_mse": 1.3200000524520874, "train_rmse": 1.149999976158142, "train_mean_loss": 0.8539083472047097, "train_sum_loss": 266.4194043278694, "val_mae": 0.7799999713897705, "val_r2": -0.19, "val_spearmanr": 0.64, "val_mse": 1.100000023841858, "val_rmse": 1.0499999523162842, "val_ranking_accuracy_0.1": 0.74, "val_ranking_accuracy_0.2": 0.76, "val_ranking_accuracy_0.3": 0.77, "val_ranking_accuracy_0.4": 0.78, "val_ranking_accuracy_0.5": 0.79, "val_ranking_accuracy_0.6": 0.8, "val_ranking_accuracy_0.7": 0.81, "val_ranking_accuracy_0.8": 0.82, "val_ranking_accuracy_0.9": 0.84, "val_ranking_accuracy_1.0": 0.85, "val_ranking_accuracy_1.1": 0.86, "val_ranking_accuracy_1.2": 0.86, "val_ranking_accuracy_1.3": 0.87, "val_ranking_accuracy_1.4": 0.88, "val_ranking_accuracy_1.5": 0.88, "val_ranking_accuracy_1.6": 0.89, "val_ranking_accuracy_1.7": 0.9, "val_ranking_accuracy_1.8": 0.9, "val_ranking_accuracy_1.9": 0.91, "val_ranking_accuracy_2.0": 0.92, "val_mean_loss": 0.780835326582479, "val_sum_loss": 244.40145722031593, "timestamp": 1712665222, "checkpoint_dir_name": null, "done": false, "training_iteration": 3, "trial_id": "2f90dba9", "date": "2024-04-09_14-20-22", "time_this_iter_s": 785.9272854328156, "time_total_s": 2612.766993522644, "pid": 2228928, "hostname": "jyn", "node_ip": "131.130.125.89", "config": {"model": {"hidden_dimension": 64, "modules": {"1": {"times": 6, "parameter": {"dropout": 0.2}}}}, "optimizer": {"base_learning_rate": 0.0001}}, "time_since_restore": 2612.766993522644, "iterations_since_restore": 3}
{"train_mae": 0.7099999785423279, "train_r2": -0.05, "train_spearmanr": 0.56, "train_mse": 0.9100000262260437, "train_rmse": 0.949999988079071, "train_mean_loss": 0.7077642164360254, "train_sum_loss": 220.82243552803993, "val_mae": 0.7699999809265137, "val_r2": -0.18, "val_spearmanr": 0.67, "val_mse": 1.0800000429153442, "val_rmse": 1.0399999618530273, "val_ranking_accuracy_0.1": 0.76, "val_ranking_accuracy_0.2": 0.77, "val_ranking_accuracy_0.3": 0.78, "val_ranking_accuracy_0.4": 0.79, "val_ranking_accuracy_0.5": 0.81, "val_ranking_accuracy_0.6": 0.82, "val_ranking_accuracy_0.7": 0.84, "val_ranking_accuracy_0.8": 0.84, "val_ranking_accuracy_0.9": 0.85, "val_ranking_accuracy_1.0": 0.86, "val_ranking_accuracy_1.1": 0.87, "val_ranking_accuracy_1.2": 0.88, "val_ranking_accuracy_1.3": 0.88, "val_ranking_accuracy_1.4": 0.89, "val_ranking_accuracy_1.5": 0.89, "val_ranking_accuracy_1.6": 0.9, "val_ranking_accuracy_1.7": 0.9, "val_ranking_accuracy_1.8": 0.91, "val_ranking_accuracy_1.9": 0.91, "val_ranking_accuracy_2.0": 0.91, "val_mean_loss": 0.7663977295636369, "val_sum_loss": 239.88248935341835, "timestamp": 1712666087, "checkpoint_dir_name": null, "done": false, "training_iteration": 4, "trial_id": "2f90dba9", "date": "2024-04-09_14-34-47", "time_this_iter_s": 864.8164412975311, "time_total_s": 3477.583434820175, "pid": 2228928, "hostname": "jyn", "node_ip": "131.130.125.89", "config": {"model": {"hidden_dimension": 64, "modules": {"1": {"times": 6, "parameter": {"dropout": 0.2}}}}, "optimizer": {"base_learning_rate": 0.0001}}, "time_since_restore": 3477.583434820175, "iterations_since_restore": 4}
{"train_mae": 0.6399999856948853, "train_r2": 0.16, "train_spearmanr": 0.62, "train_mse": 0.7300000190734863, "train_rmse": 0.8500000238418579, "train_mean_loss": 0.6439369005652574, "train_sum_loss": 200.90831297636032, "val_mae": 0.6499999761581421, "val_r2": 0.16, "val_spearmanr": 0.75, "val_mse": 0.7799999713897705, "val_rmse": 0.8799999952316284, "val_ranking_accuracy_0.1": 0.79, "val_ranking_accuracy_0.2": 0.81, "val_ranking_accuracy_0.3": 0.82, "val_ranking_accuracy_0.4": 0.84, "val_ranking_accuracy_0.5": 0.85, "val_ranking_accuracy_0.6": 0.87, "val_ranking_accuracy_0.7": 0.88, "val_ranking_accuracy_0.8": 0.89, "val_ranking_accuracy_0.9": 0.9, "val_ranking_accuracy_1.0": 0.91, "val_ranking_accuracy_1.1": 0.92, "val_ranking_accuracy_1.2": 0.92, "val_ranking_accuracy_1.3": 0.93, "val_ranking_accuracy_1.4": 0.93, "val_ranking_accuracy_1.5": 0.93, "val_ranking_accuracy_1.6": 0.94, "val_ranking_accuracy_1.7": 0.94, "val_ranking_accuracy_1.8": 0.94, "val_ranking_accuracy_1.9": 0.94, "val_ranking_accuracy_2.0": 0.94, "val_mean_loss": 0.6547749807088139, "val_sum_loss": 204.94456896185875, "timestamp": 1712666857, "checkpoint_dir_name": null, "done": false, "training_iteration": 5, "trial_id": "2f90dba9", "date": "2024-04-09_14-47-37", "time_this_iter_s": 770.4540104866028, "time_total_s": 4248.037445306778, "pid": 2228928, "hostname": "jyn", "node_ip": "131.130.125.89", "config": {"model": {"hidden_dimension": 64, "modules": {"1": {"times": 6, "parameter": {"dropout": 0.2}}}}, "optimizer": {"base_learning_rate": 0.0001}}, "time_since_restore": 4248.037445306778, "iterations_since_restore": 5}
{"train_mae": 0.5899999737739563, "train_r2": 0.28, "train_spearmanr": 0.66, "train_mse": 0.6299999952316284, "train_rmse": 0.7900000214576721, "train_mean_loss": 0.5929784855017295, "train_sum_loss": 185.0092874765396, "val_mae": 0.7799999713897705, "val_r2": -0.13, "val_spearmanr": 0.76, "val_mse": 1.0399999618530273, "val_rmse": 1.0199999809265137, "val_ranking_accuracy_0.1": 0.79, "val_ranking_accuracy_0.2": 0.8, "val_ranking_accuracy_0.3": 0.82, "val_ranking_accuracy_0.4": 0.83, "val_ranking_accuracy_0.5": 0.85, "val_ranking_accuracy_0.6": 0.86, "val_ranking_accuracy_0.7": 0.87, "val_ranking_accuracy_0.8": 0.88, "val_ranking_accuracy_0.9": 0.9, "val_ranking_accuracy_1.0": 0.91, "val_ranking_accuracy_1.1": 0.91, "val_ranking_accuracy_1.2": 0.92, "val_ranking_accuracy_1.3": 0.93, "val_ranking_accuracy_1.4": 0.93, "val_ranking_accuracy_1.5": 0.93, "val_ranking_accuracy_1.6": 0.94, "val_ranking_accuracy_1.7": 0.94, "val_ranking_accuracy_1.8": 0.95, "val_ranking_accuracy_1.9": 0.95, "val_ranking_accuracy_2.0": 0.95, "val_mean_loss": 0.7817949235629731, "val_sum_loss": 244.70181107521057, "timestamp": 1712667664, "checkpoint_dir_name": null, "done": false, "training_iteration": 6, "trial_id": "2f90dba9", "date": "2024-04-09_15-01-04", "time_this_iter_s": 806.1204912662506, "time_total_s": 5054.157936573029, "pid": 2228928, "hostname": "jyn", "node_ip": "131.130.125.89", "config": {"model": {"hidden_dimension": 64, "modules": {"1": {"times": 6, "parameter": {"dropout": 0.2}}}}, "optimizer": {"base_learning_rate": 0.0001}}, "time_since_restore": 5054.157936573029, "iterations_since_restore": 6}
{"train_mae": 0.5699999928474426, "train_r2": 0.33, "train_spearmanr": 0.68, "train_mse": 0.5799999833106995, "train_rmse": 0.7599999904632568, "train_mean_loss": 0.5692103786919361, "train_sum_loss": 177.59363815188408, "val_mae": 0.6499999761581421, "val_r2": 0.18, "val_spearmanr": 0.76, "val_mse": 0.7599999904632568, "val_rmse": 0.8700000047683716, "val_ranking_accuracy_0.1": 0.8, "val_ranking_accuracy_0.2": 0.82, "val_ranking_accuracy_0.3": 0.83, "val_ranking_accuracy_0.4": 0.85, "val_ranking_accuracy_0.5": 0.86, "val_ranking_accuracy_0.6": 0.88, "val_ranking_accuracy_0.7": 0.89, "val_ranking_accuracy_0.8": 0.9, "val_ranking_accuracy_0.9": 0.91, "val_ranking_accuracy_1.0": 0.92, "val_ranking_accuracy_1.1": 0.93, "val_ranking_accuracy_1.2": 0.94, "val_ranking_accuracy_1.3": 0.94, "val_ranking_accuracy_1.4": 0.95, "val_ranking_accuracy_1.5": 0.95, "val_ranking_accuracy_1.6": 0.95, "val_ranking_accuracy_1.7": 0.95, "val_ranking_accuracy_1.8": 0.95, "val_ranking_accuracy_1.9": 0.95, "val_ranking_accuracy_2.0": 0.95, "val_mean_loss": 0.6475660777130066, "val_sum_loss": 202.68818232417107, "timestamp": 1712668462, "checkpoint_dir_name": null, "done": false, "training_iteration": 7, "trial_id": "2f90dba9", "date": "2024-04-09_15-14-22", "time_this_iter_s": 797.8864703178406, "time_total_s": 5852.044406890869, "pid": 2228928, "hostname": "jyn", "node_ip": "131.130.125.89", "config": {"model": {"hidden_dimension": 64, "modules": {"1": {"times": 6, "parameter": {"dropout": 0.2}}}}, "optimizer": {"base_learning_rate": 0.0001}}, "time_since_restore": 5852.044406890869, "iterations_since_restore": 7}
{"train_mae": 0.550000011920929, "train_r2": 0.39, "train_spearmanr": 0.7, "train_mse": 0.5299999713897705, "train_rmse": 0.7300000190734863, "train_mean_loss": 0.5489906033453269, "train_sum_loss": 171.285068243742, "val_mae": 0.7400000095367432, "val_r2": -0.06, "val_spearmanr": 0.72, "val_mse": 0.9700000286102295, "val_rmse": 0.9900000095367432, "val_ranking_accuracy_0.1": 0.78, "val_ranking_accuracy_0.2": 0.8, "val_ranking_accuracy_0.3": 0.81, "val_ranking_accuracy_0.4": 0.82, "val_ranking_accuracy_0.5": 0.84, "val_ranking_accuracy_0.6": 0.85, "val_ranking_accuracy_0.7": 0.86, "val_ranking_accuracy_0.8": 0.87, "val_ranking_accuracy_0.9": 0.88, "val_ranking_accuracy_1.0": 0.89, "val_ranking_accuracy_1.1": 0.9, "val_ranking_accuracy_1.2": 0.9, "val_ranking_accuracy_1.3": 0.9, "val_ranking_accuracy_1.4": 0.91, "val_ranking_accuracy_1.5": 0.91, "val_ranking_accuracy_1.6": 0.92, "val_ranking_accuracy_1.7": 0.92, "val_ranking_accuracy_1.8": 0.93, "val_ranking_accuracy_1.9": 0.93, "val_ranking_accuracy_2.0": 0.92, "val_mean_loss": 0.7447729268774819, "val_sum_loss": 233.11392611265182, "timestamp": 1712669246, "checkpoint_dir_name": null, "done": false, "training_iteration": 8, "trial_id": "2f90dba9", "date": "2024-04-09_15-27-26", "time_this_iter_s": 784.9062345027924, "time_total_s": 6636.9506413936615, "pid": 2228928, "hostname": "jyn", "node_ip": "131.130.125.89", "config": {"model": {"hidden_dimension": 64, "modules": {"1": {"times": 6, "parameter": {"dropout": 0.2}}}}, "optimizer": {"base_learning_rate": 0.0001}}, "time_since_restore": 6636.9506413936615, "iterations_since_restore": 8}
{"train_mae": 0.5400000214576721, "train_r2": 0.41, "train_spearmanr": 0.71, "train_mse": 0.5099999904632568, "train_rmse": 0.7200000286102295, "train_mean_loss": 0.5367289762466382, "train_sum_loss": 167.4594405889511, "val_mae": 0.5899999737739563, "val_r2": 0.3, "val_spearmanr": 0.79, "val_mse": 0.6399999856948853, "val_rmse": 0.800000011920929, "val_ranking_accuracy_0.1": 0.81, "val_ranking_accuracy_0.2": 0.84, "val_ranking_accuracy_0.3": 0.85, "val_ranking_accuracy_0.4": 0.87, "val_ranking_accuracy_0.5": 0.88, "val_ranking_accuracy_0.6": 0.89, "val_ranking_accuracy_0.7": 0.9, "val_ranking_accuracy_0.8": 0.91, "val_ranking_accuracy_0.9": 0.92, "val_ranking_accuracy_1.0": 0.93, "val_ranking_accuracy_1.1": 0.93, "val_ranking_accuracy_1.2": 0.94, "val_ranking_accuracy_1.3": 0.94, "val_ranking_accuracy_1.4": 0.94, "val_ranking_accuracy_1.5": 0.95, "val_ranking_accuracy_1.6": 0.95, "val_ranking_accuracy_1.7": 0.95, "val_ranking_accuracy_1.8": 0.96, "val_ranking_accuracy_1.9": 0.96, "val_ranking_accuracy_2.0": 0.96, "val_mean_loss": 0.5865248449313374, "val_sum_loss": 183.5822764635086, "timestamp": 1712670074, "checkpoint_dir_name": null, "done": false, "training_iteration": 9, "trial_id": "2f90dba9", "date": "2024-04-09_15-41-14", "time_this_iter_s": 828.0285346508026, "time_total_s": 7464.979176044464, "pid": 2228928, "hostname": "jyn", "node_ip": "131.130.125.89", "config": {"model": {"hidden_dimension": 64, "modules": {"1": {"times": 6, "parameter": {"dropout": 0.2}}}}, "optimizer": {"base_learning_rate": 0.0001}}, "time_since_restore": 7464.979176044464, "iterations_since_restore": 9}
{"train_mae": 0.5199999809265137, "train_r2": 0.45, "train_spearmanr": 0.73, "train_mse": 0.47999998927116394, "train_rmse": 0.6899999976158142, "train_mean_loss": 0.5210536726965354, "train_sum_loss": 162.56874588131905, "val_mae": 0.6700000166893005, "val_r2": 0.16, "val_spearmanr": 0.79, "val_mse": 0.7699999809265137, "val_rmse": 0.8799999952316284, "val_ranking_accuracy_0.1": 0.82, "val_ranking_accuracy_0.2": 0.84, "val_ranking_accuracy_0.3": 0.85, "val_ranking_accuracy_0.4": 0.86, "val_ranking_accuracy_0.5": 0.87, "val_ranking_accuracy_0.6": 0.88, "val_ranking_accuracy_0.7": 0.9, "val_ranking_accuracy_0.8": 0.91, "val_ranking_accuracy_0.9": 0.92, "val_ranking_accuracy_1.0": 0.93, "val_ranking_accuracy_1.1": 0.94, "val_ranking_accuracy_1.2": 0.94, "val_ranking_accuracy_1.3": 0.95, "val_ranking_accuracy_1.4": 0.95, "val_ranking_accuracy_1.5": 0.96, "val_ranking_accuracy_1.6": 0.96, "val_ranking_accuracy_1.7": 0.96, "val_ranking_accuracy_1.8": 0.97, "val_ranking_accuracy_1.9": 0.97, "val_ranking_accuracy_2.0": 0.97, "val_mean_loss": 0.6715710947688777, "val_sum_loss": 210.2017526626587, "timestamp": 1712670996, "checkpoint_dir_name": null, "done": false, "training_iteration": 10, "trial_id": "2f90dba9", "date": "2024-04-09_15-56-36", "time_this_iter_s": 849.2182741165161, "time_total_s": 8314.19745016098, "pid": 2228928, "hostname": "jyn", "node_ip": "131.130.125.89", "config": {"model": {"hidden_dimension": 64, "modules": {"1": {"times": 6, "parameter": {"dropout": 0.2}}}}, "optimizer": {"base_learning_rate": 0.0001}}, "time_since_restore": 8314.19745016098, "iterations_since_restore": 10}
{"train_mae": 0.5099999904632568, "train_r2": 0.47, "train_spearmanr": 0.73, "train_mse": 0.46000000834465027, "train_rmse": 0.6800000071525574, "train_mean_loss": 0.5118444153131583, "train_sum_loss": 159.69545757770538, "val_mae": 0.6399999856948853, "val_r2": 0.21, "val_spearmanr": 0.74, "val_mse": 0.7200000286102295, "val_rmse": 0.8500000238418579, "val_ranking_accuracy_0.1": 0.78, "val_ranking_accuracy_0.2": 0.8, "val_ranking_accuracy_0.3": 0.82, "val_ranking_accuracy_0.4": 0.83, "val_ranking_accuracy_0.5": 0.84, "val_ranking_accuracy_0.6": 0.86, "val_ranking_accuracy_0.7": 0.87, "val_ranking_accuracy_0.8": 0.88, "val_ranking_accuracy_0.9": 0.89, "val_ranking_accuracy_1.0": 0.9, "val_ranking_accuracy_1.1": 0.91, "val_ranking_accuracy_1.2": 0.91, "val_ranking_accuracy_1.3": 0.92, "val_ranking_accuracy_1.4": 0.93, "val_ranking_accuracy_1.5": 0.93, "val_ranking_accuracy_1.6": 0.93, "val_ranking_accuracy_1.7": 0.93, "val_ranking_accuracy_1.8": 0.94, "val_ranking_accuracy_1.9": 0.93, "val_ranking_accuracy_2.0": 0.93, "val_mean_loss": 0.6396002848498737, "val_sum_loss": 200.19488915801048, "timestamp": 1712671805, "checkpoint_dir_name": null, "done": false, "training_iteration": 11, "trial_id": "2f90dba9", "date": "2024-04-09_16-10-05", "time_this_iter_s": 808.8257646560669, "time_total_s": 9123.023214817047, "pid": 2228928, "hostname": "jyn", "node_ip": "131.130.125.89", "config": {"model": {"hidden_dimension": 64, "modules": {"1": {"times": 6, "parameter": {"dropout": 0.2}}}}, "optimizer": {"base_learning_rate": 0.0001}}, "time_since_restore": 9123.023214817047, "iterations_since_restore": 11}
{"train_mae": 0.5099999904632568, "train_r2": 0.47, "train_spearmanr": 0.73, "train_mse": 0.46000000834465027, "train_rmse": 0.6800000071525574, "train_mean_loss": 0.510375844553495, "train_sum_loss": 159.23726350069046, "val_mae": 0.5899999737739563, "val_r2": 0.3, "val_spearmanr": 0.81, "val_mse": 0.6399999856948853, "val_rmse": 0.800000011920929, "val_ranking_accuracy_0.1": 0.82, "val_ranking_accuracy_0.2": 0.84, "val_ranking_accuracy_0.3": 0.85, "val_ranking_accuracy_0.4": 0.87, "val_ranking_accuracy_0.5": 0.88, "val_ranking_accuracy_0.6": 0.9, "val_ranking_accuracy_0.7": 0.91, "val_ranking_accuracy_0.8": 0.92, "val_ranking_accuracy_0.9": 0.92, "val_ranking_accuracy_1.0": 0.94, "val_ranking_accuracy_1.1": 0.94, "val_ranking_accuracy_1.2": 0.94, "val_ranking_accuracy_1.3": 0.95, "val_ranking_accuracy_1.4": 0.95, "val_ranking_accuracy_1.5": 0.95, "val_ranking_accuracy_1.6": 0.96, "val_ranking_accuracy_1.7": 0.96, "val_ranking_accuracy_1.8": 0.96, "val_ranking_accuracy_1.9": 0.96, "val_ranking_accuracy_2.0": 0.96, "val_mean_loss": 0.5943817860973529, "val_sum_loss": 186.04149904847145, "timestamp": 1712672636, "checkpoint_dir_name": null, "done": false, "training_iteration": 12, "trial_id": "2f90dba9", "date": "2024-04-09_16-23-56", "time_this_iter_s": 831.5119853019714, "time_total_s": 9954.535200119019, "pid": 2228928, "hostname": "jyn", "node_ip": "131.130.125.89", "config": {"model": {"hidden_dimension": 64, "modules": {"1": {"times": 6, "parameter": {"dropout": 0.2}}}}, "optimizer": {"base_learning_rate": 0.0001}}, "time_since_restore": 9954.535200119019, "iterations_since_restore": 12}
{"train_mae": 0.47999998927116394, "train_r2": 0.53, "train_spearmanr": 0.76, "train_mse": 0.4099999964237213, "train_rmse": 0.6399999856948853, "train_mean_loss": 0.48215820888678235, "train_sum_loss": 150.4333611726761, "val_mae": 0.5199999809265137, "val_r2": 0.43, "val_spearmanr": 0.82, "val_mse": 0.5299999713897705, "val_rmse": 0.7300000190734863, "val_ranking_accuracy_0.1": 0.83, "val_ranking_accuracy_0.2": 0.85, "val_ranking_accuracy_0.3": 0.86, "val_ranking_accuracy_0.4": 0.88, "val_ranking_accuracy_0.5": 0.89, "val_ranking_accuracy_0.6": 0.91, "val_ranking_accuracy_0.7": 0.92, "val_ranking_accuracy_0.8": 0.93, "val_ranking_accuracy_0.9": 0.94, "val_ranking_accuracy_1.0": 0.94, "val_ranking_accuracy_1.1": 0.95, "val_ranking_accuracy_1.2": 0.95, "val_ranking_accuracy_1.3": 0.96, "val_ranking_accuracy_1.4": 0.96, "val_ranking_accuracy_1.5": 0.97, "val_ranking_accuracy_1.6": 0.97, "val_ranking_accuracy_1.7": 0.97, "val_ranking_accuracy_1.8": 0.98, "val_ranking_accuracy_1.9": 0.97, "val_ranking_accuracy_2.0": 0.97, "val_mean_loss": 0.5196010338041348, "val_sum_loss": 162.6351235806942, "timestamp": 1712673444, "checkpoint_dir_name": null, "done": false, "training_iteration": 13, "trial_id": "2f90dba9", "date": "2024-04-09_16-37-24", "time_this_iter_s": 807.5535566806793, "time_total_s": 10762.088756799698, "pid": 2228928, "hostname": "jyn", "node_ip": "131.130.125.89", "config": {"model": {"hidden_dimension": 64, "modules": {"1": {"times": 6, "parameter": {"dropout": 0.2}}}}, "optimizer": {"base_learning_rate": 0.0001}}, "time_since_restore": 10762.088756799698, "iterations_since_restore": 13}
{"train_mae": 0.47999998927116394, "train_r2": 0.54, "train_spearmanr": 0.76, "train_mse": 0.4000000059604645, "train_rmse": 0.6299999952316284, "train_mean_loss": 0.4754763839718623, "train_sum_loss": 148.34863179922104, "val_mae": 0.6100000143051147, "val_r2": 0.3, "val_spearmanr": 0.82, "val_mse": 0.6399999856948853, "val_rmse": 0.800000011920929, "val_ranking_accuracy_0.1": 0.82, "val_ranking_accuracy_0.2": 0.84, "val_ranking_accuracy_0.3": 0.85, "val_ranking_accuracy_0.4": 0.87, "val_ranking_accuracy_0.5": 0.89, "val_ranking_accuracy_0.6": 0.9, "val_ranking_accuracy_0.7": 0.92, "val_ranking_accuracy_0.8": 0.93, "val_ranking_accuracy_0.9": 0.93, "val_ranking_accuracy_1.0": 0.94, "val_ranking_accuracy_1.1": 0.95, "val_ranking_accuracy_1.2": 0.95, "val_ranking_accuracy_1.3": 0.96, "val_ranking_accuracy_1.4": 0.96, "val_ranking_accuracy_1.5": 0.96, "val_ranking_accuracy_1.6": 0.96, "val_ranking_accuracy_1.7": 0.96, "val_ranking_accuracy_1.8": 0.97, "val_ranking_accuracy_1.9": 0.97, "val_ranking_accuracy_2.0": 0.96, "val_mean_loss": 0.6086414476362662, "val_sum_loss": 190.5047731101513, "timestamp": 1712674227, "checkpoint_dir_name": null, "done": false, "training_iteration": 14, "trial_id": "2f90dba9", "date": "2024-04-09_16-50-27", "time_this_iter_s": 783.6422600746155, "time_total_s": 11545.731016874313, "pid": 2228928, "hostname": "jyn", "node_ip": "131.130.125.89", "config": {"model": {"hidden_dimension": 64, "modules": {"1": {"times": 6, "parameter": {"dropout": 0.2}}}}, "optimizer": {"base_learning_rate": 0.0001}}, "time_since_restore": 11545.731016874313, "iterations_since_restore": 14}
{"train_mae": 0.4699999988079071, "train_r2": 0.55, "train_spearmanr": 0.77, "train_mse": 0.38999998569488525, "train_rmse": 0.6200000047683716, "train_mean_loss": 0.46710548769587124, "train_sum_loss": 145.73691216111183, "val_mae": 0.6800000071525574, "val_r2": 0.11, "val_spearmanr": 0.75, "val_mse": 0.8199999928474426, "val_rmse": 0.9100000262260437, "val_ranking_accuracy_0.1": 0.79, "val_ranking_accuracy_0.2": 0.81, "val_ranking_accuracy_0.3": 0.82, "val_ranking_accuracy_0.4": 0.84, "val_ranking_accuracy_0.5": 0.85, "val_ranking_accuracy_0.6": 0.86, "val_ranking_accuracy_0.7": 0.87, "val_ranking_accuracy_0.8": 0.88, "val_ranking_accuracy_0.9": 0.89, "val_ranking_accuracy_1.0": 0.9, "val_ranking_accuracy_1.1": 0.91, "val_ranking_accuracy_1.2": 0.92, "val_ranking_accuracy_1.3": 0.93, "val_ranking_accuracy_1.4": 0.93, "val_ranking_accuracy_1.5": 0.93, "val_ranking_accuracy_1.6": 0.94, "val_ranking_accuracy_1.7": 0.94, "val_ranking_accuracy_1.8": 0.94, "val_ranking_accuracy_1.9": 0.94, "val_ranking_accuracy_2.0": 0.94, "val_mean_loss": 0.6779539933600746, "val_sum_loss": 212.19959992170334, "timestamp": 1712675081, "checkpoint_dir_name": null, "done": true, "training_iteration": 15, "trial_id": "2f90dba9", "date": "2024-04-09_17-04-41", "time_this_iter_s": 853.3172957897186, "time_total_s": 12399.048312664032, "pid": 2228928, "hostname": "jyn", "node_ip": "131.130.125.89", "config": {"model": {"hidden_dimension": 64, "modules": {"1": {"times": 6, "parameter": {"dropout": 0.2}}}}, "optimizer": {"base_learning_rate": 0.0001}}, "time_since_restore": 12399.048312664032, "iterations_since_restore": 15}
