{"train_mae": 4.510000228881836, "train_r2": -23.97, "train_spearmanr": 0.03, "train_mse": 21.670000076293945, "train_rmse": 4.659999847412109, "train_mean_loss": 4.512471133317703, "train_sum_loss": 1407.8909935951233, "val_mae": 4.789999961853027, "val_r2": -25.61, "val_spearmanr": -0.17, "val_mse": 24.420000076293945, "val_rmse": 4.940000057220459, "val_ranking_accuracy_0.1": 0.42, "val_ranking_accuracy_0.2": 0.42, "val_ranking_accuracy_0.3": 0.41, "val_ranking_accuracy_0.4": 0.41, "val_ranking_accuracy_0.5": 0.4, "val_ranking_accuracy_0.6": 0.4, "val_ranking_accuracy_0.7": 0.4, "val_ranking_accuracy_0.8": 0.39, "val_ranking_accuracy_0.9": 0.39, "val_ranking_accuracy_1.0": 0.38, "val_ranking_accuracy_1.1": 0.37, "val_ranking_accuracy_1.2": 0.37, "val_ranking_accuracy_1.3": 0.38, "val_ranking_accuracy_1.4": 0.37, "val_ranking_accuracy_1.5": 0.36, "val_ranking_accuracy_1.6": 0.36, "val_ranking_accuracy_1.7": 0.37, "val_ranking_accuracy_1.8": 0.37, "val_ranking_accuracy_1.9": 0.37, "val_ranking_accuracy_2.0": 0.36, "val_mean_loss": 4.794203831364933, "val_sum_loss": 1500.5857992172241, "timestamp": 1712667154, "checkpoint_dir_name": null, "done": false, "training_iteration": 1, "trial_id": "6b949e0c", "date": "2024-04-09_14-52-34", "time_this_iter_s": 600.6429598331451, "time_total_s": 600.6429598331451, "pid": 2229721, "hostname": "jyn", "node_ip": "131.130.125.89", "config": {"model": {"hidden_dimension": 256, "modules": {"1": {"times": 3, "parameter": {"dropout": 0.5}}}}, "optimizer": {"base_learning_rate": 1e-05}}, "time_since_restore": 600.6429598331451, "iterations_since_restore": 1}
{"train_mae": 4.050000190734863, "train_r2": -19.77, "train_spearmanr": 0.01, "train_mse": 18.020000457763672, "train_rmse": 4.239999771118164, "train_mean_loss": 4.054520031580558, "train_sum_loss": 1265.0102498531342, "val_mae": 3.5999999046325684, "val_r2": -15.07, "val_spearmanr": -0.16, "val_mse": 14.75, "val_rmse": 3.8399999141693115, "val_ranking_accuracy_0.1": 0.44, "val_ranking_accuracy_0.2": 0.44, "val_ranking_accuracy_0.3": 0.43, "val_ranking_accuracy_0.4": 0.43, "val_ranking_accuracy_0.5": 0.43, "val_ranking_accuracy_0.6": 0.42, "val_ranking_accuracy_0.7": 0.42, "val_ranking_accuracy_0.8": 0.42, "val_ranking_accuracy_0.9": 0.41, "val_ranking_accuracy_1.0": 0.41, "val_ranking_accuracy_1.1": 0.41, "val_ranking_accuracy_1.2": 0.4, "val_ranking_accuracy_1.3": 0.4, "val_ranking_accuracy_1.4": 0.4, "val_ranking_accuracy_1.5": 0.4, "val_ranking_accuracy_1.6": 0.4, "val_ranking_accuracy_1.7": 0.4, "val_ranking_accuracy_1.8": 0.4, "val_ranking_accuracy_1.9": 0.4, "val_ranking_accuracy_2.0": 0.4, "val_mean_loss": 3.600799628340017, "val_sum_loss": 1127.0502836704254, "timestamp": 1712667598, "checkpoint_dir_name": null, "done": false, "training_iteration": 2, "trial_id": "6b949e0c", "date": "2024-04-09_14-59-58", "time_this_iter_s": 443.5420513153076, "time_total_s": 1044.1850111484528, "pid": 2229721, "hostname": "jyn", "node_ip": "131.130.125.89", "config": {"model": {"hidden_dimension": 256, "modules": {"1": {"times": 3, "parameter": {"dropout": 0.5}}}}, "optimizer": {"base_learning_rate": 1e-05}}, "time_since_restore": 1044.1850111484528, "iterations_since_restore": 2}
{"train_mae": 2.6700000762939453, "train_r2": -9.5, "train_spearmanr": 0.06, "train_mse": 9.100000381469727, "train_rmse": 3.0199999809265137, "train_mean_loss": 2.6669275756829824, "train_sum_loss": 832.0814036130905, "val_mae": 1.7000000476837158, "val_r2": -3.86, "val_spearmanr": 0.18, "val_mse": 4.460000038146973, "val_rmse": 2.109999895095825, "val_ranking_accuracy_0.1": 0.56, "val_ranking_accuracy_0.2": 0.56, "val_ranking_accuracy_0.3": 0.56, "val_ranking_accuracy_0.4": 0.57, "val_ranking_accuracy_0.5": 0.57, "val_ranking_accuracy_0.6": 0.57, "val_ranking_accuracy_0.7": 0.57, "val_ranking_accuracy_0.8": 0.58, "val_ranking_accuracy_0.9": 0.58, "val_ranking_accuracy_1.0": 0.58, "val_ranking_accuracy_1.1": 0.59, "val_ranking_accuracy_1.2": 0.59, "val_ranking_accuracy_1.3": 0.6, "val_ranking_accuracy_1.4": 0.6, "val_ranking_accuracy_1.5": 0.61, "val_ranking_accuracy_1.6": 0.61, "val_ranking_accuracy_1.7": 0.62, "val_ranking_accuracy_1.8": 0.62, "val_ranking_accuracy_1.9": 0.62, "val_ranking_accuracy_2.0": 0.63, "val_mean_loss": 1.6991094305111578, "val_sum_loss": 531.8212517499924, "timestamp": 1712668034, "checkpoint_dir_name": null, "done": false, "training_iteration": 3, "trial_id": "6b949e0c", "date": "2024-04-09_15-07-14", "time_this_iter_s": 436.2953643798828, "time_total_s": 1480.4803755283356, "pid": 2229721, "hostname": "jyn", "node_ip": "131.130.125.89", "config": {"model": {"hidden_dimension": 256, "modules": {"1": {"times": 3, "parameter": {"dropout": 0.5}}}}, "optimizer": {"base_learning_rate": 1e-05}}, "time_since_restore": 1480.4803755283356, "iterations_since_restore": 3}
{"train_mae": 1.590000033378601, "train_r2": -3.69, "train_spearmanr": 0.27, "train_mse": 4.079999923706055, "train_rmse": 2.0199999809265137, "train_mean_loss": 1.5933936947049239, "train_sum_loss": 497.13883274793625, "val_mae": 1.399999976158142, "val_r2": -2.57, "val_spearmanr": 0.31, "val_mse": 3.2799999713897705, "val_rmse": 1.809999942779541, "val_ranking_accuracy_0.1": 0.62, "val_ranking_accuracy_0.2": 0.62, "val_ranking_accuracy_0.3": 0.63, "val_ranking_accuracy_0.4": 0.63, "val_ranking_accuracy_0.5": 0.64, "val_ranking_accuracy_0.6": 0.64, "val_ranking_accuracy_0.7": 0.65, "val_ranking_accuracy_0.8": 0.66, "val_ranking_accuracy_0.9": 0.67, "val_ranking_accuracy_1.0": 0.67, "val_ranking_accuracy_1.1": 0.68, "val_ranking_accuracy_1.2": 0.68, "val_ranking_accuracy_1.3": 0.68, "val_ranking_accuracy_1.4": 0.69, "val_ranking_accuracy_1.5": 0.7, "val_ranking_accuracy_1.6": 0.71, "val_ranking_accuracy_1.7": 0.71, "val_ranking_accuracy_1.8": 0.72, "val_ranking_accuracy_1.9": 0.71, "val_ranking_accuracy_2.0": 0.71, "val_mean_loss": 1.4024089525301997, "val_sum_loss": 438.9540021419525, "timestamp": 1712668462, "checkpoint_dir_name": null, "done": false, "training_iteration": 4, "trial_id": "6b949e0c", "date": "2024-04-09_15-14-22", "time_this_iter_s": 427.84595370292664, "time_total_s": 1908.3263292312622, "pid": 2229721, "hostname": "jyn", "node_ip": "131.130.125.89", "config": {"model": {"hidden_dimension": 256, "modules": {"1": {"times": 3, "parameter": {"dropout": 0.5}}}}, "optimizer": {"base_learning_rate": 1e-05}}, "time_since_restore": 1908.3263292312622, "iterations_since_restore": 4}
{"train_mae": 1.3700000047683716, "train_r2": -2.61, "train_spearmanr": 0.33, "train_mse": 3.140000104904175, "train_rmse": 1.7699999809265137, "train_mean_loss": 1.3744477803508441, "train_sum_loss": 428.82770746946335, "val_mae": 1.2000000476837158, "val_r2": -1.64, "val_spearmanr": 0.36, "val_mse": 2.4200000762939453, "val_rmse": 1.559999942779541, "val_ranking_accuracy_0.1": 0.62, "val_ranking_accuracy_0.2": 0.63, "val_ranking_accuracy_0.3": 0.63, "val_ranking_accuracy_0.4": 0.64, "val_ranking_accuracy_0.5": 0.65, "val_ranking_accuracy_0.6": 0.65, "val_ranking_accuracy_0.7": 0.66, "val_ranking_accuracy_0.8": 0.67, "val_ranking_accuracy_0.9": 0.68, "val_ranking_accuracy_1.0": 0.69, "val_ranking_accuracy_1.1": 0.69, "val_ranking_accuracy_1.2": 0.7, "val_ranking_accuracy_1.3": 0.71, "val_ranking_accuracy_1.4": 0.72, "val_ranking_accuracy_1.5": 0.73, "val_ranking_accuracy_1.6": 0.74, "val_ranking_accuracy_1.7": 0.75, "val_ranking_accuracy_1.8": 0.76, "val_ranking_accuracy_1.9": 0.76, "val_ranking_accuracy_2.0": 0.76, "val_mean_loss": 1.2020822304506271, "val_sum_loss": 376.2517381310463, "timestamp": 1712668914, "checkpoint_dir_name": null, "done": true, "training_iteration": 5, "trial_id": "6b949e0c", "date": "2024-04-09_15-21-54", "time_this_iter_s": 452.1630663871765, "time_total_s": 2360.4893956184387, "pid": 2229721, "hostname": "jyn", "node_ip": "131.130.125.89", "config": {"model": {"hidden_dimension": 256, "modules": {"1": {"times": 3, "parameter": {"dropout": 0.5}}}}, "optimizer": {"base_learning_rate": 1e-05}}, "time_since_restore": 2360.4893956184387, "iterations_since_restore": 5}
